          Programm HIVAP,  Autor  W.Reisdorf   Version fuer "rzri6f" vom  7. 6. 1994

           Bearbeitung F.P.Heßberger
           
(14)N+(159)Tb -> (173)Hf                                                
           

 Unterprogramm SEPENF
 Q-Wert   -11.257 MeV
 Massen aus der Datei "mlz.dat" 

         Exp. Schaleneffekte,  SHELL0=   -1.20
          Hf  169   Hf  170   Hf  171   Hf  172   Hf  173
             -1.53     -1.65     -1.78     -1.91     -2.07
          Lu  168   Lu  169   Lu  170   Lu  171   Lu  172
             -1.27     -1.76     -1.73     -2.10     -2.20
          Yb  167   Yb  168   Yb  169   Yb  170   Yb  171
             -1.65     -1.87     -2.07     -2.28     -2.50
          Tm  166   Tm  167   Tm  168   Tm  169   Tm  170
             -1.69     -2.05     -2.12     -2.46     -2.40
          Er  165   Er  166   Er  167   Er  168   Er  169
             -1.94     -2.23     -2.43     -2.64     -2.73

           BARFAC=   1.000      BAR0=   0.000

          Separationsenergien (BN,BP,BA) und Spaltbarrieren
          Hf  169   Hf  170   Hf  171   Hf  172   Hf  173
              7.43      9.61      7.25      9.04      7.08
              4.94      5.46      5.41      5.86      5.97
             -3.15     -2.92     -2.74     -2.76     -2.54
             26.01     26.53     27.05     27.55     28.06
             -1.19      0.00     -0.99      0.00     -0.80
          Lu  168   Lu  169   Lu  170   Lu  171   Lu  172
              7.64      9.09      7.29      8.59      6.98
              3.77      3.79      4.22      4.35      4.72
             -2.41     -2.42     -2.16     -2.29     -2.15
             27.71     28.58     28.92     29.63     30.07
             -1.67     -1.10     -1.61     -1.02     -1.60
          Yb  167   Yb  168   Yb  169   Yb  170   Yb  171
              7.07      9.06      6.87      8.46      6.61
              5.99      6.33      6.35      6.78      6.80
             -2.15     -1.94     -1.72     -1.74     -1.56
             29.99     30.57     31.12     31.65     32.21
             -1.09      0.00     -0.89      0.00     -0.79
          Tm  166   Tm  167   Tm  168   Tm  169   Tm  170
              7.03      8.73      6.84      8.03      6.59
              4.66      4.91      5.31      5.57      6.16
             -1.73     -1.41     -1.24     -1.20     -0.85
             31.92     32.63     33.04     33.70     33.95
             -1.88     -0.98     -1.48     -0.87     -1.12
          Er  165   Er  166   Er  167   Er  168   Er  169
              6.65      8.48      6.44      7.77      6.00
              6.83      7.32      7.51      8.00      8.15
             -1.11     -0.83     -0.67     -0.55     -0.27
             34.04     34.66     35.17     35.68     36.05
             -1.01      0.00     -0.76      0.00     -0.72

 benutzter Q-Wert   -11.257 MeV    effektiver Q-Wert   -11.257 MeV
1     ENERGY   309.000     0.000

Extra-Push Parameter: E_push =    0.00 MeV   x_eq_m= 0.440   xth= 0.720   Apush=15.000   E_ch=   8.212   xcn= 0.620   x_eq_eff= 0.312
  173.   72.   0.0010    21     1    25    25    35    12    12    20
 DEL     1.0     0.1     0.0     0.0     0.0
 TRANSM  APAR,ZPAR,SIGLOW,UNIT,DEL 173.0  72.0  0.10E-02  21     0.1     4.0    13.0
 SEQIN:PAIR,DELT,CST   4  11.00   1.160 AL=  20.60  20.51  20.51  20.21  23.51 DELTA= -0.80  0.00 -1.60 -0.89 -0.80
 AF/AN=   1.100   BS,BK=   1.2809   1.4870 DPBAR=  26.45 A= 173. Z=  72. Y=   0.378
 SHELL CORRECTIONS        -2.1    -1.9    -2.2    -2.1     0.0
1 NEW ROW

 GRIDS  NROW,NSTEP   1   1
 SUMN,SUMLOW    0.9476E+03    0.0000E+00
 SUMPOP FLOST,SUM,EXMAX,M,N  0.0000E+00  0.9476E+03  272.74   1  74
 SUMPOP FLOST,SUM,EXMAX,M,N  0.0000E+00  0.9476E+03  272.74   1  74
 CUTOFF   NSTEP,TOTAL,TRIM,TRIMJ,TRIME,TRIMLEV   1  0.9476E+03  0.0000E+00  0.0000E+00  0.0000E+00  0.0000E+00
          ICUT,AMX,ALEVEL,IAGAIN   0  0.2569E+02  0.1568E-02  14    CUT,PRCNT  0.100E-07  0.100E+01  M1,N1=   1  74
 CUTOFF OLD,NEW M1   1  55
 DIMENSIONS  55  74   272.7  51  79   265.6  51  79   262.8  51  79   262.3
 DENSTY: JSHAP= 49    JBAR= 84        66.5     7.0
 EVA M1,N1=    55    74
 NOP,NOA,NOF,NOG,KE2MX= 0 0 0 016  NOLEP,NOLJI,NOLJF,JFJI= 1 1 1 1

 EVA  M1*N1  4070    ZEROS  2963    CUTS   560    CUTPOP  0.4738E-05    SUM CUTS  0.1490E-03
 LOSS BELOW YRAST LINE  0.0000E+00
 EVA-,STEP  1
 SEQOUT NROW,NSTEP   1   1         PARENT 173Hf      ELAB   309.0    EXCIT   272.7

 SUMP,SUMLOW    0.5137E+02    0.0000E+00
 WROTE POPP ON UNIT  10               172Lu  
 SUMA,SUMLOW    0.2879E+02    0.0000E+00
 WROTE POPA ON UNIT  12               169Yb  
 TOTAL    0.9476E+03
 FLOST(SUMPOP),TRIM(CUTOFF),RLOST(POPUL),RP 
   0.0000E+00   0.1490E-03   0.0000E+00   0.0000E+00   0.0000E+00   0.0000E+00   0.0000E+00

 J SPECTRUM OF PARENT 173Hf  
    AVERAGE=  47.914    SUM=   0.948E+03
    0.00      1      5      9     13     17     20     24     28     32     36
   10.00     39     43     47     51     54     58     62     66     70     73
   20.00     77     81     85     89     92     96    100    104    108    111
   30.00    115    119    123    127    130    134    138    142    146    149
   40.00    153    157    161    164    168    172    176    180    183    187
   50.00    191    195    199    202    206    210    214    218    221    225
   60.00    229    233    237    240    244    248    252    255    259    263
   70.00    267    271    170      0

 J SPECTRUM OF FISS   173Hf  
    AVERAGE=  47.414    SUM=   0.545E+03
    0.00      0      2      4      7      9     11     13     15     18     20
   10.00     23     26     29     32     35     38     41     44     48     52
   20.00     56     60     65     70     75     81     86     92     99    105
   30.00    112    119    126    134    142    150    158    166    174    183
   40.00    191    199    207    215    222    230    237    244    250    257
   50.00    262    268    272    276    279    280    281    280    277    272
   60.00    265    255    243    229    213    195    176    157    139    122
   70.00    108     94     50      0

 E SPECTRUM OF PARENT 173Hf  
    AVERAGE= 272.737    SUM=   0.948E+03
  268.74      0      0      0      0  10000

 DJN SPEC
    AVERAGE=  -0.963    SUM=   0.322E+03
   -1.00   9630    369      0      0      0      0      0      0      0      0

 DJP SPEC
    AVERAGE=  -0.961    SUM=   0.514E+02
   -1.00   9609    390      0      0      0      0      0      0      0      0

 DJA SPEC
    AVERAGE=  -2.894    SUM=   0.288E+02
   -9.00      0      0      0      0      0      0   9351    334    212    101

   N   M   EXMAX  AV.EX. NW  MW  EXMAXW      Q      AL   DELTA     AVJ      DJ        TOTAL  BRANCH
  74  55   272.7   272.7  76  32   217.7    0.00   20.60   -0.80   47.91    0.00     0.948E+03 10000    
  79  51   265.6   259.0  80  31   211.6   -7.08   20.51    0.00   47.66    0.25     0.322E+03  3403   N
  79  51   262.8   252.1  80  31   208.8   -5.97   20.51   -1.60   46.90    1.01     0.514E+02   542   P
  79  51   262.3   250.5  80  62   208.3    2.54   20.21   -0.89   46.64    1.27     0.288E+02   304   A
                   272.7  74  33   218.7  -28.06   23.51   -0.80   47.41             0.545E+03  5751   F
                                                                                     0.000E+00     0   G

 SPECTRA N,P,A  AVE    6.67   14.68   24.79         SUMS  0.3220E+03  0.5134E+02  0.2878E+02
 SEQIN:PAIR,DELT,CST   4  11.00   1.160 AL=  20.51  20.41  20.41  20.11  23.40 DELTA=  0.00 -0.99 -1.02  0.00  0.00
 AF/AN=   1.100   BS,BK=   1.2807   1.4859 DPBAR=  26.08 A= 172. Z=  72. Y=   0.377
 SHELL CORRECTIONS        -1.9    -1.8    -2.1    -1.9     0.0

 GRIDS  NROW,NSTEP   1   2
 SUMN,SUMLOW    0.3225E+03    0.0000E+00
 SUMPOP FLOST,SUM,EXMAX,M,N  0.0000E+00  0.3225E+03  265.56  51  79
 SUMPOP FLOST,SUM,EXMAX,M,N  0.0000E+00  0.3225E+03  265.56  51  79
 CUTOFF   NSTEP,TOTAL,TRIM,TRIMJ,TRIME,TRIMLEV   2  0.3225E+03  0.0000E+00  0.0000E+00  0.0000E+00  0.0000E+00
          ICUT,AMX,ALEVEL,IAGAIN   0  0.1867E+01  0.8903E-06  21    CUT,PRCNT  0.100E-06  0.100E+01  M1,N1=  51  73
 CUTOFF OLD,NEW M1  51  56
 DIMENSIONS  56  73   265.6  52  78   256.4  52  78   255.7  52  78   255.3
 DENSTY: JSHAP= 49    JBAR= 84        66.5     7.0
 EVA M1,N1=    56    73
 NOP,NOA,NOF,NOG,KE2MX= 0 0 0 016  NOLEP,NOLJI,NOLJF,JFJI= 1 1 1 1

 EVA  M1*N1  4088    ZEROS  1288    CUTS   518    CUTPOP  0.4451E-06    SUM CUTS  0.9503E-05
 LOSS BELOW YRAST LINE  0.0000E+00
 EVA-,STEP  2
 SEQOUT NROW,NSTEP   1   2         PARENT 172Hf      ELAB   309.0    EXCIT   272.7

 SUMP,SUMLOW    0.2301E+02    0.0000E+00
 WROTE POPP ON UNIT  10               171Lu  
 SUMA,SUMLOW    0.1260E+02    0.0000E+00
 WROTE POPA ON UNIT  12               168Yb  
 TOTAL    0.3225E+03
 FLOST(SUMPOP),TRIM(CUTOFF),RLOST(POPUL),RP 
   0.0000E+00   0.9503E-05   0.0000E+00   0.1419E-05   0.7762E-06   0.6315E-03   0.0000E+00

 J SPECTRUM OF PARENT 172Hf  
    AVERAGE=  47.659    SUM=   0.322E+03
    0.00      3      9     15     21     27     33     40     45     51     57
   10.00    129     72     77     82     86     91     95     99    103    106
   20.00    109    111    114    116    117    118    119    119    119    119
   30.00    118    117    116    115    113    111    108    106    104    101
   40.00     99     97     96     94     93     93     92     92     93     94
   50.00     96     99    103    108    114    123    133    146    161    180
   60.00    202    227    256    286    320    355    390    424    456    485
   70.00    513    333      0

 J SPECTRUM OF FISS   172Hf  
    AVERAGE=  48.104    SUM=   0.155E+03
    0.00      1      4      7     11     14     17     21     24     28     32
   10.00     73     43     47     51     55     59     63     67     71     76
   20.00     80     85     89     94     98    103    107    111    115    119
   30.00    123    126    129    131    133    135    137    138    138    138
   40.00    139    139    140    140    141    141    142    144    146    149
   50.00    152    157    163    171    180    191    204    219    236    255
   60.00    275    294    311    325    334    336    331    319    303    283
   70.00    263    147      0

 E SPECTRUM OF PARENT 172Hf  
    AVERAGE= 258.981    SUM=   0.322E+03
  240.56      0     17     21     28     35     45     58     74     95    120
  250.56    152    192    240    298    368    450    547    656    773    896
  260.56   1008   1082   1098    986    665     84

 DJN SPEC
    AVERAGE=  -0.938    SUM=   0.132E+03
   -1.00   9379    620      0      0      0      0      0      0      0      0

 DJP SPEC
    AVERAGE=  -0.934    SUM=   0.230E+02
   -1.00   9343    656      0      0      0      0      0      0      0      0

 DJA SPEC
    AVERAGE=  -2.831    SUM=   0.126E+02
   -9.00      0      0      0      0      0      0   8984    483    384    147

   N   M   EXMAX  AV.EX. NW  MW  EXMAXW      Q      AL   DELTA     AVJ      DJ        TOTAL  BRANCH
  73  56   265.6   259.0  75  33   209.6    0.00   20.51    0.00   47.66    0.00     0.322E+03 10000    
  78  52   256.4   243.3  80  31   201.4   -9.04   20.41   -0.99   46.34    1.32     0.132E+03  4097   N
  78  52   255.7   238.5  80  31   200.7   -5.86   20.41   -1.02   45.44    2.22     0.230E+02   714   P
  78  52   255.3   237.0  80  62   200.3    2.76   20.11    0.00   45.70    1.96     0.126E+02   391   A
                   259.1  73  34   210.6  -27.55   23.40    0.00   48.10             0.155E+03  4799   F
                                                                                     0.000E+00     0   G

 SPECTRA N,P,A  AVE    6.51   14.53   24.60         SUMS  0.1319E+03  0.2300E+02  0.1260E+02
 SEQIN:PAIR,DELT,CST   4  11.00   1.160 AL=  20.41  20.31  20.31  20.01  23.29 DELTA= -0.99  0.00 -1.61 -1.09 -0.99
 AF/AN=   1.100   BS,BK=   1.2805   1.4847 DPBAR=  25.70 A= 171. Z=  72. Y=   0.376
 SHELL CORRECTIONS        -1.8    -1.7    -1.7    -1.6     0.0

 GRIDS  NROW,NSTEP   1   3
 SUMN,SUMLOW    0.1321E+03    0.0000E+00
 SUMPOP FLOST,SUM,EXMAX,M,N  0.0000E+00  0.1321E+03  256.41  52  78
 SUMPOP FLOST,SUM,EXMAX,M,N  0.0000E+00  0.1321E+03  256.41  52  78
 CUTOFF   NSTEP,TOTAL,TRIM,TRIMJ,TRIME,TRIMLEV   3  0.1321E+03  0.1008E-04  0.0000E+00  0.0000E+00  0.1008E-04
          ICUT,AMX,ALEVEL,IAGAIN 209  0.6899E+00  0.6579E-06  20    CUT,PRCNT  0.100E-06  0.100E+01  M1,N1=  52  72
 CUTOFF OLD,NEW M1  52  56
 DIMENSIONS  56  72   256.4  53  77   249.1  53  77   247.0  53  77   246.1
 DENSTY: JSHAP= 49    JBAR= 83        66.0     6.8
 EVA M1,N1=    56    72
 NOP,NOA,NOF,NOG,KE2MX= 0 0 0 016  NOLEP,NOLJI,NOLJF,JFJI= 1 1 1 1

 EVA  M1*N1  4032    ZEROS     2    CUTS   510    CUTPOP  0.3290E-06    SUM CUTS  0.7393E-05
 LOSS BELOW YRAST LINE  0.0000E+00
 EVA-,STEP  3
 SEQOUT NROW,NSTEP   1   3         PARENT 171Hf      ELAB   309.0    EXCIT   272.7

 SUMP,SUMLOW    0.1186E+02    0.0000E+00
 WROTE POPP ON UNIT  10               170Lu  
 SUMA,SUMLOW    0.6297E+01    0.0000E+00
 WROTE POPA ON UNIT  12               167Yb  
 TOTAL    0.1321E+03
 FLOST(SUMPOP),TRIM(CUTOFF),RLOST(POPUL),RP 
   0.0000E+00   0.1748E-04   0.0000E+00   0.1558E-01   0.8987E-02   0.1063E-01   0.0000E+00

 J SPECTRUM OF PARENT 171Hf  
    AVERAGE=  46.342    SUM=   0.132E+03
    0.00      4     13     22     31     40     48     57     65     73     80
   10.00    280    105    111    116    121    125    129    131    134    135
   20.00    136    136    135    134    132    129    126    122    118    113
   30.00    109    104     98     93     87     82     77     71     66     62
   40.00     58     55     52     49     47     46     44     43     43     43
   50.00     45     47     50     54     60     67     78     92    111    135
   60.00    166    205    251    307    373    446    522    599    673    746
   70.00    507      0

 J SPECTRUM OF FISS   171Hf  
    AVERAGE=  48.486    SUM=   0.522E+02
    0.00      2      6     11     15     20     24     29     34     39     43
   10.00    155     61     66     70     75     80     84     88     93     97
   20.00    101    104    108    111    113    116    117    119    119    120
   30.00    120    119    117    115    113    110    106    102     98     95
   40.00     92     89     86     84     82     80     79     79     79     80
   50.00     83     87     92    100    110    123    139    161    189    222
   60.00    260    304    349    397    442    476    498    506    502    491
   70.00    292      0

 E SPECTRUM OF PARENT 171Hf  
    AVERAGE= 243.264    SUM=   0.132E+03
  211.41      0      0      0      0      1      1      2      3      4      6
  221.41      8     12     16     21     28     37     48     62     78     98
  231.41    119    143    169    200    235    274    316    363    412    463
  241.41    514    563    607    643    668    676    664    628    566    480
  251.41    374    258    147     59     11      0

 DJN SPEC
    AVERAGE=  -0.906    SUM=   0.617E+02
   -1.00   9058    941      0      0      0      0      0      0      0      0

 DJP SPEC
    AVERAGE=  -0.901    SUM=   0.119E+02
   -1.00   9006    993      0      0      0      0      0      0      0      0

 DJA SPEC
    AVERAGE=  -2.754    SUM=   0.630E+01
   -9.00      0      0      0      0      0      0   8546    640    616    196

   N   M   EXMAX  AV.EX. NW  MW  EXMAXW      Q      AL   DELTA     AVJ      DJ        TOTAL  BRANCH
  72  56   256.4   243.3  74  33   200.4    0.00   20.41   -0.99   46.34    0.00     0.132E+03 10000    
  77  53   249.1   229.4  80  31   194.1   -7.25   20.31    0.00   44.07    2.28     0.617E+02  4673   N
  77  53   247.0   223.3  80  31   192.0   -5.41   20.31   -1.61   43.05    3.29     0.119E+02   898   P
  77  53   246.1   221.5  80  62   191.1    2.74   20.01   -1.09   43.81    2.54     0.630E+01   477   A
                   243.6  72  34   201.4  -27.05   23.29   -0.99   48.49             0.522E+02  3950   F
                                                                                     0.000E+00     0   G

 SPECTRA N,P,A  AVE    6.35   14.37   24.40         SUMS  0.6164E+02  0.1186E+02  0.6307E+01
 SEQIN:PAIR,DELT,CST   4  11.00   1.160 AL=  20.31  20.21  20.21  19.92  23.17 DELTA=  0.00 -1.19 -1.10  0.00  0.00
 AF/AN=   1.100   BS,BK=   1.2802   1.4834 DPBAR=  25.31 A= 170. Z=  72. Y=   0.375
 SHELL CORRECTIONS        -1.7    -1.5    -1.8    -1.4     0.0

 GRIDS  NROW,NSTEP   1   4
 SUMN,SUMLOW    0.6174E+02    0.0000E+00
 SUMPOP FLOST,SUM,EXMAX,M,N  0.0000E+00  0.6174E+02  249.06  53  77
 SUMPOP FLOST,SUM,EXMAX,M,N  0.0000E+00  0.6174E+02  249.06  53  77
 CUTOFF   NSTEP,TOTAL,TRIM,TRIMJ,TRIME,TRIMLEV   4  0.6174E+02  0.5511E-05  0.0000E+00  0.0000E+00  0.5511E-05
          ICUT,AMX,ALEVEL,IAGAIN  42  0.3163E+00  0.3016E-06  20    CUT,PRCNT  0.100E-06  0.100E+01  M1,N1=  53  71
 CUTOFF OLD,NEW M1  53  57
 DIMENSIONS  57  71   249.1  53  76   239.4  53  76   239.6  53  76   239.0
 DENSTY: JSHAP= 49    JBAR= 82        65.5     6.6
 EVA M1,N1=    57    71
 NOP,NOA,NOF,NOG,KE2MX= 0 0 0 016  NOLEP,NOLJI,NOLJF,JFJI= 1 1 1 1

 EVA  M1*N1  4047    ZEROS    41    CUTS   231    CUTPOP  0.1508E-06    SUM CUTS  0.1295E-04
 LOSS BELOW YRAST LINE  0.0000E+00
 EVA-,STEP  4
 SEQOUT NROW,NSTEP   1   4         PARENT 170Hf      ELAB   309.0    EXCIT   272.7

 SUMP,SUMLOW    0.6572E+01    0.0000E+00
 WROTE POPP ON UNIT  10               169Lu  
 SUMA,SUMLOW    0.3362E+01    0.0000E+00
 WROTE POPA ON UNIT  12               166Yb  
 TOTAL    0.6174E+02
 FLOST(SUMPOP),TRIM(CUTOFF),RLOST(POPUL),RP 
   0.0000E+00   0.1846E-04   0.6596E-05   0.1363E+00   0.7314E-01   0.5334E-01   0.0000E+00

 J SPECTRUM OF PARENT 170Hf  
    AVERAGE=  44.066    SUM=   0.617E+02
    0.00      6     17     29     41     53     64     76     86     96    105
   10.00    497    140    146    151    155    158    159    160    160    158
   20.00    156    153    148    143    137    131    124    116    109    101
   30.00     93     86     78     71     64     57     51     45     40     36
   40.00     32     29     27     25     23     21     20     20     19     20
   50.00     20     22     24     27     31     38     47     60     79    104
   60.00    140    187    248    329    427    539    661    787    915    649

 J SPECTRUM OF FISS   170Hf  
    AVERAGE=  48.944    SUM=   0.205E+02
    0.00      2      8     13     18     24     29     36     42     47     53
   10.00    256     77     81     86     90     95     99    102    105    108
   20.00    111    113    114    115    116    115    114    112    110    108
   30.00    104    100     95     91     85     80     74     69     63     59
   40.00     55     52     49     46     44     42     41     40     40     41
   50.00     43     46     50     57     66     78     96    120    152    194
   60.00    247    312    388    475    562    638    697    737    759    479

 E SPECTRUM OF PARENT 170Hf  
    AVERAGE= 229.410    SUM=   0.617E+02
  193.06      0      0      0      0      1      1      2      2      3      4
  203.06      6      8     10     14     17     22     28     35     44     54
  213.06     66     80     96    114    135    158    183    211    240    271
  223.06    304    337    371    405    437    467    493    514    529    536
  233.06    533    520    496    461    416    362    302    240    179    124
  243.06     77     42     18      6      1      0      0

 DJN SPEC
    AVERAGE=  -0.865    SUM=   0.311E+02
   -1.00   8652   1347      0      0      0      0      0      0      0      0

 DJP SPEC
    AVERAGE=  -0.859    SUM=   0.657E+01
   -1.00   8588   1411      0      0      0      0      0      0      0      0

 DJA SPEC
    AVERAGE=  -2.660    SUM=   0.336E+01
   -9.00      0      0      0      0      0      0   8021    807    921    249

   N   M   EXMAX  AV.EX. NW  MW  EXMAXW      Q      AL   DELTA     AVJ      DJ        TOTAL  BRANCH
  71  57   249.1   229.4  73  34   192.1    0.00   20.31    0.00   44.07    0.00     0.617E+02 10000    
  76  53   239.4   213.4  80  31   183.4   -9.61   20.21   -1.19   40.83    3.24     0.311E+02  5031   N
  76  53   239.6   209.8  80  31   183.6   -5.46   20.21   -1.10   39.83    4.24     0.657E+01  1065   P
  76  53   239.0   208.4  80  62   183.0    2.92   19.92    0.00   40.97    3.09     0.336E+01   545   A
                   230.0  71  35   193.1  -26.53   23.17    0.00   48.94             0.205E+02  3318   F
                                                                                     0.000E+00     0   G

 SPECTRA N,P,A  AVE    6.18   14.21   24.20         SUMS  0.3113E+02  0.6642E+01  0.3415E+01
 SEQIN:PAIR,DELT,CST   4  11.00   1.160 AL=  20.21  20.11  20.11  19.82  23.06 DELTA= -1.19  0.00 -1.67 -1.11 -1.19
 AF/AN=   1.100   BS,BK=   1.2798   1.4818 DPBAR=  24.90 A= 169. Z=  72. Y=   0.373
 SHELL CORRECTIONS        -1.5    -1.4    -1.3    -1.3     0.0

 GRIDS  NROW,NSTEP   1   5
 SUMN,SUMLOW    0.3106E+02    0.0000E+00
 SUMPOP FLOST,SUM,EXMAX,M,N  0.0000E+00  0.3106E+02  239.35  53  76
 SUMPOP FLOST,SUM,EXMAX,M,N  0.0000E+00  0.3106E+02  239.35  53  76
 CUTOFF   NSTEP,TOTAL,TRIM,TRIMJ,TRIME,TRIMLEV   5  0.3106E+02  0.1307E-06  0.0000E+00  0.1307E-06  0.0000E+00
          ICUT,AMX,ALEVEL,IAGAIN  42  0.1506E+00  0.7184E-07  21    CUT,PRCNT  0.100E-06  0.100E+01  M1,N1=  52  70
 CUTOFF OLD,NEW M1  52  58
 DIMENSIONS  58  70   238.4  54  75   230.8  54  75   229.4  54  75   228.5
 DENSTY: JSHAP= 48    JBAR= 82        65.0     6.8
 EVA M1,N1=    58    70
 NOP,NOA,NOF,NOG,KE2MX= 0 0 0 016  NOLEP,NOLJI,NOLJF,JFJI= 1 1 1 1

 EVA  M1*N1  4060    ZEROS     1    CUTS    98    CUTPOP  0.3592E-07    SUM CUTS  0.1489E-05
 LOSS BELOW YRAST LINE  0.0000E+00
 EVA-,STEP  5
 SEQOUT NROW,NSTEP   1   5         PARENT 169Hf      ELAB   309.0    EXCIT   272.7

 SUMP,SUMLOW    0.3796E+01    0.0000E+00
 WROTE POPP ON UNIT  10               168Lu  
 SUMA,SUMLOW    0.1844E+01    0.0000E+00
 WROTE POPA ON UNIT  12               165Yb  
 TOTAL    0.3106E+02
 FLOST(SUMPOP),TRIM(CUTOFF),RLOST(POPUL),RP 
   0.0000E+00   0.1620E-05   0.6097E-05   0.2370E+00   0.1406E+00   0.8695E-01   0.0000E+00

 J SPECTRUM OF PARENT 169Hf  
    AVERAGE=  40.830    SUM=   0.311E+02
    0.00      7     22     37     52     67     80     97    109    121    131
   10.00    790    178    183    187    189    190    189    186    183    178
   20.00    172    164    156    147    138    127    117    107     97     87
   30.00     78     69     60     52     45     38     33     28     24     20
   40.00     18     16     14     12     11     10      9      9      9      9
   50.00     10     10     12     14     17     23     30     42     60     86
   60.00    124    179    256    361    492    645    815    997    738      0

 J SPECTRUM OF FISS   169Hf  
    AVERAGE=  49.303    SUM=   0.873E+01
    0.00      3      9     15     21     27     33     41     47     53     59
   10.00    366     88     92     96    100    104    106    109    111    112
   20.00    113    113    112    111    109    106    103     99     95     90
   30.00     84     79     73     66     60     54     49     43     39     35
   40.00     32     29     27     24     23     21     20     20     20     21
   50.00     22     24     28     33     40     51     67     91    125    172
   60.00    237    323    433    567    707    843    963   1064    712      0

 E SPECTRUM OF PARENT 169Hf  
    AVERAGE= 213.390    SUM=   0.311E+02
  181.35      0      0      0      0      0      0     13     16     20     25
  191.35     30     37     45     54     65     77     90    106    123    142
  201.35    162    185    208    233    259    286    313    339    365    389
  211.35    411    430    446    457    463    463    457    445    426    401
  221.35    369    333    293    251    209    167    128     94     65     42
  231.35     24     13      6      2      0      0      0      0

 DJN SPEC
    AVERAGE=  -0.815    SUM=   0.162E+02
   -1.00   8152   1847      0      0      0      0      0      0      0      0

 DJP SPEC
    AVERAGE=  -0.808    SUM=   0.380E+01
   -1.00   8078   1921      0      0      0      0      0      0      0      0

 DJA SPEC
    AVERAGE=  -2.547    SUM=   0.184E+01
   -9.00      0      0      0      0      0      0   7398    983   1310    307

   N   M   EXMAX  AV.EX. NW  MW  EXMAXW      Q      AL   DELTA     AVJ      DJ        TOTAL  BRANCH
  70  58   238.4   213.4  72  34   180.4    0.00   20.21   -1.19   40.83    0.00     0.311E+02 10000    
  75  54   230.8   199.9  80  31   173.8   -7.43   20.11    0.00   36.81    4.02     0.162E+02  5222   N
  75  54   229.4   195.0  80  31   172.4   -4.94   20.11   -1.67   35.88    4.95     0.380E+01  1222   P
  75  54   228.5   193.4  80  62   171.5    3.15   19.82   -1.11   37.36    3.47     0.184E+01   594   A
                   214.4  70  35   181.4  -26.01   23.06   -1.19   49.30             0.873E+01  2812   F
                                                                                     0.000E+00     0   G

 SPECTRA N,P,A  AVE    6.01   14.04   23.99         SUMS  0.1642E+02  0.3935E+01  0.1931E+01
1    ROW  1      ELEMENT Hf      X-SECTION   0.000E+00
(14)N+(159)Tb -> (173)Hf                                                
 ELAB(MEV)  309.000     Q-VALUE  -11.257    EXCIT  272.737
 SIGFUS,SIGEVA,SIGFIS,SIGMXZ  0.9476E+03  0.0000E+00  0.7812E+03  0.0000E+00
 ZT= 65    AT 159    ZP  7    AP  14


             173Hf     172Hf     171Hf     170Hf     169Hf  
 SIG        0.000E+00 0.000E+00 0.000E+00 0.000E+00 0.000E+00
 B-G               0         0         0         0         0
  R-N           3403      4097      4673      5031      5222
 BR-P            542       714       898      1065      1222
 BR-A            304       391       477       545       594
 BR-F           5751      4799      3950      3318      2812
 SIGF       0.545E+03 0.155E+03 0.522E+02 0.205E+02 0.873E+01
 TOTAL      0.948E+03 0.322E+03 0.132E+03 0.617E+02 0.311E+02
 EXCP          272.7     259.0     243.3     229.4     213.4
 SPINP          47.9      47.7      46.3      44.1      40.8
 EXCF          272.7     259.1     243.6     230.0     214.4
 SPINF          47.4      48.1      48.5      48.9      49.3
 DJN           -0.96     -0.94     -0.91     -0.87     -0.82
 DJP           -0.96     -0.93     -0.90     -0.86     -0.81
 DJA           -2.89     -2.83     -2.75     -2.66     -2.55
 AV.E N         6.67      6.51      6.35      6.18      6.01
 AV.E P        14.68     14.53     14.37     14.21     14.04
 AV.E A        24.79     24.60     24.40     24.20     23.99
 SUM GAM         0.0       0.0       0.0       0.0       0.0
 SPIN GAM        0.0       0.0       0.0       0.0       0.0

 TRIM       0.149E-03 0.950E-05 0.175E-04 0.185E-04 0.162E-05
 FLOST      0.000E+00 0.000E+00 0.000E+00 0.000E+00 0.000E+00
 RP         0.000E+00 0.000E+00 0.000E+00 0.000E+00 0.000E+00
 RLOSTG     0.000E+00 0.000E+00 0.000E+00 0.660E-05 0.610E-05
 RLOSTN     0.000E+00 0.142E-05 0.156E-01 0.136E+00 0.237E+00
 RLOSTP     0.000E+00 0.776E-06 0.899E-02 0.731E-01 0.141E+00
 RLOSTA     0.000E+00 0.632E-03 0.106E-01 0.533E-01 0.870E-01
 TIME              0         0         0         0         0

 STORAGE
  1.  1.  1.  1.  1.
  0.  0.  2.  2.  2.
  172.   71.   0.0010    21     1    25    25    35    12    12    20
 DEL     1.0     0.1     4.0    13.0     0.0
 TRANSM  APAR,ZPAR,SIGLOW,UNIT,DEL 172.0  71.0  0.10E-02  21     0.1     4.0    12.0
 SEQIN:PAIR,DELT,CST   4  11.00   1.160 AL=  20.51  20.41  20.41  20.11  23.42 DELTA= -1.60 -1.02 -0.79 -1.48 -1.60
 AF/AN=   1.100   BS,BK=   1.2819   1.4919 DPBAR=  28.38 A= 172. Z=  71. Y=   0.384
 SHELL CORRECTIONS        -2.2    -2.1    -2.5    -2.1     0.0
1 NEW ROW

 GRIDS  NROW,NSTEP   2   1
 SUMN,SUMLOW    0.0000E+00    0.0000E+00
 GOT POPP FROM UNIT  10      SUMP  0.5137E+02   M,N,EXMAX  51  79   262.8     172Lu      CN= 173Hf  
 SUMPOP FLOST,SUM,EXMAX,M,N  0.0000E+00  0.5137E+02  262.77  51  79
 SUMPOP FLOST,SUM,EXMAX,M,N  0.0000E+00  0.5137E+02  262.77  51  79
 CUTOFF   NSTEP,TOTAL,TRIM,TRIMJ,TRIME,TRIMLEV   1  0.5137E+02  0.0000E+00  0.0000E+00  0.0000E+00  0.0000E+00
          ICUT,AMX,ALEVEL,IAGAIN  42  0.2587E+00  0.1233E-06  21    CUT,PRCNT  0.100E-06  0.100E+01  M1,N1=  51  73
 CUTOFF OLD,NEW M1  51  56
 DIMENSIONS  56  73   262.8  52  78   255.7  52  78   254.1  52  78   252.9
 DENSTY: JSHAP= 49    JBAR= 84        66.5     7.0
 EVA M1,N1=    56    73
 NOP,NOA,NOF,NOG,KE2MX= 0 0 0 016  NOLEP,NOLJI,NOLJF,JFJI= 1 1 1 1

 EVA  M1*N1  4088    ZEROS  1261    CUTS   520    CUTPOP  0.6167E-07    SUM CUTS  0.1140E-05
 LOSS BELOW YRAST LINE  0.0000E+00
 EVA-,STEP  1
 SEQOUT NROW,NSTEP   2   1         PARENT 172Lu      ELAB   309.0    EXCIT   272.7

 SUMP,SUMLOW    0.3548E+01    0.0000E+00
 WROTE POPP ON UNIT  11               171Yb  
 SUMA,SUMLOW    0.2104E+01    0.0000E+00
 WROTE POPA ON UNIT  13               168Tm  
 TOTAL    0.5137E+02
 FLOST(SUMPOP),TRIM(CUTOFF),RLOST(POPUL),RP 
   0.0000E+00   0.1140E-05   0.0000E+00   0.9559E-06   0.3498E-06   0.3805E-03   0.0000E+00

 J SPECTRUM OF PARENT 172Lu  
    AVERAGE=  46.904    SUM=   0.514E+02
    0.00      3      9     16     22     29     35     42     48     54     60
   10.00    137     76     81     86     91     96    100    104    108    111
   20.00    114    117    119    121    123    124    124    124    124    124
   30.00    123    122    120    119    117    114    112    109    106    104
   40.00    101     99     98     96     95     94     93     93     94     95
   50.00     96     99    103    108    114    122    132    144    159    177
   60.00    198    222    249    278    310    343    376    407    436    462
   70.00    487    316      0

 J SPECTRUM OF FISS   172Lu  
    AVERAGE=  48.816    SUM=   0.167E+02
    0.00      1      3      6      8     11     13     16     19     22     25
   10.00     58     34     37     41     44     48     51     55     59     63
   20.00     67     71     76     80     85     90     94     99    104    109
   30.00    113    118    122    126    130    134    137    140    143    145
   40.00    147    150    152    155    157    159    162    165    168    172
   50.00    177    183    190    198    208    219    232    246    262    278
   60.00    294    308    318    325    327    321    310    294    274    254
   70.00    234    132      0

 E SPECTRUM OF PARENT 172Lu  
    AVERAGE= 252.085    SUM=   0.514E+02
  237.77      0     53     67     86    110    139    175    220    273    337
  247.77    413    501    599    705    815    914    989   1009    942    767
  257.77    515    257     86     18      1      0

 DJN SPEC
    AVERAGE=  -0.941    SUM=   0.290E+02
   -1.00   9405    594      0      0      0      0      0      0      0      0

 DJP SPEC
    AVERAGE=  -0.937    SUM=   0.355E+01
   -1.00   9366    633      0      0      0      0      0      0      0      0

 DJA SPEC
    AVERAGE=  -2.836    SUM=   0.210E+01
   -9.00      0      0      0      0      0      0   9010    476    371    140

   N   M   EXMAX  AV.EX. NW  MW  EXMAXW      Q      AL   DELTA     AVJ      DJ        TOTAL  BRANCH
  73  56   262.8   252.1  75  33   206.8    0.00   20.51   -1.60   46.90    0.00     0.514E+02 10000    
  78  52   255.7   238.5  80  31   200.7   -6.98   20.41   -1.02   45.08    1.82     0.290E+02  5641   N
  78  52   254.1   233.0  80  31   199.1   -4.72   20.41   -0.79   44.03    2.87     0.355E+01   691   P
  78  52   252.9   229.9  80  62   197.9    2.15   20.11   -1.48   44.29    2.62     0.210E+01   409   A
                   252.3  73  34   207.8  -30.07   23.42   -1.60   48.82             0.167E+02  3259   F
                                                                                     0.000E+00     0   G

 SPECTRA N,P,A  AVE    6.46   14.35   24.27         SUMS  0.2893E+02  0.3546E+01  0.2104E+01
 SEQIN:PAIR,DELT,CST   4  11.00   1.160 AL=  20.41  20.31  20.31  20.01  23.31 DELTA= -1.02 -1.61  0.00 -0.98 -1.02
 AF/AN=   1.100   BS,BK=   1.2818   1.4913 DPBAR=  28.03 A= 171. Z=  71. Y=   0.383
 SHELL CORRECTIONS        -2.1    -1.7    -2.3    -2.0     0.0

 GRIDS  NROW,NSTEP   2   2
 SUMN,SUMLOW    0.2898E+02    0.0000E+00
 GOT POPP FROM UNIT  10      SUMP  0.2301E+02   M,N,EXMAX  52  78   255.7     171Lu      CN= 173Hf  
 SUMPOP FLOST,SUM,EXMAX,M,N -0.2132E-13  0.5199E+02  255.69  52  78  0.2301E+02  255.69  52  78  0.2898E+02  255.69  52  78  0  0
 SUMPOP FLOST,SUM,EXMAX,M,N  0.0000E+00  0.5199E+02  255.69  52  78
 CUTOFF   NSTEP,TOTAL,TRIM,TRIMJ,TRIME,TRIMLEV   2  0.5199E+02  0.3453E-05  0.0000E+00  0.3453E-05  0.0000E+00
          ICUT,AMX,ALEVEL,IAGAIN  42  0.2348E+00  0.1120E-06  21    CUT,PRCNT  0.100E-06  0.100E+01  M1,N1=  51  72
 CUTOFF OLD,NEW M1  51  56
 DIMENSIONS  56  72   254.7  53  77   246.0  53  77   246.3  53  77   245.0
 DENSTY: JSHAP= 49    JBAR= 84        66.5     7.0
 EVA M1,N1=    56    72
 NOP,NOA,NOF,NOG,KE2MX= 0 0 0 016  NOLEP,NOLJI,NOLJF,JFJI= 1 1 1 1

 EVA  M1*N1  4032    ZEROS    27    CUTS   476    CUTPOP  0.5598E-07    SUM CUTS  0.5255E-05
 LOSS BELOW YRAST LINE  0.0000E+00
 EVA-,STEP  2
 SEQOUT NROW,NSTEP   2   2         PARENT 171Lu      ELAB   309.0    EXCIT   272.7

 SUMP,SUMLOW    0.4176E+01    0.0000E+00
 WROTE POPP ON UNIT  11               170Yb  
 SUMA,SUMLOW    0.2405E+01    0.0000E+00
 WROTE POPA ON UNIT  13               167Tm  
 TOTAL    0.5199E+02
 FLOST(SUMPOP),TRIM(CUTOFF),RLOST(POPUL),RP 
  -0.2132E-13   0.8708E-05   0.1638E-08   0.1473E-01   0.5696E-02   0.9014E-02   0.0000E+00

 J SPECTRUM OF PARENT 171Lu  
    AVERAGE=  45.237    SUM=   0.520E+02
    0.00      4     13     22     31     40     48     57     65     73     81
   10.00    282    106    112    118    123    127    131    135    137    139
   20.00    140    141    141    140    139    137    134    131    127    123
   30.00    119    114    109    104     98     93     87     82     77     72
   40.00     68     64     61     58     56     54     52     51     51     51
   50.00     52     54     57     62     68     76     87    101    120    143
   60.00    173    208    250    300    358    418    481    542    600    656
   70.00    439      0

 J SPECTRUM OF FISS   171Lu  
    AVERAGE=  50.130    SUM=   0.141E+02
    0.00      1      4      7     10     14     17     20     24     27     31
   10.00    110     44     48     51     55     59     62     66     70     74
   20.00     77     81     85     88     92     95     98    101    104    106
   30.00    108    109    110    111    111    110    110    108    107    105
   40.00    104    103    102    101    100     99     99    100    101    103
   50.00    107    112    119    128    140    155    174    198    227    260
   60.00    297    337    377    416    450    472    483    483    473    459
   70.00    271      0

 E SPECTRUM OF PARENT 171Lu  
    AVERAGE= 238.504    SUM=   0.520E+02
  209.69      0      0      1      1      2      3      4      7      9     13
  219.69     18     24     33     43     56     73     92    116    143    175
  229.69    211    250    291    335    383    432    483    532    578    618
  239.69    648    665    664    643    598    532    445    345    242    149
  249.69     77     32      9      2      0      0

 DJN SPEC
    AVERAGE=  -0.911    SUM=   0.313E+02
   -1.00   9109    890      0      0      0      0      0      0      0      0

 DJP SPEC
    AVERAGE=  -0.905    SUM=   0.418E+01
   -1.00   9054    945      0      0      0      0      0      0      0      0

 DJA SPEC
    AVERAGE=  -2.764    SUM=   0.241E+01
   -9.00      0      0      0      0      0      0   8598    629    587    184

   N   M   EXMAX  AV.EX. NW  MW  EXMAXW      Q      AL   DELTA     AVJ      DJ        TOTAL  BRANCH
  72  56   254.7   238.5  74  33   198.7    0.00   20.41   -1.02   45.24    0.00     0.520E+02 10000    
  77  53   246.0   223.4  80  31   191.0   -8.59   20.31   -1.61   42.55    2.68     0.313E+02  6023   N
  77  53   246.3   219.9  80  31   191.3   -4.35   20.31    0.00   41.40    3.83     0.418E+01   803   P
  77  53   245.0   216.7  80  62   190.0    2.29   20.01   -0.98   42.11    3.13     0.241E+01   463   A
                   239.0  72  34   199.7  -29.63   23.31   -1.02   50.13             0.141E+02  2705   F
                                                                                     0.000E+00     0   G

 SPECTRA N,P,A  AVE    6.30   14.20   24.08         SUMS  0.3127E+02  0.4180E+01  0.2414E+01
 SEQIN:PAIR,DELT,CST   4  11.00   1.160 AL=  20.31  20.21  20.21  19.92  23.20 DELTA= -1.61 -1.10 -0.89 -1.88 -1.61
 AF/AN=   1.100   BS,BK=   1.2817   1.4907 DPBAR=  27.67 A= 170. Z=  71. Y=   0.382
 SHELL CORRECTIONS        -1.7    -1.8    -2.1    -1.7     0.0

 GRIDS  NROW,NSTEP   2   3
 SUMN,SUMLOW    0.3131E+02    0.0000E+00
 GOT POPP FROM UNIT  10      SUMP  0.1186E+02   M,N,EXMAX  53  77   247.0     170Lu      CN= 173Hf  
 SUMPOP FLOST,SUM,EXMAX,M,N -0.5684E-13  0.4317E+02  247.00  54  75  0.1186E+02  247.00  53  77  0.3131E+02  246.00  53  77  0 -1
 SUMPOP FLOST,SUM,EXMAX,M,N  0.0000E+00  0.4317E+02  247.00  54  75
 CUTOFF   NSTEP,TOTAL,TRIM,TRIMJ,TRIME,TRIMLEV   3  0.4317E+02  0.4379E-05  0.0000E+00  0.8404E-06  0.3539E-05
          ICUT,AMX,ALEVEL,IAGAIN  47  0.1856E+00  0.1770E-06  20    CUT,PRCNT  0.100E-06  0.100E+01  M1,N1=  52  71
 CUTOFF OLD,NEW M1  52  57
 DIMENSIONS  57  71   245.0  53  76   237.6  53  76   236.8  53  76   235.2
 DENSTY: JSHAP= 49    JBAR= 83        66.0     6.8
 EVA M1,N1=    57    71
 NOP,NOA,NOF,NOG,KE2MX= 0 0 0 016  NOLEP,NOLJI,NOLJF,JFJI= 1 1 1 1

 EVA  M1*N1  4047    ZEROS    44    CUTS   189    CUTPOP  0.8849E-07    SUM CUTS  0.8039E-05
 LOSS BELOW YRAST LINE  0.0000E+00
 EVA-,STEP  3
 SEQOUT NROW,NSTEP   2   3         PARENT 170Lu      ELAB   309.0    EXCIT   272.7

 SUMP,SUMLOW    0.3965E+01    0.0000E+00
 WROTE POPP ON UNIT  11               169Yb  
 SUMA,SUMLOW    0.2200E+01    0.0000E+00
 WROTE POPA ON UNIT  13               166Tm  
 TOTAL    0.4317E+02
 FLOST(SUMPOP),TRIM(CUTOFF),RLOST(POPUL),RP 
  -0.5684E-13   0.1242E-04   0.3622E-05   0.1546E+00   0.5642E-01   0.5423E-01   0.0000E+00

 J SPECTRUM OF PARENT 170Lu  
    AVERAGE=  42.690    SUM=   0.432E+02
    0.00      5     17     28     40     51     62     74     84     94    103
   10.00    489    139    145    151    156    159    162    164    164    164
   20.00    163    161    158    154    149    144    138    131    124    117
   30.00    110    102     95     87     80     73     66     60     54     49
   40.00     45     41     38     35     33     31     30     29     28     28
   50.00     29     31     33     37     42     50     60     74     94    120
   60.00    154    198    253    322    403    491    584    677    771    535

 J SPECTRUM OF FISS   170Lu  
    AVERAGE=  50.738    SUM=   0.951E+01
    0.00      1      5      9     12     16     20     24     28     32     36
   10.00    176     54     57     61     65     68     72     75     78     82
   20.00     85     88     90     93     95     96     98     98     99     99
   30.00     99     98     96     94     92     89     86     82     79     76
   40.00     74     71     69     66     65     63     62     62     63     65
   50.00     68     72     79     87     99    115    137    166    202    247
   60.00    300    361    429    502    568    621    658    679    687    425

 E SPECTRUM OF PARENT 170Lu  
    AVERAGE= 223.393    SUM=   0.432E+02
  189.00      0      0      0      0      0      1      2      3      5      7
  199.00      9     12     15     20     25     32     40     50     62     76
  209.00     93    111    133    157    183    212    244    277    311    346
  219.00    382    416    448    477    502    521    533    537    531    515
  229.00    488    451    405    351    293    233    175    123     80     47
  239.00     24     10      4      1      0      0      0

 DJN SPEC
    AVERAGE=  -0.875    SUM=   0.272E+02
   -1.00   8754   1245      0      0      0      0      0      0      0      0

 DJP SPEC
    AVERAGE=  -0.868    SUM=   0.396E+01
   -1.00   8683   1316      0      0      0      0      0      0      0      0

 DJA SPEC
    AVERAGE=  -2.681    SUM=   0.220E+01
   -9.00      0      0      0      0      0      0   8129    782    859    228

   N   M   EXMAX  AV.EX. NW  MW  EXMAXW      Q      AL   DELTA     AVJ      DJ        TOTAL  BRANCH
  71  57   245.0   223.4  73  34   188.0    0.00   20.31   -1.61   42.69    0.00     0.432E+02 10000    
  76  53   237.6   209.8  80  31   181.6   -7.29   20.21   -1.10   39.62    3.07     0.272E+02  6308   N
  76  53   236.8   205.4  80  31   180.8   -4.22   20.21   -0.89   38.43    4.26     0.396E+01   918   P
  76  53   235.2   202.2  80  62   179.2    2.16   19.92   -1.88   39.49    3.20     0.220E+01   510   A
                   224.2  71  35   189.0  -28.92   23.20   -1.61   50.74             0.951E+01  2203   F
                                                                                     0.000E+00     0   G

 SPECTRA N,P,A  AVE    6.14   14.04   23.88         SUMS  0.2733E+02  0.4019E+01  0.2254E+01
 SEQIN:PAIR,DELT,CST   4  11.00   1.160 AL=  20.21  20.11  20.11  19.82  23.09 DELTA= -1.10 -1.67  0.00 -1.11 -1.10
 AF/AN=   1.100   BS,BK=   1.2815   1.4899 DPBAR=  27.30 A= 169. Z=  71. Y=   0.381
 SHELL CORRECTIONS        -1.8    -1.3    -1.9    -1.5     0.0

 GRIDS  NROW,NSTEP   2   4
 SUMN,SUMLOW    0.2723E+02    0.0000E+00
 GOT POPP FROM UNIT  10      SUMP  0.6572E+01   M,N,EXMAX  53  76   239.6     169Lu      CN= 173Hf  
 SUMPOP FLOST,SUM,EXMAX,M,N  0.4263E-13  0.3380E+02  239.61  55  74  0.6572E+01  239.61  53  76  0.2723E+02  237.61  53  76  0 -2
 SUMPOP FLOST,SUM,EXMAX,M,N  0.0000E+00  0.3380E+02  239.61  55  74
 CUTOFF   NSTEP,TOTAL,TRIM,TRIMJ,TRIME,TRIMLEV   4  0.3380E+02  0.4681E-05  0.0000E+00  0.1979E-05  0.2703E-05
          ICUT,AMX,ALEVEL,IAGAIN  48  0.1369E+00  0.1306E-06  20    CUT,PRCNT  0.100E-06  0.100E+01  M1,N1=  51  70
 CUTOFF OLD,NEW M1  51  58
 DIMENSIONS  58  70   235.6  54  75   226.4  54  75   227.8  54  75   226.0
 DENSTY: JSHAP= 49    JBAR= 83        66.0     6.8
 EVA M1,N1=    58    70
 NOP,NOA,NOF,NOG,KE2MX= 0 0 0 016  NOLEP,NOLJI,NOLJF,JFJI= 1 1 1 1

 EVA  M1*N1  4060    ZEROS    44    CUTS    81    CUTPOP  0.6528E-07    SUM CUTS  0.2212E-05
 LOSS BELOW YRAST LINE  0.0000E+00
 EVA-,STEP  4
 SEQOUT NROW,NSTEP   2   4         PARENT 169Lu      ELAB   309.0    EXCIT   272.7

 SUMP,SUMLOW    0.3416E+01    0.0000E+00
 WROTE POPP ON UNIT  11               168Yb  
 SUMA,SUMLOW    0.1808E+01    0.0000E+00
 WROTE POPA ON UNIT  13               165Tm  
 TOTAL    0.3380E+02
 FLOST(SUMPOP),TRIM(CUTOFF),RLOST(POPUL),RP 
   0.4263E-13   0.6894E-05   0.1391E-06   0.2960E+00   0.1219E+00   0.1012E+00   0.0000E+00

 J SPECTRUM OF PARENT 169Lu  
    AVERAGE=  39.659    SUM=   0.338E+02
    0.00      7     21     35     49     62     75     91    103    114    125
   10.00    758    173    179    184    187    189    190    189    188    184
   20.00    180    175    169    162    154    145    136    127    117    108
   30.00     98     89     80     72     64     56     49     43     38     34
   40.00     30     27     24     22     20     18     17     17     16     16
   50.00     17     18     21     24     28     35     45     59     79    107
   60.00    146    198    267    355    460    576    700    829    596      0

 J SPECTRUM OF FISS   169Lu  
    AVERAGE=  52.208    SUM=   0.652E+01
    0.00      1      5      9     12     16     20     25     29     32     36
   10.00    229     56     59     62     65     68     71     74     76     78
   20.00     80     82     83     84     85     85     84     84     83     81
   30.00     79     77     74     71     67     63     59     56     52     50
   40.00     47     45     42     40     39     37     37     37     37     39
   50.00     41     45     51     59     71     87    110    142    185    242
   60.00    314    403    511    630    746    849    932    996    647      0

 E SPECTRUM OF PARENT 169Lu  
    AVERAGE= 209.840    SUM=   0.338E+02
  178.61      0      0      0      0      0      0      0     14     17     28
  188.61     34     42     50     61     73     86    102    119    138    160
  198.61    182    207    233    260    288    316    344    370    395    418
  208.61    438    453    464    469    469    462    448    428    401    369
  218.61    332    292    250    208    167    129     95     67     44     27
  228.61     15      8      3      1      0      0      0      0

 DJN SPEC
    AVERAGE=  -0.831    SUM=   0.215E+02
   -1.00   8311   1688      0      0      0      0      0      0      0      0

 DJP SPEC
    AVERAGE=  -0.823    SUM=   0.342E+01
   -1.00   8230   1769      0      0      0      0      0      0      0      0

 DJA SPEC
    AVERAGE=  -2.581    SUM=   0.181E+01
   -9.00      0      0      0      0      0      0   7567    948   1208    276

   N   M   EXMAX  AV.EX. NW  MW  EXMAXW      Q      AL   DELTA     AVJ      DJ        TOTAL  BRANCH
  70  58   235.6   209.8  72  34   177.6    0.00   20.21   -1.10   39.66    0.00     0.338E+02 10000    
  75  54   226.4   194.8  80  31   169.4   -9.09   20.11   -1.67   35.94    3.72     0.215E+02  6371   N
  75  54   227.8   192.9  80  31   170.8   -3.79   20.11    0.00   34.83    4.83     0.342E+01  1011   P
  75  54   226.0   189.6  80  62   169.0    2.42   19.82   -1.11   36.15    3.50     0.181E+01   535   A
                   211.0  70  35   178.6  -28.58   23.09   -1.10   52.21             0.652E+01  1930   F
                                                                                     0.000E+00     0   G

 SPECTRA N,P,A  AVE    5.97   13.88   23.69         SUMS  0.2179E+02  0.3537E+01  0.1909E+01
 SEQIN:PAIR,DELT,CST   4  11.00   1.160 AL=  20.11  20.01  20.01  19.72  22.98 DELTA= -1.67 -1.24 -1.09 -2.12 -1.67
 AF/AN=   1.100   BS,BK=   1.2814   1.4891 DPBAR=  26.91 A= 168. Z=  71. Y=   0.381
 SHELL CORRECTIONS        -1.3    -1.4    -1.6    -1.3     0.0

 GRIDS  NROW,NSTEP   2   5
 SUMN,SUMLOW    0.2154E+02    0.0000E+00
 GOT POPP FROM UNIT  10      SUMP  0.3796E+01   M,N,EXMAX  54  75   229.4     168Lu      CN= 173Hf  
 SUMPOP FLOST,SUM,EXMAX,M,N  0.9234E-01  0.2524E+02  229.42  56  73  0.3796E+01  229.42  54  75  0.2154E+02  226.42  54  75  0 -3
 SUMPOP FLOST,SUM,EXMAX,M,N  0.0000E+00  0.2524E+02  229.42  56  73
 CUTOFF   NSTEP,TOTAL,TRIM,TRIMJ,TRIME,TRIMLEV   5  0.2524E+02  0.1616E-05  0.0000E+00  0.1616E-05  0.0000E+00
          ICUT,AMX,ALEVEL,IAGAIN  48  0.1200E+00  0.5722E-07  21    CUT,PRCNT  0.100E-06  0.100E+01  M1,N1=  51  69
 CUTOFF OLD,NEW M1  51  59
 DIMENSIONS  59  69   224.4  55  74   216.7  55  74   216.7  55  74   214.8
 DENSTY: JSHAP= 48    JBAR= 82        65.0     6.8
 EVA M1,N1=    59    69
 NOP,NOA,NOF,NOG,KE2MX= 0 0 0 016  NOLEP,NOLJI,NOLJF,JFJI= 1 1 1 1

 EVA  M1*N1  4071    ZEROS     0    CUTS   125    CUTPOP  0.2861E-07    SUM CUTS  0.7483E-06
 LOSS BELOW YRAST LINE  0.0000E+00
 EVA-,STEP  5
 SEQOUT NROW,NSTEP   2   5         PARENT 168Lu      ELAB   309.0    EXCIT   272.7

 SUMP,SUMLOW    0.2877E+01    0.0000E+00
 WROTE POPP ON UNIT  11               167Yb  
 SUMA,SUMLOW    0.1445E+01    0.0000E+00
 WROTE POPA ON UNIT  13               164Tm  
 TOTAL    0.2524E+02
 FLOST(SUMPOP),TRIM(CUTOFF),RLOST(POPUL),RP 
   0.9234E-01   0.2364E-05   0.2392E-06   0.3747E+00   0.1804E+00   0.1379E+00   0.0000E+00

 J SPECTRUM OF PARENT 168Lu  
    AVERAGE=  35.945    SUM=   0.252E+02
    0.00      8     25     42     59     75     90    109    124    137    149
   10.00   1105    210    215    218    219    219    217    214    209    202
   20.00    195    186    177    166    155    143    132    120    109     98
   30.00     87     77     67     59     50     43     37     31     27     23
   40.00     20     18     16     14     12     11     11     10     10     10
   50.00     11     12     14     16     21     27     36     51     71    101
   60.00    145    206    288    394    520    663    818    610      0

 J SPECTRUM OF FISS   168Lu  
    AVERAGE=  51.635    SUM=   0.372E+01
    0.00      2      6     10     14     18     23     28     33     37     41
   10.00    318     65     68     71     74     76     78     80     82     83
   20.00     84     85     85     85     84     83     82     80     77     75
   30.00     71     68     64     59     55     51     47     43     40     37
   40.00     35     32     30     28     27     26     25     25     26     27
   50.00     30     33     39     47     58     75    100    136    185    252
   60.00    342    458    602    760    919   1068   1201    817      1

 E SPECTRUM OF PARENT 168Lu  
    AVERAGE= 194.885    SUM=   0.252E+02
  166.42      0      0      0      0      0      0      0      0     45     55
  176.42     78     92    106    123    140    159    180    201    224    247
  186.42    271    295    319    341    363    382    399    413    424    431
  196.42    433    431    423    411    395    373    348    319    288    255
  206.42    221    188    155    125     98     74     54     38     25     16
  216.42      9      5      2      1      0      0      0      0      0

 DJN SPEC
    AVERAGE=  -0.784    SUM=   0.165E+02
   -1.00   7835   2164      0      0      0      0      0      0      0      0

 DJP SPEC
    AVERAGE=  -0.775    SUM=   0.288E+01
   -1.00   7745   2254      0      0      0      0      0      0      0      0

 DJA SPEC
    AVERAGE=  -2.475    SUM=   0.145E+01
   -9.00      0      0      0      0      0      0   6987   1091   1599    320

   N   M   EXMAX  AV.EX. NW  MW  EXMAXW      Q      AL   DELTA     AVJ      DJ        TOTAL  BRANCH
  69  59   224.4   194.9  71  35   165.4    0.00   20.11   -1.67   35.95    0.00     0.252E+02 10000    
  74  55   216.7   181.6  80  31   158.7   -7.64   20.01   -1.24   32.60    3.35     0.165E+02  6538   N
  74  55   216.7   178.6  80  31   158.7   -3.77   20.01   -1.09   31.56    4.39     0.288E+01  1140   P
  74  55   214.8   175.5  80  62   156.8    2.41   19.72   -2.12   33.03    2.92     0.145E+01   573   A
                   196.4  69  36   166.4  -27.71   22.98   -1.67   51.63             0.372E+01  1475   F
                                                                                     0.000E+00     0   G

 SPECTRA N,P,A  AVE    5.80   13.70   23.48         SUMS  0.1684E+02  0.3057E+01  0.1583E+01
1    ROW  2      ELEMENT Lu      X-SECTION   0.000E+00
(14)N+(159)Tb -> (173)Hf                                                
 ELAB(MEV)  309.000     Q-VALUE  -11.257    EXCIT  272.737
 SIGFUS,SIGEVA,SIGFIS,SIGMXZ  0.9476E+03  0.0000E+00  0.8317E+03  0.0000E+00
 ZT= 65    AT 159    ZP  7    AP  14


             172Lu     171Lu     170Lu     169Lu     168Lu  
 SIG        0.000E+00 0.000E+00 0.000E+00 0.000E+00 0.000E+00
 B-G               0         0         0         0         0
  R-N           5641      6023      6308      6371      6538
 BR-P            691       803       918      1011      1140
 BR-A            409       463       510       535       573
 BR-F           3259      2705      2203      1930      1475
 SIGF       0.167E+02 0.141E+02 0.951E+01 0.652E+01 0.372E+01
 TOTAL      0.514E+02 0.520E+02 0.432E+02 0.338E+02 0.252E+02
 EXCP          252.1     238.5     223.4     209.8     194.9
 SPINP          46.9      45.2      42.7      39.7      35.9
 EXCF          252.3     239.0     224.2     211.0     196.4
 SPINF          48.8      50.1      50.7      52.2      51.6
 DJN           -0.94     -0.91     -0.88     -0.83     -0.78
 DJP           -0.94     -0.91     -0.87     -0.82     -0.77
 DJA           -2.84     -2.76     -2.68     -2.58     -2.47
 AV.E N         6.46      6.30      6.14      5.97      5.80
 AV.E P        14.35     14.20     14.04     13.88     13.70
 AV.E A        24.27     24.08     23.88     23.69     23.48
 SUM GAM         0.0       0.0       0.0       0.0       0.0
 SPIN GAM        0.0       0.0       0.0       0.0       0.0

 TRIM       0.114E-05 0.871E-05 0.124E-04 0.689E-05 0.236E-05
 FLOST      0.000E+00-0.213E-13-0.568E-13 0.426E-13 0.923E-01
 RP         0.000E+00 0.000E+00 0.000E+00 0.000E+00 0.000E+00
 RLOSTG     0.000E+00 0.164E-08 0.362E-05 0.139E-06 0.239E-06
 RLOSTN     0.956E-06 0.147E-01 0.155E+00 0.296E+00 0.375E+00
 RLOSTP     0.350E-06 0.570E-02 0.564E-01 0.122E+00 0.180E+00
 RLOSTA     0.380E-03 0.901E-02 0.542E-01 0.101E+00 0.138E+00
 TIME              0         0         0         0         0

 STORAGE
  1.  1.  3.  3.  3.
  0.  0.  2.  2.  2.
  171.   70.   0.0010    21     1    25    25    35    12    12    20
 DEL     1.0     0.1     4.0    12.0     0.0
 TRANSM  APAR,ZPAR,SIGLOW,UNIT,DEL 171.0  70.0  0.10E-02  21     0.1     4.0    12.0
 SEQIN:PAIR,DELT,CST   4  11.00   1.160 AL=  20.41  20.31  20.31  20.01  23.32 DELTA= -0.79  0.00 -1.12 -0.76 -0.79
 AF/AN=   1.100   BS,BK=   1.2824   1.4950 DPBAR=  30.24 A= 171. Z=  70. Y=   0.388
 SHELL CORRECTIONS        -2.5    -2.3    -2.4    -2.4     0.0
1 NEW ROW

 GRIDS  NROW,NSTEP   3   1
 SUMN,SUMLOW    0.0000E+00    0.0000E+00
 GOT POPP FROM UNIT  11      SUMP  0.3548E+01   M,N,EXMAX  52  78   254.1     171Yb      CN= 173Hf  
 SUMPOP FLOST,SUM,EXMAX,M,N  0.0000E+00  0.3548E+01  254.05  52  78
 SUMPOP FLOST,SUM,EXMAX,M,N  0.0000E+00  0.3548E+01  254.05  52  78
 CUTOFF   NSTEP,TOTAL,TRIM,TRIMJ,TRIME,TRIMLEV   1  0.3548E+01  0.3190E-06  0.0000E+00  0.3190E-06  0.0000E+00
          ICUT,AMX,ALEVEL,IAGAIN  48  0.1381E-01  0.6586E-08  21    CUT,PRCNT  0.100E-06  0.100E+01  M1,N1=  49  72
 CUTOFF OLD,NEW M1  49  56
 DIMENSIONS  56  72   251.1  53  77   244.3  53  77   240.2  53  77   240.6
 DENSTY: JSHAP= 49    JBAR= 84        66.5     7.0
 EVA M1,N1=    56    72
 NOP,NOA,NOF,NOG,KE2MX= 0 0 0 016  NOLEP,NOLJI,NOLJF,JFJI= 1 1 1 1

 EVA  M1*N1  4032    ZEROS    24    CUTS   494    CUTPOP  0.3293E-08    SUM CUTS  0.2155E-06
 LOSS BELOW YRAST LINE  0.0000E+00
 EVA-,STEP  1
 SEQOUT NROW,NSTEP   3   1         PARENT 171Yb      ELAB   309.0    EXCIT   272.7

 SUMP,SUMLOW    0.2404E+00    0.0000E+00
 WROTE POPP ON UNIT  10               170Tm  
 SUMA,SUMLOW    0.1497E+00    0.0000E+00
 WROTE POPA ON UNIT  13               167Er  
 TOTAL    0.3548E+01
 FLOST(SUMPOP),TRIM(CUTOFF),RLOST(POPUL),RP 
   0.0000E+00   0.5345E-06   0.3428E-10   0.1531E-02   0.4009E-03   0.6880E-03   0.0000E+00

 J SPECTRUM OF PARENT 171Yb  
    AVERAGE=  44.033    SUM=   0.355E+01
    0.00      4     13     22     31     40     49     58     67     75     82
   10.00    289    109    115    121    127    132    136    140    143    145
   20.00    147    148    148    148    147    145    143    140    137    133
   30.00    129    124    119    114    108    103     97     91     86     81
   40.00     76     73     69     66     63     61     59     58     57     57
   50.00     58     60     63     68     74     82     93    107    125    148
   60.00    175    208    246    290    339    390    440    488    532    575
   70.00    380      0

 J SPECTRUM OF FISS   171Yb  
    AVERAGE=  51.126    SUM=   0.542E+00
    0.00      1      3      5      8     10     12     15     18     20     23
   10.00     84     34     37     40     42     46     49     52     55     58
   20.00     62     65     69     72     76     80     83     86     90     93
   30.00     96     99    101    103    105    107    108    109    109    110
   40.00    111    112    113    114    115    116    118    120    123    127
   50.00    132    139    148    159    173    190    210    236    265    297
   60.00    331    365    396    425    447    456    456    447    431    414
   70.00    244      0

 E SPECTRUM OF PARENT 171Yb  
    AVERAGE= 232.958    SUM=   0.355E+01
  206.05      0      0      1      1      2      4      6     10     14     20
  216.05     27     37     50     67     87    113    143    177    215    257
  226.05    300    346    394    443    493    541    585    621    647    658
  236.05    653    627    580    513    430    338    245    161     95     48
  246.05     21      7      2      0      0      0

 DJN SPEC
    AVERAGE=  -0.917    SUM=   0.261E+01
   -1.00   9167    832      0      0      0      0      0      0      0      0

 DJP SPEC
    AVERAGE=  -0.911    SUM=   0.240E+00
   -1.00   9106    893      0      0      0      0      0      0      0      0

 DJA SPEC
    AVERAGE=  -2.777    SUM=   0.150E+00
   -9.00      0      0      0      0      0      0   8670    604    553    171

   N   M   EXMAX  AV.EX. NW  MW  EXMAXW      Q      AL   DELTA     AVJ      DJ        TOTAL  BRANCH
  72  56   251.1   233.0  74  33   195.1    0.00   20.41   -0.79   44.03    0.00     0.355E+01 10000    
  77  53   244.3   220.0  80  31   189.3   -6.61   20.31    0.00   41.88    2.15     0.261E+01  7364   N
  77  53   240.2   212.2  80  31   185.2   -6.80   20.31   -1.12   40.59    3.44     0.240E+00   678   P
  77  53   240.6   210.9  80  62   185.6    1.56   20.01   -0.76   41.23    2.81     0.150E+00   422   A
                   233.6  72  34   196.1  -32.21   23.32   -0.79   51.13             0.542E+00  1529   F
                                                                                     0.000E+00     0   G

 SPECTRA N,P,A  AVE    6.23   14.00   23.74         SUMS  0.2609E+01  0.2407E+00  0.1504E+00
 SEQIN:PAIR,DELT,CST   4  11.00   1.160 AL=  20.31  20.21  20.21  19.92  23.21 DELTA=  0.00 -0.89 -0.87  0.00  0.00
 AF/AN=   1.100   BS,BK=   1.2824   1.4947 DPBAR=  29.92 A= 170. Z=  70. Y=   0.387
 SHELL CORRECTIONS        -2.3    -2.1    -2.5    -2.2     0.0

 GRIDS  NROW,NSTEP   3   2
 SUMN,SUMLOW    0.2613E+01    0.0000E+00
 GOT POPP FROM UNIT  11      SUMP  0.4176E+01   M,N,EXMAX  53  77   246.3     170Yb      CN= 173Hf  
 SUMPOP FLOST,SUM,EXMAX,M,N  0.1155E-13  0.6789E+01  246.34  55  74  0.4176E+01  246.34  53  77  0.2613E+01  244.34  53  77  0 -2
 SUMPOP FLOST,SUM,EXMAX,M,N  0.0000E+00  0.6789E+01  246.34  55  74
 CUTOFF   NSTEP,TOTAL,TRIM,TRIMJ,TRIME,TRIMLEV   2  0.6789E+01  0.7482E-06  0.0000E+00  0.8846E-07  0.6597E-06
          ICUT,AMX,ALEVEL,IAGAIN  74  0.2483E-01  0.2368E-07  20    CUT,PRCNT  0.100E-06  0.100E+01  M1,N1=  52  71
 CUTOFF OLD,NEW M1  52  57
 DIMENSIONS  57  71   243.3  53  76   234.8  53  76   232.6  53  76   233.1
 DENSTY: JSHAP= 49    JBAR= 83        66.0     6.8
 EVA M1,N1=    57    71
 NOP,NOA,NOF,NOG,KE2MX= 0 0 0 016  NOLEP,NOLJI,NOLJF,JFJI= 1 1 1 1

 EVA  M1*N1  4047    ZEROS    69    CUTS   130    CUTPOP  0.1184E-07    SUM CUTS  0.7501E-06
 LOSS BELOW YRAST LINE  0.0000E+00
 EVA-,STEP  2
 SEQOUT NROW,NSTEP   3   2         PARENT 170Yb      ELAB   309.0    EXCIT   272.7

 SUMP,SUMLOW    0.5039E+00    0.0000E+00
 WROTE POPP ON UNIT  10               169Tm  
 SUMA,SUMLOW    0.3042E+00    0.0000E+00
 WROTE POPA ON UNIT  13               166Er  
 TOTAL    0.6789E+01
 FLOST(SUMPOP),TRIM(CUTOFF),RLOST(POPUL),RP 
   0.1155E-13   0.1498E-05   0.3503E-06   0.3619E-01   0.8873E-02   0.9020E-02   0.0000E+00

 J SPECTRUM OF PARENT 170Yb  
    AVERAGE=  41.588    SUM=   0.679E+01
    0.00      5     16     28     39     50     60     72     82     92    101
   10.00    484    139    145    151    156    160    164    166    168    168
   20.00    168    167    165    162    158    153    148    142    136    130
   30.00    123    116    108    101     93     86     79     72     66     61
   40.00     56     52     48     45     42     40     38     37     37     37
   50.00     38     39     42     46     52     60     71     86    106    132
   60.00    165    205    254    314    380    449    520    589    656    447

 J SPECTRUM OF FISS   170Yb  
    AVERAGE=  51.966    SUM=   0.827E+00
    0.00      1      3      6      9     11     14     17     20     23     26
   10.00    128     39     42     45     48     51     54     57     60     63
   20.00     66     69     71     74     77     79     81     83     85     87
   30.00     88     89     90     90     90     89     88     87     85     84
   40.00     84     83     82     82     81     82     82     83     86     89
   50.00     94    101    110    121    137    156    182    214    253    298
   60.00    349    404    461    517    562    593    611    615    611    373

 E SPECTRUM OF PARENT 170Yb  
    AVERAGE= 219.946    SUM=   0.679E+01
  187.34      0      0      0      0      0      1      1      5      7      9
  197.34     12     17     22     28     36     45     57     71     87    106
  207.34    127    152    179    209    242    276    312    349    385    420
  217.34    452    481    506    525    536    539    532    515    488    450
  227.34    404    351    294    236    180    130     88     55     31     16
  237.34      7      2      0      0      0      0      0

 DJN SPEC
    AVERAGE=  -0.886    SUM=   0.510E+01
   -1.00   8859   1140      0      0      0      0      0      0      0      0

 DJP SPEC
    AVERAGE=  -0.878    SUM=   0.504E+00
   -1.00   8784   1215      0      0      0      0      0      0      0      0

 DJA SPEC
    AVERAGE=  -2.706    SUM=   0.304E+00
   -9.00      0      0      0      0      0      0   8265    737    790    206

   N   M   EXMAX  AV.EX. NW  MW  EXMAXW      Q      AL   DELTA     AVJ      DJ        TOTAL  BRANCH
  71  57   243.3   219.9  73  34   186.3    0.00   20.31    0.00   41.59    0.00     0.679E+01 10000    
  76  53   234.8   205.4  80  31   178.8   -8.46   20.21   -0.89   39.35    2.24     0.510E+01  7512   N
  76  53   232.6   199.8  80  31   176.6   -6.78   20.21   -0.87   38.03    3.56     0.504E+00   742   P
  76  53   233.1   198.8  80  62   177.1    1.74   19.92    0.00   38.99    2.59     0.304E+00   448   A
                   221.0  71  35   187.3  -31.65   23.21    0.00   51.97             0.827E+00  1218   F
                                                                                     0.000E+00     0   G

 SPECTRA N,P,A  AVE    6.07   13.85   23.54         SUMS  0.5126E+01  0.5126E+00  0.3132E+00
 SEQIN:PAIR,DELT,CST   4  11.00   1.160 AL=  20.21  20.11  20.11  19.82  23.10 DELTA= -0.89  0.00 -1.48 -1.01 -0.89
 AF/AN=   1.100   BS,BK=   1.2823   1.4942 DPBAR=  29.58 A= 169. Z=  70. Y=   0.387
 SHELL CORRECTIONS        -2.1    -1.9    -2.1    -1.9     0.0

 GRIDS  NROW,NSTEP   3   3
 SUMN,SUMLOW    0.5100E+01    0.0000E+00
 GOT POPP FROM UNIT  11      SUMP  0.3965E+01   M,N,EXMAX  53  76   236.8     169Yb      CN= 173Hf  
 SUMPOP FLOST,SUM,EXMAX,M,N  0.1170E-01  0.9053E+01  236.78  54  75  0.3965E+01  236.78  53  76  0.5100E+01  234.78  53  76  0 -2
 GOT POPA FROM UNIT  12      SUMA  0.2879E+02   M,N,EXMAX  51  79   262.3     169Yb  
 SUMPOP FLOST,SUM,EXMAX,M,N  0.2385E+01  0.3545E+02  258.28  58  70  0.9053E+01  236.78  54  75  0.2879E+02  262.28  51  79-21  3
 CUTOFF   NSTEP,TOTAL,TRIM,TRIMJ,TRIME,TRIMLEV   3  0.3545E+02  0.0000E+00  0.0000E+00  0.0000E+00  0.0000E+00
          ICUT,AMX,ALEVEL,IAGAIN   0  0.1518E+00  0.5790E-06  18    CUT,PRCNT  0.100E-06  0.100E+01  M1,N1=  58  70
 DIMENSIONS  58  70   258.3  54  75   251.3  54  75   247.9  54  75   248.0
 DENSTY: JSHAP= 49    JBAR= 83        66.0     6.8
 EVA M1,N1=    58    70
 NOP,NOA,NOF,NOG,KE2MX= 0 0 0 016  NOLEP,NOLJI,NOLJF,JFJI= 1 1 1 1

 EVA  M1*N1  4060    ZEROS     0    CUTS     0    CUTPOP  0.1773E-06    SUM CUTS  0.0000E+00
 LOSS BELOW YRAST LINE  0.0000E+00
 EVA-,STEP  3
 SEQOUT NROW,NSTEP   3   3         PARENT 169Yb      ELAB   309.0    EXCIT   272.7

 SUMP,SUMLOW    0.2368E+01    0.0000E+00
 WROTE POPP ON UNIT  10               168Tm  
 SUMA,SUMLOW    0.1372E+01    0.0000E+00
 WROTE POPA ON UNIT  13               165Er  
 TOTAL    0.3545E+02
 FLOST(SUMPOP),TRIM(CUTOFF),RLOST(POPUL),RP 
   0.2396E+01   0.0000E+00   0.1062E-02   0.2885E+01   0.4271E+00   0.2741E+00   0.0000E+00

 J SPECTRUM OF PARENT 169Yb  
    AVERAGE=  45.337    SUM=   0.355E+02
    0.00      3     10     17     24     31     63     45     52     58    111
   10.00    184     85     90    159    102    106    110    113    116    118
   20.00    120    122    123    123    123    123    122    120    119    117
   30.00    115    112    110    107    104    101     97     94     92     89
   40.00     88     86     85     84     83     83     83     84     86     88
   50.00     92     96    102    110    120    132    147    166    189    215
   60.00    246    281    321    365    410    456    500    542    522    274

 J SPECTRUM OF FISS   169Yb  
    AVERAGE=  50.442    SUM=   0.909E+01
    0.00      0      2      4      6      8     18     12     14     16     35
   10.00     33     25     28     58     34     36     39     42     45     48
   20.00     52     55     59     62     66     70     74     78     82     86
   30.00     90     94     98    102    105    109    112    116    119    123
   40.00    127    131    135    139    144    149    154    160    167    175
   50.00    184    195    208    223    240    260    282    306    331    355
   60.00    378    396    411    418    416    405    388    367    316    152

 E SPECTRUM OF PARENT 169Yb  
    AVERAGE= 241.955    SUM=   0.355E+02
  201.28     94    101    107    112    117    120    121    121    119    116
  211.28    111    104     96     87     76     66     55     44     34     26
  221.28     18     12      8      5      2      1      4      4      6      8
  231.28     11     14     19     25     32     41     53     68     86    108
  241.28    136    170    212    261    319    387    463    546    631    712
  251.28    776    802    766    643    444    233     90     26

 DJN SPEC
    AVERAGE=  -0.935    SUM=   0.190E+02
   -1.00   9349    650      0      0      0      0      0      0      0      0

 DJP SPEC
    AVERAGE=  -0.936    SUM=   0.237E+01
   -1.00   9360    639      0      0      0      0      0      0      0      0

 DJA SPEC
    AVERAGE=  -2.831    SUM=   0.137E+01
   -9.00      0      0      0      0      0      0   8970    523    347    158

   N   M   EXMAX  AV.EX. NW  MW  EXMAXW      Q      AL   DELTA     AVJ      DJ        TOTAL  BRANCH
  70  58   258.3   242.0  72  34   200.3    0.00   20.21   -0.89   45.34    0.00     0.355E+02 10000    
  75  54   251.3   232.3  80  31   194.3   -6.87   20.11    0.00   43.63    1.71     0.190E+02  5369   N
  75  54   247.9   227.1  80  31   190.9   -6.35   20.11   -1.48   43.05    2.28     0.237E+01   668   P
  75  54   248.0   225.9  80  62   191.0    1.72   19.82   -1.01   43.34    2.00     0.137E+01   387   A
                   246.5  70  35   201.3  -31.12   23.10   -0.89   50.44             0.909E+01  2565   F
                                                                                     0.000E+00     0   G

 SPECTRA N,P,A  AVE    6.35   14.14   23.90         SUMS  0.2188E+02  0.2794E+01  0.1646E+01
 SEQIN:PAIR,DELT,CST   4  11.00   1.160 AL=  20.11  20.01  20.01  19.72  22.99 DELTA=  0.00 -1.09 -0.98  0.00  0.00
 AF/AN=   1.100   BS,BK=   1.2822   1.4938 DPBAR=  29.23 A= 168. Z=  70. Y=   0.386
 SHELL CORRECTIONS        -1.9    -1.6    -2.0    -1.6     0.0

 GRIDS  NROW,NSTEP   3   4
 SUMN,SUMLOW    0.1903E+02    0.0000E+00
 GOT POPP FROM UNIT  11      SUMP  0.3416E+01   M,N,EXMAX  54  75   227.8     168Yb      CN= 173Hf  
 SUMPOP FLOST,SUM,EXMAX,M,N  0.1065E+01  0.2139E+02  247.31  59  69  0.3416E+01  227.82  54  75  0.1903E+02  251.31  54  75-19  3
 GOT POPA FROM UNIT  12      SUMA  0.1260E+02   M,N,EXMAX  52  78   255.3     168Yb  
 SUMPOP FLOST,SUM,EXMAX,M,N  0.1571E+00  0.3383E+02  248.31  59  69  0.2139E+02  247.31  59  69  0.1260E+02  255.31  52  78 -1  6
 CUTOFF   NSTEP,TOTAL,TRIM,TRIMJ,TRIME,TRIMLEV   4  0.3383E+02  0.0000E+00  0.0000E+00  0.0000E+00  0.0000E+00
          ICUT,AMX,ALEVEL,IAGAIN   0  0.1350E+00  0.8237E-05  14    CUT,PRCNT  0.100E-06  0.100E+01  M1,N1=  59  69
 DIMENSIONS  59  69   248.3  55  74   239.1  55  74   238.0  55  74   238.2
 DENSTY: JSHAP= 48    JBAR= 82        65.0     6.8
 EVA M1,N1=    59    69
 NOP,NOA,NOF,NOG,KE2MX= 0 0 0 016  NOLEP,NOLJI,NOLJF,JFJI= 1 1 1 1

 EVA  M1*N1  4071    ZEROS     0    CUTS     0    CUTPOP  0.1691E-06    SUM CUTS  0.0000E+00
 LOSS BELOW YRAST LINE  0.0000E+00
 EVA-,STEP  4
 SEQOUT NROW,NSTEP   3   4         PARENT 168Yb      ELAB   309.0    EXCIT   272.7

 SUMP,SUMLOW    0.2846E+01    0.0000E+00
 WROTE POPP ON UNIT  10               167Tm  
 SUMA,SUMLOW    0.1620E+01    0.0000E+00
 WROTE POPA ON UNIT  13               164Er  
 TOTAL    0.3383E+02
 FLOST(SUMPOP),TRIM(CUTOFF),RLOST(POPUL),RP 
   0.1222E+01   0.0000E+00   0.4244E-03   0.1550E+01   0.2929E+00   0.1883E+00   0.0000E+00

 J SPECTRUM OF PARENT 168Yb  
    AVERAGE=  43.886    SUM=   0.338E+02
    0.00      4     13     21     30     38     84     56     64     72    177
   10.00    246    106    161    159    124    128    131    134    136    137
   20.00    138    138    137    135    133    130    127    123    119    115
   30.00    110    105    100     95     89     84     79     75     71     67
   40.00     64     61     59     56     55     54     53     53     54     55
   50.00     58     62     68     76     86     99    117    140    169    205
   60.00    248    301    362    430    502    575    647    670    398

 J SPECTRUM OF FISS   168Yb  
    AVERAGE=  50.420    SUM=   0.664E+01
    0.00      1      3      5      8     10     25     15     18     21     59
   10.00     56     34     57     58     44     47     51     54     57     60
   20.00     64     67     70     74     77     80     83     86     88     91
   30.00     93     95     96     98     99     99    100    100    101    101
   40.00    102    103    104    105    106    108    110    114    118    124
   50.00    132    142    155    171    191    215    246    281    320    363
   60.00    406    449    487    517    533    537    531    491    265

 E SPECTRUM OF PARENT 168Yb  
    AVERAGE= 230.811    SUM=   0.338E+02
  190.31     40     42     43     44     44     44     43    124    118    111
  200.31    103     94     84     74     64     54     44     36     29     23
  210.31     18     15     13     13     14     17     21     27     34     43
  220.31     54     67     82     99    120    142    168    198    230    266
  230.31    305    346    388    431    471    508    538    559    567    559
  240.31    533    488    424    346    260    176    104     52     14

 DJN SPEC
    AVERAGE=  -0.912    SUM=   0.207E+02
   -1.00   9121    878      0      0      0      0      0      0      0      0

 DJP SPEC
    AVERAGE=  -0.912    SUM=   0.285E+01
   -1.00   9115    884      0      0      0      0      0      0      0      0

 DJA SPEC
    AVERAGE=  -2.773    SUM=   0.162E+01
   -9.00      0      0      0      0      0      0   8635    655    511    198

   N   M   EXMAX  AV.EX. NW  MW  EXMAXW      Q      AL   DELTA     AVJ      DJ        TOTAL  BRANCH
  69  59   248.3   230.8  71  35   189.3    0.00   20.11    0.00   43.89    0.00     0.338E+02 10000    
  74  55   239.1   217.2  80  31   181.1   -9.06   20.01   -1.09   41.99    1.89     0.207E+02  6117   N
  74  55   238.0   213.8  80  31   180.0   -6.33   20.01   -0.98   41.28    2.60     0.285E+01   841   P
  74  55   238.2   212.7  80  62   180.2    1.94   19.72    0.00   41.91    1.98     0.162E+01   479   A
                   234.0  69  36   190.3  -30.57   22.99    0.00   50.42             0.664E+01  1962   F
                                                                                     0.000E+00     0   G

 SPECTRA N,P,A  AVE    6.22   14.02   23.75         SUMS  0.2220E+02  0.3138E+01  0.1808E+01
 SEQIN:PAIR,DELT,CST   4  11.00   1.160 AL=  20.01  19.92  19.92  19.62  22.88 DELTA= -1.09  0.00 -1.88 -1.07 -1.09
 AF/AN=   1.100   BS,BK=   1.2821   1.4933 DPBAR=  28.86 A= 167. Z=  70. Y=   0.385
 SHELL CORRECTIONS        -1.6    -1.4    -1.7    -1.4     0.0

 GRIDS  NROW,NSTEP   3   5
 SUMN,SUMLOW    0.2069E+02    0.0000E+00
 GOT POPP FROM UNIT  11      SUMP  0.2877E+01   M,N,EXMAX  55  74   216.7     167Yb      CN= 173Hf  
 SUMPOP FLOST,SUM,EXMAX,M,N  0.9783E+00  0.2259E+02  234.15  60  68  0.2877E+01  216.65  55  74  0.2069E+02  239.15  55  74-17  4
 GOT POPA FROM UNIT  12      SUMA  0.6297E+01   M,N,EXMAX  53  77   246.2     167Yb  
 SUMPOP FLOST,SUM,EXMAX,M,N  0.6545E-01  0.2882E+02  234.15  60  68  0.2259E+02  234.15  60  68  0.6297E+01  246.15  53  77  0 11
 CUTOFF   NSTEP,TOTAL,TRIM,TRIMJ,TRIME,TRIMLEV   5  0.2882E+02  0.0000E+00  0.0000E+00  0.0000E+00  0.0000E+00
          ICUT,AMX,ALEVEL,IAGAIN   0  0.1092E+00  0.6668E-05  14    CUT,PRCNT  0.100E-06  0.100E+01  M1,N1=  60  68
 DIMENSIONS  60  68   234.2  56  73   227.0  56  73   224.2  56  73   224.3
 DENSTY: JSHAP= 48    JBAR= 82        65.0     6.8
 EVA M1,N1=    60    68
 NOP,NOA,NOF,NOG,KE2MX= 0 0 0 016  NOLEP,NOLJI,NOLJF,JFJI= 1 1 1 1

 EVA  M1*N1  4080    ZEROS     0    CUTS     0    CUTPOP  0.1441E-06    SUM CUTS  0.0000E+00
 LOSS BELOW YRAST LINE  0.0000E+00
 EVA-,STEP  5
 SEQOUT NROW,NSTEP   3   5         PARENT 167Yb      ELAB   309.0    EXCIT   272.7

 SUMP,SUMLOW    0.2759E+01    0.0000E+00
 WROTE POPP ON UNIT  10               166Tm  
 SUMA,SUMLOW    0.1521E+01    0.0000E+00
 WROTE POPA ON UNIT  13               163Er  
 TOTAL    0.2882E+02
 FLOST(SUMPOP),TRIM(CUTOFF),RLOST(POPUL),RP 
   0.1044E+01   0.0000E+00   0.3631E-03   0.1101E+01   0.2397E+00   0.1536E+00   0.0000E+00

 J SPECTRUM OF PARENT 167Yb  
    AVERAGE=  41.734    SUM=   0.288E+02
    0.00      5     16     26     37     47    103     69     78     88    254
   10.00    378    176    175    175    149    152    154    155    155    154
   20.00    153    150    147    142    138    132    126    120    113    107
   30.00    100     93     86     80     73     67     61     56     52     48
   40.00     45     42     39     37     36     34     34     34     34     36
   50.00     38     42     47     54     65     79     99    125    160    204
   60.00    261    332    416    511    611    714    770    477

 J SPECTRUM OF FISS   167Yb  
    AVERAGE=  52.160    SUM=   0.486E+01
    0.00      1      3      5      8     10     25     16     19     21     71
   10.00     76     50     51     53     45     48     50     53     56     58
   20.00     61     63     65     67     69     71     72     73     74     75
   30.00     75     75     75     74     74     72     71     70     70     69
   40.00     69     68     67     67     68     69     70     72     76     82
   50.00     89     99    112    130    153    183    222    271    329    397
   60.00    474    556    637    706    758    792    773    439

 E SPECTRUM OF PARENT 167Yb  
    AVERAGE= 214.888    SUM=   0.288E+02
  175.15     39     41     42     42     42     42     42     41     39    112
  185.15    113    110    101     90     80     70     60     52     45     39
  195.15     35     32     31     32     34     39     45     53     63     75
  205.15     90    106    124    144    166    190    216    243    271    300
  215.15    329    357    384    409    430    446    456    459    454    440
  225.15    417    385    346    301    251    201    152    108     71     43

 DJN SPEC
    AVERAGE=  -0.879    SUM=   0.182E+02
   -1.00   8794   1205      0      0      0      0      0      0      0      0

 DJP SPEC
    AVERAGE=  -0.878    SUM=   0.276E+01
   -1.00   8776   1223      0      0      0      0      0      0      0      0

 DJA SPEC
    AVERAGE=  -2.697    SUM=   0.152E+01
   -9.00      0      0      0      0      0      0   8200    807    747    243

   N   M   EXMAX  AV.EX. NW  MW  EXMAXW      Q      AL   DELTA     AVJ      DJ        TOTAL  BRANCH
  68  60   234.2   214.9  70  35   174.2    0.00   20.01   -1.09   41.73    0.00     0.288E+02 10000    
  73  56   227.0   203.1  79  31   168.0   -7.07   19.92    0.00   39.29    2.44     0.182E+02  6309   N
  73  56   224.2   197.8  79  31   165.2   -5.99   19.92   -1.88   38.51    3.22     0.276E+01   957   P
  73  56   224.3   196.7  80  62   165.3    2.15   19.62   -1.07   39.51    2.23     0.152E+01   528   A
                   218.1  68  36   175.2  -29.99   22.88   -1.09   52.16             0.486E+01  1688   F
                                                                                     0.000E+00     0   G

 SPECTRA N,P,A  AVE    6.05   13.84   23.54         SUMS  0.1925E+02  0.2997E+01  0.1674E+01
1    ROW  3      ELEMENT Yb      X-SECTION   0.000E+00
(14)N+(159)Tb -> (173)Hf                                                
 ELAB(MEV)  309.000     Q-VALUE  -11.257    EXCIT  272.737
 SIGFUS,SIGEVA,SIGFIS,SIGMXZ  0.9476E+03  0.0000E+00  0.8537E+03  0.0000E+00
 ZT= 65    AT 159    ZP  7    AP  14


             171Yb     170Yb     169Yb     168Yb     167Yb  
 SIG        0.000E+00 0.000E+00 0.000E+00 0.000E+00 0.000E+00
 B-G               0         0         0         0         0
  R-N           7364      7512      5369      6117      6309
 BR-P            678       742       668       841       957
 BR-A            422       448       387       479       528
 BR-F           1529      1218      2565      1962      1688
 SIGF       0.542E+00 0.827E+00 0.909E+01 0.664E+01 0.486E+01
 TOTAL      0.355E+01 0.679E+01 0.355E+02 0.338E+02 0.288E+02
 EXCP          233.0     219.9     242.0     230.8     214.9
 SPINP          44.0      41.6      45.3      43.9      41.7
 EXCF          233.6     221.0     246.5     234.0     218.1
 SPINF          51.1      52.0      50.4      50.4      52.2
 DJN           -0.92     -0.89     -0.93     -0.91     -0.88
 DJP           -0.91     -0.88     -0.94     -0.91     -0.88
 DJA           -2.78     -2.71     -2.83     -2.77     -2.70
 AV.E N         6.23      6.07      6.35      6.22      6.05
 AV.E P        14.00     13.85     14.14     14.02     13.84
 AV.E A        23.74     23.54     23.90     23.75     23.54
 SUM GAM         0.0       0.0       0.0       0.0       0.0
 SPIN GAM        0.0       0.0       0.0       0.0       0.0

 TRIM       0.535E-06 0.150E-05 0.000E+00 0.000E+00 0.000E+00
 FLOST      0.000E+00 0.115E-13 0.240E+01 0.122E+01 0.104E+01
 RP         0.000E+00 0.000E+00 0.000E+00 0.000E+00 0.000E+00
 RLOSTG     0.343E-10 0.350E-06 0.106E-02 0.424E-03 0.363E-03
 RLOSTN     0.153E-02 0.362E-01 0.288E+01 0.155E+01 0.110E+01
 RLOSTP     0.401E-03 0.887E-02 0.427E+00 0.293E+00 0.240E+00
 RLOSTA     0.688E-03 0.902E-02 0.274E+00 0.188E+00 0.154E+00
 TIME              0         0         0         0         0

 STORAGE
  1.  1.  3.  3.  3.
  0.  0.  2.  2.  2.
  170.   69.   0.0010    21     1    25    25    35    12    12    20
 DEL     1.0     0.1     4.0    12.0     0.0
 TRANSM  APAR,ZPAR,SIGLOW,UNIT,DEL 170.0  69.0  0.10E-02  21     0.1     4.0    12.0
 SEQIN:PAIR,DELT,CST   4  11.00   1.160 AL=  20.31  20.21  20.21  19.92  23.28 DELTA= -1.12 -0.87 -0.72 -1.27 -1.12
 AF/AN=   1.100   BS,BK=   1.2848   1.5191 DPBAR=  32.08 A= 170. Z=  69. Y=   0.428
 SHELL CORRECTIONS        -2.4    -2.5    -2.7    -2.3    -0.0
1 NEW ROW

 GRIDS  NROW,NSTEP   4   1
 SUMN,SUMLOW    0.0000E+00    0.0000E+00
 GOT POPP FROM UNIT  10      SUMP  0.2404E+00   M,N,EXMAX  53  77   240.2     170Tm      CN= 173Hf  
 SUMPOP FLOST,SUM,EXMAX,M,N  0.0000E+00  0.2404E+00  240.25  53  77
 SUMPOP FLOST,SUM,EXMAX,M,N  0.0000E+00  0.2404E+00  240.25  53  77
 CUTOFF   NSTEP,TOTAL,TRIM,TRIMJ,TRIME,TRIMLEV   1  0.2404E+00  0.2966E-07  0.0000E+00  0.1574E-07  0.1392E-07
          ICUT,AMX,ALEVEL,IAGAIN  37  0.7508E-03  0.7160E-09  20    CUT,PRCNT  0.100E-06  0.100E+01  M1,N1=  49  71
 CUTOFF OLD,NEW M1  49  57
 DIMENSIONS  57  71   236.2  53  76   229.6  53  76   226.1  53  76   225.1
 DENSTY: JSHAP= 49    JBAR= 94        71.5     9.0
 EVA M1,N1=    57    71
 NOP,NOA,NOF,NOG,KE2MX= 0 0 0 016  NOLEP,NOLJI,NOLJF,JFJI= 1 1 1 1

 EVA  M1*N1  4047    ZEROS    36    CUTS   178    CUTPOP  0.3580E-09    SUM CUTS  0.1802E-07
 LOSS BELOW YRAST LINE  0.0000E+00
 EVA-,STEP  1
 SEQOUT NROW,NSTEP   4   1         PARENT 170Tm      ELAB   309.0    EXCIT   272.7

 SUMP,SUMLOW    0.1264E-01    0.0000E+00
 WROTE POPP ON UNIT  11               169Er  
 SUMA,SUMLOW    0.8279E-02    0.0000E+00
 WROTE POPA ON UNIT  12               166Ho  
 TOTAL    0.2404E+00
 FLOST(SUMPOP),TRIM(CUTOFF),RLOST(POPUL),RP 
   0.0000E+00   0.4768E-07   0.2635E-09   0.1291E-02   0.2144E-03   0.2347E-03   0.0000E+00

 J SPECTRUM OF PARENT 170Tm  
    AVERAGE=  40.589    SUM=   0.240E+00
    0.00      5     16     27     38     49     60     71     81     91    100
   10.00    481    139    145    152    157    162    166    168    171    172
   20.00    172    172    170    168    165    161    157    152    146    140
   30.00    134    127    120    112    105     97     90     83     77     71
   40.00     66     62     58     54     51     48     46     45     44     44
   50.00     45     47     50     54     61     69     81     96    116    141
   60.00    172    209    253    304    357    411    463    512    559    373

 J SPECTRUM OF FISS   170Tm  
    AVERAGE=  58.067    SUM=   0.267E-01
    0.00      0      1      2      4      5      6      8      9     10     11
   10.00     58     18     19     21     22     23     25     26     28     29
   20.00     31     32     34     35     37     38     39     41     42     43
   30.00     44     45     46     47     47     47     47     47     47     48
   40.00     48     49     49     49     50     51     53     55     57     61
   50.00     66     73     82     93    108    128    154    189    232    286
   60.00    351    427    516    614    709    798    876    941    994    642

 E SPECTRUM OF PARENT 170Tm  
    AVERAGE= 212.229    SUM=   0.240E+00
  180.25      0      0      0      0      0      0      0      0      7      9
  190.25     13     18     23     30     39     50     63     79     97    119
  200.25    143    171    201    234    269    306    343    380    416    450
  210.25    480    505    525    537    541    535    520    493    457    413
  220.25    362    306    249    195    145    102     67     41     23     12
  230.25      5      2      0      0      0      0      0

 DJN SPEC
    AVERAGE=  -0.886    SUM=   0.191E+00
   -1.00   8862   1137      0      0      0      0      0      0      0      0

 DJP SPEC
    AVERAGE=  -0.878    SUM=   0.126E-01
   -1.00   8777   1222      0      0      0      0      0      0      0      0

 DJA SPEC
    AVERAGE=  -2.703    SUM=   0.828E-02
   -9.00      0      0      0      0      0      0   8238    755    798    207

   N   M   EXMAX  AV.EX. NW  MW  EXMAXW      Q      AL   DELTA     AVJ      DJ        TOTAL  BRANCH
  71  57   236.2   212.2  73  34   179.2    0.00   20.31   -1.12   40.59    0.00     0.240E+00 10000    
  76  53   229.6   199.6  80  31   173.6   -6.59   20.21   -0.87   37.60    2.99     0.191E+00  7947   N
  76  53   226.1   192.9  80  31   170.1   -6.16   20.21   -0.72   36.09    4.50     0.126E-01   526   P
  76  53   225.1   190.6  80  62   169.1    0.85   19.92   -1.27   36.95    3.64     0.828E-02   344   A
                   213.6  71  35   180.2  -33.95   23.28   -1.12   58.07             0.267E-01  1111   F
                                                                                     0.000E+00     0   G

 SPECTRA N,P,A  AVE    6.01   13.64   23.19         SUMS  0.1919E+00  0.1285E-01  0.8513E-02
 SEQIN:PAIR,DELT,CST   4  11.00   1.160 AL=  20.21  20.11  20.11  19.82  23.11 DELTA= -0.87 -1.48  0.00 -0.82 -0.87
 AF/AN=   1.100   BS,BK=   1.2827   1.4969 DPBAR=  31.75 A= 169. Z=  69. Y=   0.390
 SHELL CORRECTIONS        -2.5    -2.1    -2.6    -2.3    -0.0

 GRIDS  NROW,NSTEP   4   2
 SUMN,SUMLOW    0.1911E+00    0.0000E+00
 GOT POPP FROM UNIT  10      SUMP  0.5039E+00   M,N,EXMAX  53  76   232.6     169Tm      CN= 173Hf  
 SUMPOP FLOST,SUM,EXMAX,M,N  0.1110E-14  0.6950E+00  232.56  56  73  0.5039E+00  232.56  53  76  0.1911E+00  229.56  53  76  0 -3
 SUMPOP FLOST,SUM,EXMAX,M,N  0.0000E+00  0.6950E+00  232.56  56  73
 CUTOFF   NSTEP,TOTAL,TRIM,TRIMJ,TRIME,TRIMLEV   2  0.6950E+00  0.1002E-06  0.0000E+00  0.3640E-07  0.6381E-07
          ICUT,AMX,ALEVEL,IAGAIN  61  0.2389E-02  0.2278E-08  20    CUT,PRCNT  0.100E-06  0.100E+01  M1,N1=  51  70
 CUTOFF OLD,NEW M1  51  58
 DIMENSIONS  58  70   227.6  54  75   219.4  54  75   218.0  54  75   216.8
 DENSTY: JSHAP= 49    JBAR= 93        71.0     8.8
 EVA M1,N1=    58    70
 NOP,NOA,NOF,NOG,KE2MX= 0 0 0 016  NOLEP,NOLJI,NOLJF,JFJI= 1 1 1 1

 EVA  M1*N1  4060    ZEROS    56    CUTS   114    CUTPOP  0.1139E-08    SUM CUTS  0.5957E-07
 LOSS BELOW YRAST LINE  0.0000E+00
 EVA-,STEP  2
 SEQOUT NROW,NSTEP   4   2         PARENT 169Tm      ELAB   309.0    EXCIT   272.7

 SUMP,SUMLOW    0.3963E-01    0.0000E+00
 WROTE POPP ON UNIT  11               168Er  
 SUMA,SUMLOW    0.2512E-01    0.0000E+00
 WROTE POPA ON UNIT  12               165Ho  
 TOTAL    0.6950E+00
 FLOST(SUMPOP),TRIM(CUTOFF),RLOST(POPUL),RP 
   0.1110E-14   0.1598E-06   0.2380E-08   0.8032E-02   0.1460E-02   0.1434E-02   0.0000E+00

 J SPECTRUM OF PARENT 169Tm  
    AVERAGE=  37.908    SUM=   0.695E+00
    0.00      6     19     32     45     57     70     84     95    106    117
   10.00    718    167    174    179    184    188    190    191    192    191
   20.00    189    186    182    178    172    165    158    151    143    135
   30.00    126    118    109    100     92     83     76     68     62     57
   40.00     52     48     44     41     38     36     34     33     32     33
   50.00     34     36     39     43     50     59     71     88    110    138
   60.00    173    217    270    330    394    459    523    586    400      0

 J SPECTRUM OF FISS   169Tm  
    AVERAGE=  58.809    SUM=   0.569E-01
    0.00      0      1      2      3      4      6      7      8      9     11
   10.00     70     17     18     19     21     22     23     24     25     26
   20.00     27     28     29     30     31     32     33     34     34     35
   30.00     35     36     36     36     35     35     35     34     34     34
   40.00     34     34     34     34     35     35     36     38     41     44
   50.00     49     55     64     75     91    112    142    182    233    300
   60.00    383    485    609    742    878   1011   1132   1243    831      0

 E SPECTRUM OF PARENT 169Tm  
    AVERAGE= 199.747    SUM=   0.695E+00
  170.56      0      0      0      0      0      0      0      6      8     10
  180.56     48     59     72     86    103    122    143    166    191    218
  190.56    246    276    306    336    366    394    419    441    460    473
  200.56    481    482    477    465    447    421    390    354    315    273
  210.56    230    189    150    115     84     59     40     25     15      8
  220.56      4      2      0      0      0      0      0      0

 DJN SPEC
    AVERAGE=  -0.854    SUM=   0.562E+00
   -1.00   8539   1460      0      0      0      0      0      0      0      0

 DJP SPEC
    AVERAGE=  -0.844    SUM=   0.396E-01
   -1.00   8438   1561      0      0      0      0      0      0      0      0

 DJA SPEC
    AVERAGE=  -2.630    SUM=   0.251E-01
   -9.00      0      0      0      0      0      0   7832    871   1059    236

   N   M   EXMAX  AV.EX. NW  MW  EXMAXW      Q      AL   DELTA     AVJ      DJ        TOTAL  BRANCH
  70  58   227.6   199.7  72  34   169.6    0.00   20.21   -0.87   37.91    0.00     0.695E+00 10000    
  75  54   219.4   186.0  80  31   162.4   -8.03   20.11   -1.48   35.30    2.61     0.562E+00  8093   N
  75  54   218.0   181.6  80  31   161.0   -5.57   20.11    0.00   33.80    4.11     0.396E-01   570   P
  75  54   216.8   179.2  80  62   159.8    1.20   19.82   -0.82   34.90    3.01     0.251E-01   361   A
                   201.4  70  35   170.6  -33.70   23.11   -0.87   58.81             0.569E-01   818   F
                                                                                     0.000E+00     0   G

 SPECTRA N,P,A  AVE    5.85   13.48   23.00         SUMS  0.5691E+00  0.4107E-01  0.2655E-01
 SEQIN:PAIR,DELT,CST   4  11.00   1.160 AL=  20.11  20.01  20.01  19.72  23.00 DELTA= -1.48 -0.98 -0.76 -1.49 -1.48
 AF/AN=   1.100   BS,BK=   1.2827   1.4966 DPBAR=  31.43 A= 168. Z=  69. Y=   0.390
 SHELL CORRECTIONS        -2.1    -2.0    -2.4    -1.9     0.0

 GRIDS  NROW,NSTEP   4   3
 SUMN,SUMLOW    0.5625E+00    0.0000E+00
 GOT POPP FROM UNIT  10      SUMP  0.2368E+01   M,N,EXMAX  54  75   247.9     168Tm      CN= 173Hf  
 SUMPOP FLOST,SUM,EXMAX,M,N  0.1883E+00  0.2742E+01  239.93  59  69  0.2368E+01  247.93  54  75  0.5625E+00  219.43  54  75  7-21
 GOT POPA FROM UNIT  13      SUMA  0.2104E+01   M,N,EXMAX  52  78   252.9     168Tm  
 SUMPOP FLOST,SUM,EXMAX,M,N  0.3207E-01  0.4814E+01  240.92  59  69  0.2742E+01  239.93  59  69  0.2104E+01  252.92  52  78 -1 11
 CUTOFF   NSTEP,TOTAL,TRIM,TRIMJ,TRIME,TRIMLEV   3  0.4814E+01  0.0000E+00  0.0000E+00  0.0000E+00  0.0000E+00
          ICUT,AMX,ALEVEL,IAGAIN   0  0.1736E-01  0.5299E-06  15    CUT,PRCNT  0.100E-06  0.100E+01  M1,N1=  59  69
 DIMENSIONS  59  69   240.9  55  74   234.0  55  74   231.6  55  74   230.2
 DENSTY: JSHAP= 49    JBAR= 91        70.0     8.4
 EVA M1,N1=    59    69
 NOP,NOA,NOF,NOG,KE2MX= 0 0 0 016  NOLEP,NOLJI,NOLJF,JFJI= 1 1 1 1

 EVA  M1*N1  4071    ZEROS     0    CUTS     0    CUTPOP  0.2407E-07    SUM CUTS  0.0000E+00
 LOSS BELOW YRAST LINE  0.0000E+00
 EVA-,STEP  3
 SEQOUT NROW,NSTEP   4   3         PARENT 168Tm      ELAB   309.0    EXCIT   272.7

 SUMP,SUMLOW    0.3113E+00    0.0000E+00
 WROTE POPP ON UNIT  11               167Er  
 SUMA,SUMLOW    0.1925E+00    0.0000E+00
 WROTE POPA ON UNIT  12               164Ho  
 TOTAL    0.4814E+01
 FLOST(SUMPOP),TRIM(CUTOFF),RLOST(POPUL),RP 
   0.2204E+00   0.0000E+00   0.6799E-04   0.1973E+00   0.2200E-01   0.1545E-01   0.0000E+00

 J SPECTRUM OF PARENT 168Tm  
    AVERAGE=  43.061    SUM=   0.481E+01
    0.00      4     12     21     29     37     84     55     63     70    183
   10.00    215    104    159    165    124    129    133    136    139    141
   20.00    142    143    143    142    141    139    136    133    129    125
   30.00    121    116    111    106    101     95     90     85     81     77
   40.00     73     70     67     65     63     62     61     61     61     63
   50.00     66     70     76     84     95    109    127    150    178    212
   60.00    252    299    350    405    461    515    565    586    357

 J SPECTRUM OF FISS   168Tm  
    AVERAGE=  56.122    SUM=   0.829E+00
    0.00      0      1      2      3      4     11      7      8      9     28
   10.00     23     16     26     28     21     22     24     26     27     29
   20.00     31     33     35     36     38     40     42     44     46     48
   30.00     49     51     52     54     55     56     58     59     60     62
   40.00     63     65     67     69     71     74     78     82     87     94
   50.00    103    114    128    145    168    196    231    274    325    385
   60.00    451    525    600    671    733    782    818    817    484

 E SPECTRUM OF PARENT 168Tm  
    AVERAGE= 224.585    SUM=   0.481E+01
  182.92     48     50     51     52     52     51     50     48     46     43
  192.92     40     85     76     67     58     49     40     32     26     20
  202.92     16     13     11     11     12     14     18     23     29     37
  212.92     48     60     76     94    116    142    171    203    239    277
  222.92    317    360    403    447    488    524    554    574    580    571
  232.92    544    499    437    362    281    201    131     76     26

 DJN SPEC
    AVERAGE=  -0.913    SUM=   0.325E+01
   -1.00   9129    870      0      0      0      0      0      0      0      0

 DJP SPEC
    AVERAGE=  -0.910    SUM=   0.311E+00
   -1.00   9098    901      0      0      0      0      0      0      0      0

 DJA SPEC
    AVERAGE=  -2.764    SUM=   0.192E+00
   -9.00      0      0      0      0      0      0   8578    691    526    203

   N   M   EXMAX  AV.EX. NW  MW  EXMAXW      Q      AL   DELTA     AVJ      DJ        TOTAL  BRANCH
  69  59   240.9   224.6  71  35   181.9    0.00   20.11   -1.48   43.06    0.00     0.481E+01 10000    
  74  55   234.0   213.1  80  31   176.0   -6.84   20.01   -0.98   39.85    3.21     0.325E+01  6743   N
  74  55   231.6   208.1  80  31   173.6   -5.31   20.01   -0.76   38.85    4.21     0.311E+00   647   P
  74  55   230.2   205.3  80  62   172.2    1.24   19.72   -1.49   39.41    3.65     0.192E+00   400   A
                   227.5  69  36   182.9  -33.04   23.00   -1.48   56.12             0.829E+00  1723   F
                                                                                     0.000E+00     0   G

 SPECTRA N,P,A  AVE    6.18   13.85   23.43         SUMS  0.3436E+01  0.3331E+00  0.2079E+00
 SEQIN:PAIR,DELT,CST   4  11.00   1.160 AL=  20.01  19.92  19.92  19.62  22.89 DELTA= -0.98 -1.88  0.00 -0.96 -0.98
 AF/AN=   1.100   BS,BK=   1.2826   1.4963 DPBAR=  31.10 A= 167. Z=  69. Y=   0.389
 SHELL CORRECTIONS        -2.0    -1.7    -2.2    -1.8     0.0

 GRIDS  NROW,NSTEP   4   4
 SUMN,SUMLOW    0.3246E+01    0.0000E+00
 GOT POPP FROM UNIT  10      SUMP  0.2846E+01   M,N,EXMAX  55  74   238.0     167Tm      CN= 173Hf  
 SUMPOP FLOST,SUM,EXMAX,M,N -0.8882E-15  0.6092E+01  237.98  59  69  0.2846E+01  237.98  55  74  0.3246E+01  233.98  55  74  0 -4
 GOT POPA FROM UNIT  13      SUMA  0.2405E+01   M,N,EXMAX  53  77   245.0     167Tm  
 SUMPOP FLOST,SUM,EXMAX,M,N  0.2167E-05  0.8497E+01  237.98  59  69  0.6092E+01  237.98  59  69  0.2405E+01  244.98  53  77  0  6
 CUTOFF   NSTEP,TOTAL,TRIM,TRIMJ,TRIME,TRIMLEV   4  0.8497E+01  0.3049E-06  0.0000E+00  0.0000E+00  0.3049E-06
          ICUT,AMX,ALEVEL,IAGAIN  18  0.2978E-01  0.2840E-07  20    CUT,PRCNT  0.100E-06  0.100E+01  M1,N1=  59  69
 DIMENSIONS  59  69   238.0  55  74   229.2  55  74   229.1  55  74   227.4
 DENSTY: JSHAP= 48    JBAR= 89        68.5     8.2
 EVA M1,N1=    59    69
 NOP,NOA,NOF,NOG,KE2MX= 0 0 0 016  NOLEP,NOLJI,NOLJF,JFJI= 1 1 1 1

 EVA  M1*N1  4071    ZEROS    14    CUTS     5    CUTPOP  0.1420E-07    SUM CUTS  0.1073E-07
 LOSS BELOW YRAST LINE  0.0000E+00
 EVA-,STEP  4
 SEQOUT NROW,NSTEP   4   4         PARENT 167Tm      ELAB   309.0    EXCIT   272.7

 SUMP,SUMLOW    0.6438E+00    0.0000E+00
 WROTE POPP ON UNIT  11               166Er  
 SUMA,SUMLOW    0.3885E+00    0.0000E+00
 WROTE POPA ON UNIT  12               163Ho  
 TOTAL    0.8497E+01
 FLOST(SUMPOP),TRIM(CUTOFF),RLOST(POPUL),RP 
   0.2167E-05   0.3156E-06   0.7670E-04   0.2242E+00   0.2920E-01   0.2107E-01   0.0000E+00

 J SPECTRUM OF PARENT 167Tm  
    AVERAGE=  40.968    SUM=   0.850E+01
    0.00      5     14     24     34     44    105     65     74     83    277
   10.00    269    171    175    180    146    150    154    156    158    158
   20.00    158    157    155    153    149    145    140    135    129    123
   30.00    117    110    103     97     90     83     77     72     67     63
   40.00     59     55     52     50     48     46     45     45     46     48
   50.00     51     55     61     69     80     95    115    140    173    213
   60.00    263    321    387    458    530    601    659    435      0

 J SPECTRUM OF FISS   167Tm  
    AVERAGE=  55.823    SUM=   0.112E+01
    0.00      0      1      3      4      5     14      8     10     11     41
   10.00     36     27     29     30     25     27     28     30     32     33
   20.00     35     37     38     40     41     43     44     46     47     48
   30.00     49     50     50     51     51     51     51     52     52     53
   40.00     53     54     55     56     57     59     62     65     70     76
   50.00     85     95    109    128    152    184    225    276    338    412
   60.00    499    597    698    793    878    948    992    625      0

 E SPECTRUM OF PARENT 167Tm  
    AVERAGE= 214.067    SUM=   0.850E+01
  179.98     24     24     24     24     51     47     43     38     32     28
  189.98     24     22     24     25     27     31     37     45     54     65
  199.98     79     94    113    133    156    182    209    239    271    303
  209.98    337    370    402    432    458    481    497    507    508    501
  219.98    484    457    420    376    326    272    218    166    119     80
  229.98     49     27     13      5      1      0      0      0      0

 DJN SPEC
    AVERAGE=  -0.890    SUM=   0.607E+01
   -1.00   8900   1099      0      0      0      0      0      0      0      0

 DJP SPEC
    AVERAGE=  -0.884    SUM=   0.644E+00
   -1.00   8840   1159      0      0      0      0      0      0      0      0

 DJA SPEC
    AVERAGE=  -2.704    SUM=   0.388E+00
   -9.00      0      0      0      0      0      0   8231    817    710    240

   N   M   EXMAX  AV.EX. NW  MW  EXMAXW      Q      AL   DELTA     AVJ      DJ        TOTAL  BRANCH
  69  59   238.0   214.1  71  35   179.0    0.00   20.01   -0.98   40.97    0.00     0.850E+01 10000    
  74  55   229.2   200.0  80  31   171.2   -8.73   19.92   -1.88   38.06    2.91     0.607E+01  7145   N
  74  55   229.1   196.8  80  31   171.1   -4.91   19.92    0.00   36.92    4.05     0.644E+00   758   P
  74  55   227.4   193.7  80  62   169.4    1.41   19.62   -0.96   37.73    3.24     0.388E+00   457   A
                   215.9  69  36   180.0  -32.63   22.89   -0.98   55.82             0.112E+01  1317   F
                                                                                     0.000E+00     0   G

 SPECTRA N,P,A  AVE    6.06   13.72   23.28         SUMS  0.6281E+01  0.6727E+00  0.4095E+00
 SEQIN:PAIR,DELT,CST   4  11.00   1.160 AL=  19.92  19.82  19.82  19.52  22.79 DELTA= -1.88 -1.11 -1.01 -1.69 -1.88
 AF/AN=   1.100   BS,BK=   1.2826   1.4960 DPBAR=  30.75 A= 166. Z=  69. Y=   0.389
 SHELL CORRECTIONS        -1.7    -1.5    -1.9    -1.4     0.0

 GRIDS  NROW,NSTEP   4   5
 SUMN,SUMLOW    0.6071E+01    0.0000E+00
 GOT POPP FROM UNIT  10      SUMP  0.2759E+01   M,N,EXMAX  56  73   224.2     166Tm      CN= 173Hf  
 SUMPOP FLOST,SUM,EXMAX,M,N  0.2463E-01  0.8805E+01  229.15  60  68  0.2759E+01  224.16  56  73  0.6071E+01  229.15  55  74 -5  0
 GOT POPA FROM UNIT  13      SUMA  0.2200E+01   M,N,EXMAX  53  76   235.2     166Tm  
 SUMPOP FLOST,SUM,EXMAX,M,N  0.4448E-07  0.1101E+02  229.16  60  68  0.8805E+01  229.15  60  68  0.2200E+01  235.16  53  76  0  5
 CUTOFF   NSTEP,TOTAL,TRIM,TRIMJ,TRIME,TRIMLEV   5  0.1101E+02  0.2746E-06  0.0000E+00  0.2746E-06  0.0000E+00
          ICUT,AMX,ALEVEL,IAGAIN  18  0.3656E-01  0.1743E-07  21    CUT,PRCNT  0.100E-06  0.100E+01  M1,N1=  59  68
 CUTOFF OLD,NEW M1  59  60
 DIMENSIONS  60  68   228.2  56  73   221.0  56  73   219.5  56  73   217.9
 DENSTY: JSHAP= 48    JBAR= 86        67.0     7.6
 EVA M1,N1=    60    68
 NOP,NOA,NOF,NOG,KE2MX= 0 0 0 016  NOLEP,NOLJI,NOLJF,JFJI= 1 1 1 1

 EVA  M1*N1  4080    ZEROS     0    CUTS    36    CUTPOP  0.8716E-08    SUM CUTS  0.1301E-06
 LOSS BELOW YRAST LINE  0.0000E+00
 EVA-,STEP  5
 SEQOUT NROW,NSTEP   4   5         PARENT 166Tm      ELAB   309.0    EXCIT   272.7

 SUMP,SUMLOW    0.9348E+00    0.0000E+00
 WROTE POPP ON UNIT  11               165Er  
 SUMA,SUMLOW    0.5455E+00    0.0000E+00
 WROTE POPA ON UNIT  12               162Ho  
 TOTAL    0.1101E+02
 FLOST(SUMPOP),TRIM(CUTOFF),RLOST(POPUL),RP 
   0.2463E-01   0.4047E-06   0.5562E-04   0.2385E+00   0.4643E-01   0.3624E-01   0.0000E+00

 J SPECTRUM OF PARENT 166Tm  
    AVERAGE=  38.472    SUM=   0.110E+02
    0.00      5     17     29     40     52    126     76     87     97    385
   10.00    423    191    195    199    170    173    175    176    176    174
   20.00    172    169    164    159    153    147    140    133    125    117
   30.00    109    101     93     85     78     71     65     59     54     50
   40.00     46     43     40     38     36     35     34     34     35     37
   50.00     40     44     50     59     71     87    109    138    175    223
   60.00    283    354    435    522    612    697    479      0

 J SPECTRUM OF FISS   166Tm  
    AVERAGE=  55.538    SUM=   0.110E+01
    0.00      0      2      3      4      6     15      9     11     12     53
   10.00     57     29     30     32     28     29     31     32     34     35
   20.00     37     38     39     40     41     42     43     44     45     45
   30.00     45     45     45     45     45     44     44     44     44     44
   40.00     44     44     45     46     47     49     51     55     60     66
   50.00     75     86    102    123    151    189    239    301    379    475
   60.00    587    712    838    955   1058   1138    739      0

 E SPECTRUM OF PARENT 166Tm  
    AVERAGE= 199.776    SUM=   0.110E+02
  169.16      0     21     20     18     16     15     37     35     35     36
  179.16     38     42     48     67     78     90    105    122    141    161
  189.16    184    208    233    259    286    314    340    366    390    412
  199.16    430    444    454    458    456    448    434    413    386    355
  209.16    319    279    239    198    160    124     92     65     44     27
  219.16     16      8      4      1      0      0      0      0      0      0

 DJN SPEC
    AVERAGE=  -0.855    SUM=   0.811E+01
   -1.00   8546   1453      0      0      0      0      0      0      0      0

 DJP SPEC
    AVERAGE=  -0.847    SUM=   0.935E+00
   -1.00   8466   1533      0      0      0      0      0      0      0      0

 DJA SPEC
    AVERAGE=  -2.629    SUM=   0.546E+00
   -9.00      0      0      0      0      0      0   7829    902    991    276

   N   M   EXMAX  AV.EX. NW  MW  EXMAXW      Q      AL   DELTA     AVJ      DJ        TOTAL  BRANCH
  68  60   228.2   199.8  70  35   168.2    0.00   19.92   -1.88   38.47    0.00     0.110E+02 10000    
  73  56   221.0   187.3  79  31   162.0   -7.03   19.82   -1.11   35.90    2.57     0.811E+01  7366   N
  73  56   219.5   182.8  79  31   160.5   -4.66   19.82   -1.01   34.74    3.73     0.935E+00   849   P
  73  56   217.9   180.0  80  62   158.9    1.73   19.52   -1.69   35.80    2.67     0.546E+00   496   A
                   201.6  68  36   169.2  -31.92   22.79   -1.88   55.54             0.110E+01   997   F
                                                                                     0.000E+00     0   G

 SPECTRA N,P,A  AVE    5.89   13.55   23.08         SUMS  0.8324E+01  0.9808E+00  0.5817E+00
1    ROW  4      ELEMENT Tm      X-SECTION   0.000E+00
(14)N+(159)Tb -> (173)Hf                                                
 ELAB(MEV)  309.000     Q-VALUE  -11.257    EXCIT  272.737
 SIGFUS,SIGEVA,SIGFIS,SIGMXZ  0.9476E+03  0.0000E+00  0.8568E+03  0.0000E+00
 ZT= 65    AT 159    ZP  7    AP  14


             170Tm     169Tm     168Tm     167Tm     166Tm  
 SIG        0.000E+00 0.000E+00 0.000E+00 0.000E+00 0.000E+00
 B-G               0         0         0         0         0
  R-N           7947      8093      6743      7145      7366
 BR-P            526       570       647       758       849
 BR-A            344       361       400       457       496
 BR-F           1111       818      1723      1317       997
 SIGF       0.267E-01 0.569E-01 0.829E+00 0.112E+01 0.110E+01
 TOTAL      0.240E+00 0.695E+00 0.481E+01 0.850E+01 0.110E+02
 EXCP          212.2     199.7     224.6     214.1     199.8
 SPINP          40.6      37.9      43.1      41.0      38.5
 EXCF          213.6     201.4     227.5     215.9     201.6
 SPINF          58.1      58.8      56.1      55.8      55.5
 DJN           -0.89     -0.85     -0.91     -0.89     -0.85
 DJP           -0.88     -0.84     -0.91     -0.88     -0.85
 DJA           -2.70     -2.63     -2.76     -2.70     -2.63
 AV.E N         6.01      5.85      6.18      6.06      5.89
 AV.E P        13.64     13.48     13.85     13.72     13.55
 AV.E A        23.19     23.00     23.43     23.28     23.08
 SUM GAM         0.0       0.0       0.0       0.0       0.0
 SPIN GAM        0.0       0.0       0.0       0.0       0.0

 TRIM       0.477E-07 0.160E-06 0.000E+00 0.316E-06 0.405E-06
 FLOST      0.000E+00 0.111E-14 0.220E+00 0.217E-05 0.246E-01
 RP         0.000E+00 0.000E+00 0.000E+00 0.000E+00 0.000E+00
 RLOSTG     0.264E-09 0.238E-08 0.680E-04 0.767E-04 0.556E-04
 RLOSTN     0.129E-02 0.803E-02 0.197E+00 0.224E+00 0.238E+00
 RLOSTP     0.214E-03 0.146E-02 0.220E-01 0.292E-01 0.464E-01
 RLOSTA     0.235E-03 0.143E-02 0.155E-01 0.211E-01 0.362E-01
 TIME              0         0         0         0         0

 STORAGE
  1.  1.  3.  3.  3.
  0.  0.  2.  2.  2.
  169.   68.   0.0010    21     1    25    25    35    12    12    20
 DEL     1.0     0.1     4.0    12.0     0.0
 TRANSM  APAR,ZPAR,SIGLOW,UNIT,DEL 169.0  68.0  0.10E-02  21     0.1     4.0    12.0
 SEQIN:PAIR,DELT,CST   4  11.00   1.160 AL=  20.21  20.11  20.11  19.82  23.17 DELTA= -0.72  0.00 -1.21 -0.75 -0.72
 AF/AN=   1.100   BS,BK=   1.2848   1.5195 DPBAR=  33.84 A= 169. Z=  68. Y=   0.429
 SHELL CORRECTIONS        -2.7    -2.6    -2.5    -2.5     0.0
1 NEW ROW

 GRIDS  NROW,NSTEP   5   1
 SUMN,SUMLOW    0.0000E+00    0.0000E+00
 GOT POPP FROM UNIT  11      SUMP  0.1264E-01   M,N,EXMAX  53  76   226.1     169Er      CN= 173Hf  
 SUMPOP FLOST,SUM,EXMAX,M,N  0.0000E+00  0.1264E-01  226.09  53  76
 SUMPOP FLOST,SUM,EXMAX,M,N  0.0000E+00  0.1264E-01  226.09  53  76
 CUTOFF   NSTEP,TOTAL,TRIM,TRIMJ,TRIME,TRIMLEV   1  0.1264E-01  0.2419E-09  0.0000E+00  0.2419E-09  0.0000E+00
          ICUT,AMX,ALEVEL,IAGAIN  18  0.4519E-04  0.2155E-10  21    CUT,PRCNT  0.100E-06  0.100E+01  M1,N1=  49  70
 CUTOFF OLD,NEW M1  49  58
 DIMENSIONS  58  70   222.1  54  75   216.0  54  75   209.9  54  75   210.4
 DENSTY: JSHAP= 49    JBAR= 96        72.5     9.4
 EVA M1,N1=    58    70
 NOP,NOA,NOF,NOG,KE2MX= 0 0 0 016  NOLEP,NOLJI,NOLJF,JFJI= 1 1 1 1

 EVA  M1*N1  4060    ZEROS     2    CUTS   200    CUTPOP  0.1077E-10    SUM CUTS  0.3229E-09
 LOSS BELOW YRAST LINE  0.0000E+00
 EVA-,STEP  1
 SEQOUT NROW,NSTEP   5   1         PARENT 169Er      ELAB   309.0    EXCIT   272.7

 SUMP,SUMLOW    0.5055E-03    0.0000E+00
 WROTE POPP ON UNIT  10               168Ho  
 SUMA,SUMLOW    0.3463E-03    0.0000E+00
 WROTE POPA ON UNIT  12               165Dy  
 TOTAL    0.1264E-01
 FLOST(SUMPOP),TRIM(CUTOFF),RLOST(POPUL),RP 
   0.0000E+00   0.5648E-09   0.5198E-10   0.1904E-03   0.2175E-04   0.2224E-04   0.0000E+00

 J SPECTRUM OF PARENT 169Er  
    AVERAGE=  36.094    SUM=   0.126E-01
    0.00      6     19     33     46     59     71     85     97    109    119
   10.00    739    173    180    186    191    195    198    200    201    201
   20.00    200    198    194    190    185    179    173    166    158    150
   30.00    141    133    124    115    106     97     89     81     75     69
   40.00     64     59     54     51     48     45     43     41     41     41
   50.00     42     44     48     52     59     68     80     96    116    141
   60.00    170    206    247    290    334    377    417    456    306      0

 J SPECTRUM OF FISS   169Er  
    AVERAGE=  59.189    SUM=   0.488E-03
    0.00      0      1      2      3      3      4      5      6      7      8
   10.00     56     14     15     16     17     18     19     20     21     22
   20.00     23     24     25     25     26     27     28     29     30     31
   30.00     31     32     32     32     33     33     33     33     33     34
   40.00     34     35     35     36     37     38     39     42     45     49
   50.00     55     63     73     86    103    128    160    202    256    323
   60.00    406    507    625    747    872    993   1105   1211    813      0

 E SPECTRUM OF PARENT 169Er  
    AVERAGE= 192.926    SUM=   0.126E-01
  165.09      0      0      0      0      0      0      0      0      0     50
  175.09     62     76     91    109    129    152    177    203    232    262
  185.09    293    324    354    384    411    436    457    472    483    487
  195.09    485    476    460    437    408    374    335    294    251    209
  205.09    169    132    100     73     51     33     21     12      7      3
  215.09      1      0      0      0      0      0      0      0

 DJN SPEC
    AVERAGE=  -0.857    SUM=   0.111E-01
   -1.00   8565   1434      0      0      0      0      0      0      0      0

 DJP SPEC
    AVERAGE=  -0.845    SUM=   0.506E-03
   -1.00   8448   1551      0      0      0      0      0      0      0      0

 DJA SPEC
    AVERAGE=  -2.632    SUM=   0.346E-03
   -9.00      0      0      0      0      0      0   7839    875   1051    233

   N   M   EXMAX  AV.EX. NW  MW  EXMAXW      Q      AL   DELTA     AVJ      DJ        TOTAL  BRANCH
  70  58   222.1   192.9  72  34   164.1    0.00   20.21   -0.72   36.09    0.00     0.126E-01 10000    
  75  54   216.0   181.4  80  31   159.0   -6.00   20.11    0.00   34.43    1.67     0.111E-01  8754   N
  75  54   209.9   172.7  80  31   152.9   -8.15   20.11   -1.21   32.68    3.42     0.506E-03   400   P
  75  54   210.4   172.0  80  62   153.4    0.27   19.82   -0.75   33.71    2.38     0.346E-03   274   A
                   194.9  70  35   165.1  -36.05   23.17   -0.72   59.19             0.488E-03   386   F
                                                                                     0.000E+00     0   G

 SPECTRA N,P,A  AVE    5.75   13.25   22.63         SUMS  0.1123E-01  0.5271E-03  0.3686E-03
 SEQIN:PAIR,DELT,CST   4  11.00   1.160 AL=  20.11  20.01  20.01  19.72  23.07 DELTA=  0.00 -0.76 -0.78  0.00  0.00
 AF/AN=   1.100   BS,BK=   1.2848   1.5195 DPBAR=  33.56 A= 168. Z=  68. Y=   0.429
 SHELL CORRECTIONS        -2.6    -2.4    -2.6    -2.5     0.0

 GRIDS  NROW,NSTEP   5   2
 SUMN,SUMLOW    0.1107E-01    0.0000E+00
 GOT POPP FROM UNIT  11      SUMP  0.3963E-01   M,N,EXMAX  54  75   218.0     168Er      CN= 173Hf  
 SUMPOP FLOST,SUM,EXMAX,M,N -0.5551E-16  0.5069E-01  217.99  56  73  0.3963E-01  217.99  54  75  0.1107E-01  215.99  54  75  0 -2
 SUMPOP FLOST,SUM,EXMAX,M,N  0.0000E+00  0.5069E-01  217.99  56  73
 CUTOFF   NSTEP,TOTAL,TRIM,TRIMJ,TRIME,TRIMLEV   2  0.5069E-01  0.3101E-08  0.0000E+00  0.3101E-08  0.0000E+00
          ICUT,AMX,ALEVEL,IAGAIN  18  0.2320E-03  0.1106E-09  21    CUT,PRCNT  0.100E-06  0.100E+01  M1,N1=  51  69
 CUTOFF OLD,NEW M1  51  59
 DIMENSIONS  59  69   213.0  55  74   205.1  55  74   201.0  55  74   201.5
 DENSTY: JSHAP= 49    JBAR= 95        72.0     9.2
 EVA M1,N1=    59    69
 NOP,NOA,NOF,NOG,KE2MX= 0 0 0 016  NOLEP,NOLJI,NOLJF,JFJI= 1 1 1 1

 EVA  M1*N1  4071    ZEROS     2    CUTS   127    CUTPOP  0.5531E-10    SUM CUTS  0.1474E-08
 LOSS BELOW YRAST LINE  0.0000E+00
 EVA-,STEP  2
 SEQOUT NROW,NSTEP   5   2         PARENT 168Er      ELAB   309.0    EXCIT   272.7

 SUMP,SUMLOW    0.2151E-02    0.0000E+00
 WROTE POPP ON UNIT  10               167Ho  
 SUMA,SUMLOW    0.1437E-02    0.0000E+00
 WROTE POPA ON UNIT  12               164Dy  
 TOTAL    0.5069E-01
 FLOST(SUMPOP),TRIM(CUTOFF),RLOST(POPUL),RP 
  -0.5551E-16   0.4576E-08   0.3220E-09   0.9302E-03   0.1180E-03   0.1164E-03   0.0000E+00

 J SPECTRUM OF PARENT 168Er  
    AVERAGE=  33.938    SUM=   0.507E-01
    0.00      7     22     36     51     65     79     95    108    120    132
   10.00   1003    197    203    208    212    214    216    216    214    212
   20.00    209    204    199    192    184    176    168    159    150    140
   30.00    130    120    110    100     91     82     74     67     61     56
   40.00     51     47     43     40     37     35     34     33     33     33
   50.00     35     37     41     47     54     65     78     96    119    148
   60.00    183    225    272    321    371    420    468    318      0

 J SPECTRUM OF FISS   168Er  
    AVERAGE=  59.384    SUM=   0.155E-02
    0.00      0      1      2      2      3      4      5      6      7      8
   10.00     64     13     14     15     15     16     17     18     19     19
   20.00     20     21     21     22     23     23     24     24     25     25
   30.00     25     25     25     25     25     25     25     25     25     25
   40.00     25     26     26     26     27     28     30     32     35     40
   50.00     45     53     63     78     98    126    164    214    280    364
   60.00    472    605    757    918   1084   1248   1409    970      1

 E SPECTRUM OF PARENT 168Er  
    AVERAGE= 181.582    SUM=   0.507E-01
  154.99      0      0      0      0      0      0      0      0     12     16
  164.99    101    121    143    164    187    212    237    264    291    318
  174.99    344    369    392    413    430    444    453    457    456    450
  184.99    438    421    399    373    343    310    275    240    205    171
  194.99    139    110     85     64     46     32     21     14      8      5
  204.99      2      1      0      0      0      0      0      0      0

 DJN SPEC
    AVERAGE=  -0.823    SUM=   0.444E-01
   -1.00   8232   1767      0      0      0      0      0      0      0      0

 DJP SPEC
    AVERAGE=  -0.810    SUM=   0.215E-02
   -1.00   8096   1903      0      0      0      0      0      0      0      0

 DJA SPEC
    AVERAGE=  -2.559    SUM=   0.144E-02
   -9.00      0      0      0      0      0      0   7434    974   1332    257

   N   M   EXMAX  AV.EX. NW  MW  EXMAXW      Q      AL   DELTA     AVJ      DJ        TOTAL  BRANCH
  69  59   213.0   181.6  71  35   154.0    0.00   20.11    0.00   33.94    0.00     0.507E-01 10000    
  74  55   205.1   168.5  80  31   147.1   -7.77   20.01   -0.76   32.45    1.49     0.444E-01  8757   N
  74  55   201.0   161.9  80  31   143.0   -8.00   20.01   -0.78   30.70    3.24     0.215E-02   424   P
  74  55   201.5   161.4  80  62   143.5    0.55   19.72    0.00   31.88    2.05     0.144E-02   284   A
                   183.9  69  36   155.0  -35.68   23.07    0.00   59.38             0.155E-02   305   F
                                                                                     0.000E+00     0   G

 SPECTRA N,P,A  AVE    5.59   13.08   22.43         SUMS  0.4520E-01  0.2268E-02  0.1554E-02
 SEQIN:PAIR,DELT,CST   4  11.00   1.160 AL=  20.01  19.92  19.92  19.62  22.96 DELTA= -0.76  0.00 -1.27 -0.79 -0.76
 AF/AN=   1.100   BS,BK=   1.2848   1.5194 DPBAR=  33.26 A= 167. Z=  68. Y=   0.429
 SHELL CORRECTIONS        -2.4    -2.2    -2.3    -2.2     0.0

 GRIDS  NROW,NSTEP   5   3
 SUMN,SUMLOW    0.4439E-01    0.0000E+00
 GOT POPP FROM UNIT  11      SUMP  0.3113E+00   M,N,EXMAX  55  74   231.6     167Er      CN= 173Hf  
 SUMPOP FLOST,SUM,EXMAX,M,N  0.1411E-01  0.3416E+00  223.61  60  68  0.3113E+00  231.61  55  74  0.4439E-01  205.12  55  74  7-18
 GOT POPA FROM UNIT  13      SUMA  0.1808E+01   M,N,EXMAX  54  75   226.0     165Tm  
 SUMPOP FLOST,SUM,EXMAX,M,N  0.2876E-11  0.2149E+01  224.03  60  68  0.3416E+00  223.61  60  68  0.1808E+01  226.03  54  75  0  1
 CUTOFF   NSTEP,TOTAL,TRIM,TRIMJ,TRIME,TRIMLEV   3  0.2149E+01  0.1017E-06  0.0000E+00  0.0000E+00  0.1017E-06
          ICUT,AMX,ALEVEL,IAGAIN   2  0.7721E-02  0.5891E-07  17    CUT,PRCNT  0.100E-06  0.100E+01  M1,N1=  60  68
 DIMENSIONS  60  68   224.0  56  73   217.5  56  73   212.5  56  73   212.7
 DENSTY: JSHAP= 49    JBAR= 94        71.5     9.0
 EVA M1,N1=    60    68
 NOP,NOA,NOF,NOG,KE2MX= 0 0 0 016  NOLEP,NOLJI,NOLJF,JFJI= 1 1 1 1

 EVA  M1*N1  4080    ZEROS     0    CUTS     0    CUTPOP  0.1075E-07    SUM CUTS  0.0000E+00
 LOSS BELOW YRAST LINE  0.0000E+00
 EVA-,STEP  3
 SEQOUT NROW,NSTEP   5   3         PARENT 167Er      ELAB   309.0    EXCIT   272.7

 SUMP,SUMLOW    0.1043E+00    0.0000E+00
 WROTE POPP ON UNIT  10               166Ho  
 SUMA,SUMLOW    0.6654E-01    0.0000E+00
 WROTE POPA ON UNIT  12               163Dy  
 TOTAL    0.2149E+01
 FLOST(SUMPOP),TRIM(CUTOFF),RLOST(POPUL),RP 
   0.1411E-01   0.1017E-06   0.5341E-05   0.9725E-01   0.1228E-01   0.1046E-01   0.0000E+00

 J SPECTRUM OF PARENT 167Er  
    AVERAGE=  36.499    SUM=   0.215E+01
    0.00      7     22     36     51     65    160     96    108    120    839
   10.00    219    192    197    358    193    194    193    190    187    182
   20.00    176    169    160    151    142    133    123    113    103     93
   30.00     84     75     67     59     52     46     41     37     33     30
   40.00     27     25     23     21     20     19     19     19     20     21
   50.00     23     27     32     39     50     65     88    120    164    225
   60.00    306    406    524    655    794    612     79     48

 J SPECTRUM OF FISS   167Er  
    AVERAGE=  59.128    SUM=   0.123E+00
    0.00      0      1      2      2      3      9      5      6      7     51
   10.00     15     14     15     25     15     15     16     17     17     18
   20.00     18     18     19     19     19     19     19     19     19     19
   30.00     19     18     18     18     17     17     17     17     16     17
   40.00     17     17     17     17     18     19     20     22     25     29
   50.00     33     40     50     65     87    119    165    232    328    462
   60.00    643    872   1140   1435   1748   1366    226    139

 E SPECTRUM OF PARENT 167Er  
    AVERAGE= 191.127    SUM=   0.215E+01
  165.03      8      8      8      8      9      9      8    108    123    138
  175.03    155    173    199    218    238    258    277    296    314    330
  185.03    346    359    369    377    381    381    378    371    360    346
  195.03    328    307    285    260    236    211    188    166    146    129
  205.03    115    104     95     89     84     81     78     75     71     67
  215.03     61     55     48     40     32     25     18     12      8      4

 DJN SPEC
    AVERAGE=  -0.819    SUM=   0.174E+01
   -1.00   8191   1808      0      0      0      0      0      0      0      0

 DJP SPEC
    AVERAGE=  -0.808    SUM=   0.104E+00
   -1.00   8082   1917      0      0      0      0      0      0      0      0

 DJA SPEC
    AVERAGE=  -2.542    SUM=   0.665E-01
   -9.00      0      0      0      0      0      0   7344   1071   1244    338

   N   M   EXMAX  AV.EX. NW  MW  EXMAXW      Q      AL   DELTA     AVJ      DJ        TOTAL  BRANCH
  68  60   224.0   191.1  70  35   164.0    0.00   20.01   -0.76   36.50    0.00     0.215E+01 10000    
  73  56   217.5   179.8  79  31   158.5   -6.44   19.92    0.00   34.59    1.91     0.174E+01  8076   N
  73  56   212.5   173.0  79  31   153.5   -7.51   19.92   -1.27   33.05    3.45     0.104E+00   485   P
  73  56   212.7   172.3  80  62   153.7    0.67   19.62   -0.79   34.63    1.87     0.665E-01   310   A
                   194.6  68  36   165.0  -35.17   22.96   -0.76   59.13             0.123E+00   571   F
                                                                                     0.000E+00     0   G

 SPECTRA N,P,A  AVE    5.74   13.25   22.62         SUMS  0.1828E+01  0.1166E+00  0.7700E-01
 SEQIN:PAIR,DELT,CST   4  11.00   1.160 AL=  19.92  19.82  19.82  19.52  22.85 DELTA=  0.00 -1.01 -0.82  0.00  0.00
 AF/AN=   1.100   BS,BK=   1.2848   1.5194 DPBAR=  32.95 A= 166. Z=  68. Y=   0.429
 SHELL CORRECTIONS        -2.2    -1.9    -2.3    -1.9     0.0

 GRIDS  NROW,NSTEP   5   4
 SUMN,SUMLOW    0.1736E+01    0.0000E+00
 GOT POPP FROM UNIT  11      SUMP  0.6438E+00   M,N,EXMAX  55  74   229.1     166Er      CN= 173Hf  
 SUMPOP FLOST,SUM,EXMAX,M,N  0.2586E-01  0.2354E+01  222.07  60  68  0.6438E+00  229.07  55  74  0.1736E+01  217.49  56  73  6 -5
 GOT POPA FROM UNIT  13      SUMA  0.1445E+01   M,N,EXMAX  55  74   214.8     164Tm  
 SUMPOP FLOST,SUM,EXMAX,M,N  0.1915E-05  0.3799E+01  220.07  60  68  0.2354E+01  222.07  60  68  0.1445E+01  214.83  55  74  1 -5
 CUTOFF   NSTEP,TOTAL,TRIM,TRIMJ,TRIME,TRIMLEV   4  0.3799E+01  0.5536E-07  0.0000E+00  0.0000E+00  0.5536E-07
          ICUT,AMX,ALEVEL,IAGAIN  12  0.1500E-01  0.1430E-07  20    CUT,PRCNT  0.100E-06  0.100E+01  M1,N1=  60  68
 DIMENSIONS  60  68   220.1  56  73   211.5  56  73   208.8  56  73   208.9
 DENSTY: JSHAP= 48    JBAR= 93        70.5     9.0
 EVA M1,N1=    60    68
 NOP,NOA,NOF,NOG,KE2MX= 0 0 0 016  NOLEP,NOLJI,NOLJF,JFJI= 1 1 1 1

 EVA  M1*N1  4080    ZEROS     3    CUTS    15    CUTPOP  0.7152E-08    SUM CUTS  0.1884E-07
 LOSS BELOW YRAST LINE  0.0000E+00
 EVA-,STEP  4
 SEQOUT NROW,NSTEP   5   4         PARENT 166Er      ELAB   309.0    EXCIT   272.7

 SUMP,SUMLOW    0.1574E+00    0.0000E+00
 WROTE POPP ON UNIT  10               165Ho  
 SUMA,SUMLOW    0.9548E-01    0.0000E+00
 WROTE POPA ON UNIT  12               162Dy  
 TOTAL    0.3799E+01
 FLOST(SUMPOP),TRIM(CUTOFF),RLOST(POPUL),RP 
   0.2586E-01   0.7420E-07   0.1986E-03   0.6977E+00   0.6817E-01   0.5045E-01   0.0000E+00

 J SPECTRUM OF PARENT 166Er  
    AVERAGE=  34.413    SUM=   0.380E+01
    0.00      7     23     39     54     69    172    103    116    129    951
   10.00    354    212    289    289    204    203    201    197    192    185
   20.00    177    169    159    150    139    129    119    108     98     88
   30.00     79     70     62     55     49     43     39     34     31     28
   40.00     25     23     22     20     19     19     19     19     20     22
   50.00     24     29     35     44     57     76    103    141    195    267
   60.00    359    470    597    736    592    130     86      0

 J SPECTRUM OF FISS   166Er  
    AVERAGE=  58.503    SUM=   0.161E+00
    0.00      0      1      2      2      3      9      5      6      7     51
   10.00     25     15     19     19     15     15     16     17     17     17
   20.00     18     18     18     18     19     19     19     19     18     18
   30.00     18     18     17     17     17     17     16     16     16     17
   40.00     17     17     17     18     19     20     21     24     27     31
   50.00     37     46     59     77    105    146    205    290    413    583
   60.00    806   1082   1397   1745   1456    417    278      0

 E SPECTRUM OF PARENT 166Er  
    AVERAGE= 180.266    SUM=   0.380E+01
  161.07     73    162    184    202    219    237    255    271    287    301
  171.07    313    324    339    346    350    351    350    346    340    330
  181.07    319    305    290    274    257    239    222    206    191    178
  191.07    165    155    146    138    132    126    121    116    110    104
  201.07     97     89     80     71     61     51     42     33     25     18
  211.07     13      8      5      3      1      0      0      0      0      0

 DJN SPEC
    AVERAGE=  -0.799    SUM=   0.257E+01
   -1.00   7986   2013      0      0      0      0      0      0      0      0

 DJP SPEC
    AVERAGE=  -0.791    SUM=   0.157E+00
   -1.00   7912   2087      0      0      0      0      0      0      0      0

 DJA SPEC
    AVERAGE=  -2.517    SUM=   0.955E-01
   -9.00      0      0      0      0      0      0   7221   1061   1378    338

   N   M   EXMAX  AV.EX. NW  MW  EXMAXW      Q      AL   DELTA     AVJ      DJ        TOTAL  BRANCH
  68  60   220.1   180.3  70  35   160.1    0.00   19.92    0.00   34.41    0.00     0.380E+01 10000    
  73  56   211.5   169.9  79  31   152.5   -8.48   19.82   -1.01   33.39    1.02     0.257E+01  6760   N
  73  56   208.8   166.2  79  31   149.8   -7.32   19.82   -0.82   32.07    2.34     0.157E+00   414   P
  73  56   208.9   165.8  80  62   149.9    0.83   19.52    0.00   33.67    0.74     0.955E-01   251   A
                   184.3  68  36   161.1  -34.66   22.85    0.00   58.50             0.161E+00   425   F
                                                                                     0.000E+00     0   G

 SPECTRA N,P,A  AVE    5.58   13.09   22.44         SUMS  0.3257E+01  0.2255E+00  0.1459E+00
 SEQIN:PAIR,DELT,CST   4  11.00   1.160 AL=  19.82  19.72  19.72  19.42  22.74 DELTA= -1.01  0.00 -1.49 -0.97 -1.01
 AF/AN=   1.100   BS,BK=   1.2848   1.5193 DPBAR=  32.62 A= 165. Z=  68. Y=   0.429
 SHELL CORRECTIONS        -1.9    -1.6    -1.9    -1.7     0.0

 GRIDS  NROW,NSTEP   5   5
 SUMN,SUMLOW    0.2568E+01    0.0000E+00
 GOT POPP FROM UNIT  11      SUMP  0.9348E+00   M,N,EXMAX  56  73   219.5     165Er      CN= 173Hf  
 SUMPOP FLOST,SUM,EXMAX,M,N  0.8506E-10  0.3503E+01  216.50  61  67  0.9348E+00  219.50  56  73  0.2568E+01  211.49  56  73  2 -5
 GOT POPA FROM UNIT  13      SUMA  0.1497E+00   M,N,EXMAX  53  77   240.6     167Er  
 SUMPOP FLOST,SUM,EXMAX,M,N  0.3012E-01  0.3623E+01  216.61  61  67  0.3503E+01  216.50  61  67  0.1497E+00  240.61  53  77  0 23
 CUTOFF   NSTEP,TOTAL,TRIM,TRIMJ,TRIME,TRIMLEV   5  0.3623E+01  0.1994E-06  0.0000E+00  0.0000E+00  0.1994E-06
          ICUT,AMX,ALEVEL,IAGAIN   3  0.1282E-01  0.9785E-07  17    CUT,PRCNT  0.100E-06  0.100E+01  M1,N1=  61  67
 DIMENSIONS  61  67   216.6  56  72   209.9  56  72   205.8  56  72   205.7
 DENSTY: JSHAP= 48    JBAR= 93        70.5     9.0
 EVA M1,N1=    61    67
 NOP,NOA,NOF,NOG,KE2MX= 0 0 0 016  NOLEP,NOLJI,NOLJF,JFJI= 1 1 1 1

 EVA  M1*N1  4087    ZEROS     0    CUTS     0    CUTPOP  0.1811E-07    SUM CUTS  0.0000E+00
 LOSS BELOW YRAST LINE  0.0000E+00
 EVA-,STEP  5
 SEQOUT NROW,NSTEP   5   5         PARENT 165Er      ELAB   309.0    EXCIT   272.7

 SUMP,SUMLOW    0.1457E+00    0.0000E+00
 WROTE POPP ON UNIT  10               164Ho  
 SUMA,SUMLOW    0.8543E-01    0.0000E+00
 WROTE POPA ON UNIT  12               161Dy  
 TOTAL    0.3623E+01
 FLOST(SUMPOP),TRIM(CUTOFF),RLOST(POPUL),RP 
   0.3012E-01   0.1994E-06   0.3444E-03   0.9832E+00   0.9778E-01   0.6759E-01   0.0000E+00

 J SPECTRUM OF PARENT 165Er  
    AVERAGE=  33.949    SUM=   0.362E+01
    0.00      7     22     37     52     66    164     98    111    123    784
   10.00    597    267    264    205    201    200    198    194    189    183
   20.00    176    169    160    151    142    132    122    113    103     94
   30.00     85     77     69     62     55     50     45     41     37     34
   40.00     31     29     27     26     25     24     24     25     27     29
   50.00     33     38     46     58     75     98    131    176    237    314
   60.00    407    514    631    562    278    199     21

 J SPECTRUM OF FISS   165Er  
    AVERAGE=  58.028    SUM=   0.161E+00
    0.00      0      1      1      2      3      8      5      5      6     37
   10.00     36     16     16     14     14     14     15     16     16     17
   20.00     17     17     18     18     18     19     19     19     19     19
   30.00     19     19     19     19     19     19     19     19     19     19
   40.00     20     20     21     21     23     24     26     30     34     40
   50.00     48     59     76    100    136    187    259    361    503    689
   60.00    925   1204   1514   1434    868    637     93

 E SPECTRUM OF PARENT 165Er  
    AVERAGE= 174.363    SUM=   0.362E+01
  156.61    274    284    292    299    304    307    307    328    327    324
  166.61    320    315    309    302    295    287    279    271    264    258
  176.61    252    246    241    236    232    227    221    215    207    199
  186.61    189    178    165    151    137    122    106     91     77     64
  196.61     52     42     33     27     22     19     17     16     16     16
  206.61     17     18     19     20     20     21     21     20     19     18
  216.61     16

 DJN SPEC
    AVERAGE=  -0.803    SUM=   0.208E+01
   -1.00   8034   1965      0      0      0      0      0      0      0      0

 DJP SPEC
    AVERAGE=  -0.799    SUM=   0.146E+00
   -1.00   7992   2007      0      0      0      0      0      0      0      0

 DJA SPEC
    AVERAGE=  -2.542    SUM=   0.854E-01
   -9.00      0      0      0      0      0      0   7373    976   1341    307

   N   M   EXMAX  AV.EX. NW  MW  EXMAXW      Q      AL   DELTA     AVJ      DJ        TOTAL  BRANCH
  67  61   216.6   174.4  69  36   155.6    0.00   19.82   -1.01   33.95    0.00     0.362E+01 10000    
  72  56   209.9   168.1  78  32   149.9   -6.65   19.72    0.00   33.00    0.95     0.208E+01  5746   N
  72  56   205.8   163.4  78  32   145.8   -6.83   19.72   -1.49   31.76    2.19     0.146E+00   402   P
  72  56   205.7   162.8  80  62   145.7    1.11   19.42   -0.97   33.11    0.84     0.854E-01   236   A
                   179.3  67  37   156.6  -34.04   22.74   -1.01   58.03             0.161E+00   444   F
                                                                                     0.000E+00     0   G

 SPECTRA N,P,A  AVE    5.52   13.03   22.37         SUMS  0.3056E+01  0.2434E+00  0.1530E+00
1    ROW  5      ELEMENT Er      X-SECTION   0.000E+00
(14)N+(159)Tb -> (173)Hf                                                
 ELAB(MEV)  309.000     Q-VALUE  -11.257    EXCIT  272.737
 SIGFUS,SIGEVA,SIGFIS,SIGMXZ  0.9476E+03  0.0000E+00  0.8573E+03  0.0000E+00
 ZT= 65    AT 159    ZP  7    AP  14


             169Er     168Er     167Er     166Er     165Er  
 SIG        0.000E+00 0.000E+00 0.000E+00 0.000E+00 0.000E+00
 B-G               0         0         0         0         0
  R-N           8754      8757      8076      6760      5746
 BR-P            400       424       485       414       402
 BR-A            274       284       310       251       236
 BR-F            386       305       571       425       444
 SIGF       0.488E-03 0.155E-02 0.123E+00 0.161E+00 0.161E+00
 TOTAL      0.126E-01 0.507E-01 0.215E+01 0.380E+01 0.362E+01
 EXCP          192.9     181.6     191.1     180.3     174.4
 SPINP          36.1      33.9      36.5      34.4      33.9
 EXCF          194.9     183.9     194.6     184.3     179.3
 SPINF          59.2      59.4      59.1      58.5      58.0
 DJN           -0.86     -0.82     -0.82     -0.80     -0.80
 DJP           -0.84     -0.81     -0.81     -0.79     -0.80
 DJA           -2.63     -2.56     -2.54     -2.52     -2.54
 AV.E N         5.75      5.59      5.74      5.58      5.52
 AV.E P        13.25     13.08     13.25     13.09     13.03
 AV.E A        22.63     22.43     22.62     22.44     22.37
 SUM GAM         0.0       0.0       0.0       0.0       0.0
 SPIN GAM        0.0       0.0       0.0       0.0       0.0

 TRIM       0.565E-09 0.458E-08 0.102E-06 0.742E-07 0.199E-06
 FLOST      0.000E+00-0.555E-16 0.141E-01 0.259E-01 0.301E-01
 RP         0.000E+00 0.000E+00 0.000E+00 0.000E+00 0.000E+00
 RLOSTG     0.520E-10 0.322E-09 0.534E-05 0.199E-03 0.344E-03
 RLOSTN     0.190E-03 0.930E-03 0.972E-01 0.698E+00 0.983E+00
 RLOSTP     0.218E-04 0.118E-03 0.123E-01 0.682E-01 0.978E-01
 RLOSTA     0.222E-04 0.116E-03 0.105E-01 0.505E-01 0.676E-01
 TIME              0         0         0         0         0

 STORAGE
  1.  1.  3.  3.  3.
  0.  0.  2.  2.  2.
1     ENERGY   309.000     0.000

 HIVAP  ENGOUT

(14)N+(159)Tb -> (173)Hf                                                
    ELAB=   309.0      EXCIT=   272.7      CN= 173Hf  
    FUSION X-SECT=  0.9476E+03      LCRIT=  72.0
    EVAP SO FAR  0.0000E+00      FISSION  0.8573E+03

 MASS DISTRIBUTION
        3           2           1           0           9                 8           7           6           5           4
 173  0.0000E+00  0.0000E+00  0.0000E+00  0.0000E+00  0.0000E+00        0.0000E+00  0.0000E+00  0.0000E+00  0.0000E+00  0.0000E+00

 Z-DISTIBUTION
    Er         Tm         Yb         Lu         Hf  
  0.000E+00  0.000E+00  0.000E+00  0.000E+00  0.000E+00

  CROSS SECTIONS (MB)
  169Hf      170Hf      171Hf      172Hf      173Hf  
  0.000E+00  0.000E+00  0.000E+00  0.000E+00  0.000E+00
  168Lu      169Lu      170Lu      171Lu      172Lu  
  0.000E+00  0.000E+00  0.000E+00  0.000E+00  0.000E+00
  167Yb      168Yb      169Yb      170Yb      171Yb  
  0.000E+00  0.000E+00  0.000E+00  0.000E+00  0.000E+00
  166Tm      167Tm      168Tm      169Tm      170Tm  
  0.000E+00  0.000E+00  0.000E+00  0.000E+00  0.000E+00
  165Er      166Er      167Er      168Er      169Er  
  0.000E+00  0.000E+00  0.000E+00  0.000E+00  0.000E+00

 HALFLIFE FIRST STEP IN UNITS OF 10**(-22) SEC AS FUNTION OF J
   0.230E+01   0.176E+01   0.175E+01   0.175E+01   0.175E+01   0.174E+01   0.174E+01   0.173E+01   0.172E+01   0.171E+01
   0.170E+01   0.174E+01   0.171E+01   0.168E+01   0.165E+01   0.163E+01   0.160E+01   0.157E+01   0.153E+01   0.150E+01
   0.147E+01   0.143E+01   0.140E+01   0.136E+01   0.132E+01   0.129E+01   0.125E+01   0.121E+01   0.116E+01   0.112E+01
   0.108E+01   0.104E+01   0.100E+01   0.961E+00   0.920E+00   0.880E+00   0.840E+00   0.801E+00   0.764E+00   0.727E+00
   0.692E+00   0.662E+00   0.636E+00   0.613E+00   0.592E+00   0.573E+00   0.557E+00   0.543E+00   0.533E+00   0.526E+00
   0.523E+00   0.525E+00   0.532E+00   0.544E+00   0.561E+00   0.586E+00   0.619E+00   0.661E+00   0.715E+00   0.781E+00
   0.860E+00   0.951E+00   0.106E+01   0.117E+01   0.129E+01   0.143E+01   0.157E+01   0.171E+01   0.184E+01   0.195E+01
   0.206E+01   0.216E+01   0.225E+01   0.232E+01   0.000E+00   0.000E+00   0.000E+00   0.000E+00   0.000E+00   0.000E+00
1     ENERGY   309.000     0.000
  173.   72.   0.0010    21     1    25    25    35    12    12    20
 DEL     1.0     0.1     4.0    12.0     0.0
 TRANSM  APAR,ZPAR,SIGLOW,UNIT,DEL 173.0  72.0  0.10E-02  21     0.1     4.0    13.0
 SEQIN:PAIR,DELT,CST   4  11.00   1.160 AL=  20.60  20.51  20.51  20.21  23.51 DELTA= -0.80  0.00 -1.60 -0.89 -0.80
 AF/AN=   1.100   BS,BK=   1.2809   1.4870 DPBAR=  26.45 A= 173. Z=  72. Y=   0.378
 SHELL CORRECTIONS        -2.1    -1.9    -2.2    -2.1     0.0
1 NEW ROW

 GRIDS  NROW,NSTEP   1   1
 SUMN,SUMLOW    0.9476E+03    0.0000E+00
 SUMPOP FLOST,SUM,EXMAX,M,N  0.0000E+00  0.9476E+03  272.74   1  74
 SUMPOP FLOST,SUM,EXMAX,M,N  0.0000E+00  0.9476E+03  272.74   1  74
 CUTOFF   NSTEP,TOTAL,TRIM,TRIMJ,TRIME,TRIMLEV   1  0.9476E+03  0.0000E+00  0.0000E+00  0.0000E+00  0.0000E+00
          ICUT,AMX,ALEVEL,IAGAIN   0  0.2569E+02  0.1568E-02  14    CUT,PRCNT  0.100E-07  0.100E+01  M1,N1=   1  74
 CUTOFF OLD,NEW M1   1  55
 DIMENSIONS  55  74   272.7  51  79   265.6  51  79   262.8  51  79   262.3
 DENSTY: JSHAP= 49    JBAR= 84        66.5     7.0
 EVA M1,N1=    55    74
 NOP,NOA,NOF,NOG,KE2MX= 0 0 0 016  NOLEP,NOLJI,NOLJF,JFJI= 1 1 1 1

 EVA  M1*N1  4070    ZEROS  2963    CUTS   560    CUTPOP  0.4738E-05    SUM CUTS  0.1490E-03
 LOSS BELOW YRAST LINE  0.0000E+00
 EVA-,STEP  1
 SEQOUT NROW,NSTEP   1   1         PARENT 173Hf      ELAB   309.0    EXCIT   272.7

 SUMP,SUMLOW    0.5137E+02    0.0000E+00
 WROTE POPP ON UNIT  10               172Lu  
 SUMA,SUMLOW    0.2879E+02    0.0000E+00
 WROTE POPA ON UNIT  12               169Yb  
 TOTAL    0.9476E+03
 FLOST(SUMPOP),TRIM(CUTOFF),RLOST(POPUL),RP 
   0.0000E+00   0.1490E-03   0.0000E+00   0.0000E+00   0.0000E+00   0.0000E+00   0.0000E+00

 J SPECTRUM OF PARENT 173Hf  
    AVERAGE=  47.914    SUM=   0.948E+03
    0.00      1      5      9     13     17     20     24     28     32     36
   10.00     39     43     47     51     54     58     62     66     70     73
   20.00     77     81     85     89     92     96    100    104    108    111
   30.00    115    119    123    127    130    134    138    142    146    149
   40.00    153    157    161    164    168    172    176    180    183    187
   50.00    191    195    199    202    206    210    214    218    221    225
   60.00    229    233    237    240    244    248    252    255    259    263
   70.00    267    271    170      0

 J SPECTRUM OF FISS   173Hf  
    AVERAGE=  47.414    SUM=   0.545E+03
    0.00      0      2      4      7      9     11     13     15     18     20
   10.00     23     26     29     32     35     38     41     44     48     52
   20.00     56     60     65     70     75     81     86     92     99    105
   30.00    112    119    126    134    142    150    158    166    174    183
   40.00    191    199    207    215    222    230    237    244    250    257
   50.00    262    268    272    276    279    280    281    280    277    272
   60.00    265    255    243    229    213    195    176    157    139    122
   70.00    108     94     50      0

 E SPECTRUM OF PARENT 173Hf  
    AVERAGE= 272.737    SUM=   0.948E+03
  268.74      0      0      0      0  10000

 DJN SPEC
    AVERAGE=  -0.963    SUM=   0.322E+03
   -1.00   9630    369      0      0      0      0      0      0      0      0

 DJP SPEC
    AVERAGE=  -0.961    SUM=   0.514E+02
   -1.00   9609    390      0      0      0      0      0      0      0      0

 DJA SPEC
    AVERAGE=  -2.894    SUM=   0.288E+02
   -9.00      0      0      0      0      0      0   9351    334    212    101

   N   M   EXMAX  AV.EX. NW  MW  EXMAXW      Q      AL   DELTA     AVJ      DJ        TOTAL  BRANCH
  74  55   272.7   272.7  76  32   217.7    0.00   20.60   -0.80   47.91    0.00     0.948E+03 10000    
  79  51   265.6   259.0  80  31   211.6   -7.08   20.51    0.00   47.66    0.25     0.322E+03  3403   N
  79  51   262.8   252.1  80  31   208.8   -5.97   20.51   -1.60   46.90    1.01     0.514E+02   542   P
  79  51   262.3   250.5  80  62   208.3    2.54   20.21   -0.89   46.64    1.27     0.288E+02   304   A
                   272.7  74  33   218.7  -28.06   23.51   -0.80   47.41             0.545E+03  5751   F
                                                                                     0.000E+00     0   G

 SPECTRA N,P,A  AVE    6.67   14.68   24.79         SUMS  0.3220E+03  0.5134E+02  0.2878E+02
 SEQIN:PAIR,DELT,CST   4  11.00   1.160 AL=  20.51  20.41  20.41  20.11  23.40 DELTA=  0.00 -0.99 -1.02  0.00  0.00
 AF/AN=   1.100   BS,BK=   1.2807   1.4859 DPBAR=  26.08 A= 172. Z=  72. Y=   0.377
 SHELL CORRECTIONS        -1.9    -1.8    -2.1    -1.9     0.0

 GRIDS  NROW,NSTEP   1   2
 SUMN,SUMLOW    0.3225E+03    0.0000E+00
 SUMPOP FLOST,SUM,EXMAX,M,N  0.0000E+00  0.3225E+03  265.56  51  79
 SUMPOP FLOST,SUM,EXMAX,M,N  0.0000E+00  0.3225E+03  265.56  51  79
 CUTOFF   NSTEP,TOTAL,TRIM,TRIMJ,TRIME,TRIMLEV   2  0.3225E+03  0.0000E+00  0.0000E+00  0.0000E+00  0.0000E+00
          ICUT,AMX,ALEVEL,IAGAIN   0  0.1867E+01  0.8903E-06  21    CUT,PRCNT  0.100E-06  0.100E+01  M1,N1=  51  73
 CUTOFF OLD,NEW M1  51  56
 DIMENSIONS  56  73   265.6  52  78   256.4  52  78   255.7  52  78   255.3
 DENSTY: JSHAP= 49    JBAR= 84        66.5     7.0
 EVA M1,N1=    56    73
 NOP,NOA,NOF,NOG,KE2MX= 0 0 0 016  NOLEP,NOLJI,NOLJF,JFJI= 1 1 1 1

 EVA  M1*N1  4088    ZEROS  1288    CUTS   518    CUTPOP  0.4451E-06    SUM CUTS  0.9503E-05
 LOSS BELOW YRAST LINE  0.0000E+00
 EVA-,STEP  2
 SEQOUT NROW,NSTEP   1   2         PARENT 172Hf      ELAB   309.0    EXCIT   272.7

 SUMP,SUMLOW    0.2301E+02    0.0000E+00
 WROTE POPP ON UNIT  10               171Lu  
 SUMA,SUMLOW    0.1260E+02    0.0000E+00
 WROTE POPA ON UNIT  12               168Yb  
 TOTAL    0.3225E+03
 FLOST(SUMPOP),TRIM(CUTOFF),RLOST(POPUL),RP 
   0.0000E+00   0.9503E-05   0.0000E+00   0.1419E-05   0.7762E-06   0.6315E-03   0.0000E+00

 J SPECTRUM OF PARENT 172Hf  
    AVERAGE=  47.659    SUM=   0.322E+03
    0.00      3      9     15     21     27     33     40     45     51     57
   10.00    129     72     77     82     86     91     95     99    103    106
   20.00    109    111    114    116    117    118    119    119    119    119
   30.00    118    117    116    115    113    111    108    106    104    101
   40.00     99     97     96     94     93     93     92     92     93     94
   50.00     96     99    103    108    114    123    133    146    161    180
   60.00    202    227    256    286    320    355    390    424    456    485
   70.00    513    333      0

 J SPECTRUM OF FISS   172Hf  
    AVERAGE=  48.104    SUM=   0.155E+03
    0.00      1      4      7     11     14     17     21     24     28     32
   10.00     73     43     47     51     55     59     63     67     71     76
   20.00     80     85     89     94     98    103    107    111    115    119
   30.00    123    126    129    131    133    135    137    138    138    138
   40.00    139    139    140    140    141    141    142    144    146    149
   50.00    152    157    163    171    180    191    204    219    236    255
   60.00    275    294    311    325    334    336    331    319    303    283
   70.00    263    147      0

 E SPECTRUM OF PARENT 172Hf  
    AVERAGE= 258.981    SUM=   0.322E+03
  240.56      0     17     21     28     35     45     58     74     95    120
  250.56    152    192    240    298    368    450    547    656    773    896
  260.56   1008   1082   1098    986    665     84

 DJN SPEC
    AVERAGE=  -0.938    SUM=   0.132E+03
   -1.00   9379    620      0      0      0      0      0      0      0      0

 DJP SPEC
    AVERAGE=  -0.934    SUM=   0.230E+02
   -1.00   9343    656      0      0      0      0      0      0      0      0

 DJA SPEC
    AVERAGE=  -2.831    SUM=   0.126E+02
   -9.00      0      0      0      0      0      0   8984    483    384    147

   N   M   EXMAX  AV.EX. NW  MW  EXMAXW      Q      AL   DELTA     AVJ      DJ        TOTAL  BRANCH
  73  56   265.6   259.0  75  33   209.6    0.00   20.51    0.00   47.66    0.00     0.322E+03 10000    
  78  52   256.4   243.3  80  31   201.4   -9.04   20.41   -0.99   46.34    1.32     0.132E+03  4097   N
  78  52   255.7   238.5  80  31   200.7   -5.86   20.41   -1.02   45.44    2.22     0.230E+02   714   P
  78  52   255.3   237.0  80  62   200.3    2.76   20.11    0.00   45.70    1.96     0.126E+02   391   A
                   259.1  73  34   210.6  -27.55   23.40    0.00   48.10             0.155E+03  4799   F
                                                                                     0.000E+00     0   G

 SPECTRA N,P,A  AVE    6.51   14.53   24.60         SUMS  0.1319E+03  0.2300E+02  0.1260E+02
 SEQIN:PAIR,DELT,CST   4  11.00   1.160 AL=  20.41  20.31  20.31  20.01  23.29 DELTA= -0.99  0.00 -1.61 -1.09 -0.99
 AF/AN=   1.100   BS,BK=   1.2805   1.4847 DPBAR=  25.70 A= 171. Z=  72. Y=   0.376
 SHELL CORRECTIONS        -1.8    -1.7    -1.7    -1.6     0.0

 GRIDS  NROW,NSTEP   1   3
 SUMN,SUMLOW    0.1321E+03    0.0000E+00
 SUMPOP FLOST,SUM,EXMAX,M,N  0.0000E+00  0.1321E+03  256.41  52  78
 SUMPOP FLOST,SUM,EXMAX,M,N  0.0000E+00  0.1321E+03  256.41  52  78
 CUTOFF   NSTEP,TOTAL,TRIM,TRIMJ,TRIME,TRIMLEV   3  0.1321E+03  0.1008E-04  0.0000E+00  0.0000E+00  0.1008E-04
          ICUT,AMX,ALEVEL,IAGAIN 209  0.6899E+00  0.6579E-06  20    CUT,PRCNT  0.100E-06  0.100E+01  M1,N1=  52  72
 CUTOFF OLD,NEW M1  52  56
 DIMENSIONS  56  72   256.4  53  77   249.1  53  77   247.0  53  77   246.1
 DENSTY: JSHAP= 49    JBAR= 83        66.0     6.8
 EVA M1,N1=    56    72
 NOP,NOA,NOF,NOG,KE2MX= 0 0 0 016  NOLEP,NOLJI,NOLJF,JFJI= 1 1 1 1

 EVA  M1*N1  4032    ZEROS     2    CUTS   510    CUTPOP  0.3290E-06    SUM CUTS  0.7393E-05
 LOSS BELOW YRAST LINE  0.0000E+00
 EVA-,STEP  3
 SEQOUT NROW,NSTEP   1   3         PARENT 171Hf      ELAB   309.0    EXCIT   272.7

 SUMP,SUMLOW    0.1186E+02    0.0000E+00
 WROTE POPP ON UNIT  10               170Lu  
 SUMA,SUMLOW    0.6297E+01    0.0000E+00
 WROTE POPA ON UNIT  12               167Yb  
 TOTAL    0.1321E+03
 FLOST(SUMPOP),TRIM(CUTOFF),RLOST(POPUL),RP 
   0.0000E+00   0.1748E-04   0.0000E+00   0.1558E-01   0.8987E-02   0.1063E-01   0.0000E+00

 J SPECTRUM OF PARENT 171Hf  
    AVERAGE=  46.342    SUM=   0.132E+03
    0.00      4     13     22     31     40     48     57     65     73     80
   10.00    280    105    111    116    121    125    129    131    134    135
   20.00    136    136    135    134    132    129    126    122    118    113
   30.00    109    104     98     93     87     82     77     71     66     62
   40.00     58     55     52     49     47     46     44     43     43     43
   50.00     45     47     50     54     60     67     78     92    111    135
   60.00    166    205    251    307    373    446    522    599    673    746
   70.00    507      0

 J SPECTRUM OF FISS   171Hf  
    AVERAGE=  48.486    SUM=   0.522E+02
    0.00      2      6     11     15     20     24     29     34     39     43
   10.00    155     61     66     70     75     80     84     88     93     97
   20.00    101    104    108    111    113    116    117    119    119    120
   30.00    120    119    117    115    113    110    106    102     98     95
   40.00     92     89     86     84     82     80     79     79     79     80
   50.00     83     87     92    100    110    123    139    161    189    222
   60.00    260    304    349    397    442    476    498    506    502    491
   70.00    292      0

 E SPECTRUM OF PARENT 171Hf  
    AVERAGE= 243.264    SUM=   0.132E+03
  211.41      0      0      0      0      1      1      2      3      4      6
  221.41      8     12     16     21     28     37     48     62     78     98
  231.41    119    143    169    200    235    274    316    363    412    463
  241.41    514    563    607    643    668    676    664    628    566    480
  251.41    374    258    147     59     11      0

 DJN SPEC
    AVERAGE=  -0.906    SUM=   0.617E+02
   -1.00   9058    941      0      0      0      0      0      0      0      0

 DJP SPEC
    AVERAGE=  -0.901    SUM=   0.119E+02
   -1.00   9006    993      0      0      0      0      0      0      0      0

 DJA SPEC
    AVERAGE=  -2.754    SUM=   0.630E+01
   -9.00      0      0      0      0      0      0   8546    640    616    196

   N   M   EXMAX  AV.EX. NW  MW  EXMAXW      Q      AL   DELTA     AVJ      DJ        TOTAL  BRANCH
  72  56   256.4   243.3  74  33   200.4    0.00   20.41   -0.99   46.34    0.00     0.132E+03 10000    
  77  53   249.1   229.4  80  31   194.1   -7.25   20.31    0.00   44.07    2.28     0.617E+02  4673   N
  77  53   247.0   223.3  80  31   192.0   -5.41   20.31   -1.61   43.05    3.29     0.119E+02   898   P
  77  53   246.1   221.5  80  62   191.1    2.74   20.01   -1.09   43.81    2.54     0.630E+01   477   A
                   243.6  72  34   201.4  -27.05   23.29   -0.99   48.49             0.522E+02  3950   F
                                                                                     0.000E+00     0   G

 SPECTRA N,P,A  AVE    6.35   14.37   24.40         SUMS  0.6164E+02  0.1186E+02  0.6307E+01
 SEQIN:PAIR,DELT,CST   4  11.00   1.160 AL=  20.31  20.21  20.21  19.92  23.17 DELTA=  0.00 -1.19 -1.10  0.00  0.00
 AF/AN=   1.100   BS,BK=   1.2802   1.4834 DPBAR=  25.31 A= 170. Z=  72. Y=   0.375
 SHELL CORRECTIONS        -1.7    -1.5    -1.8    -1.4     0.0

 GRIDS  NROW,NSTEP   1   4
 SUMN,SUMLOW    0.6174E+02    0.0000E+00
 SUMPOP FLOST,SUM,EXMAX,M,N  0.0000E+00  0.6174E+02  249.06  53  77
 SUMPOP FLOST,SUM,EXMAX,M,N  0.0000E+00  0.6174E+02  249.06  53  77
 CUTOFF   NSTEP,TOTAL,TRIM,TRIMJ,TRIME,TRIMLEV   4  0.6174E+02  0.5511E-05  0.0000E+00  0.0000E+00  0.5511E-05
          ICUT,AMX,ALEVEL,IAGAIN  42  0.3163E+00  0.3016E-06  20    CUT,PRCNT  0.100E-06  0.100E+01  M1,N1=  53  71
 CUTOFF OLD,NEW M1  53  57
 DIMENSIONS  57  71   249.1  53  76   239.4  53  76   239.6  53  76   239.0
 DENSTY: JSHAP= 49    JBAR= 82        65.5     6.6
 EVA M1,N1=    57    71
 NOP,NOA,NOF,NOG,KE2MX= 0 0 0 016  NOLEP,NOLJI,NOLJF,JFJI= 1 1 1 1

 EVA  M1*N1  4047    ZEROS    41    CUTS   231    CUTPOP  0.1508E-06    SUM CUTS  0.1295E-04
 LOSS BELOW YRAST LINE  0.0000E+00
 EVA-,STEP  4
 SEQOUT NROW,NSTEP   1   4         PARENT 170Hf      ELAB   309.0    EXCIT   272.7

 SUMP,SUMLOW    0.6572E+01    0.0000E+00
 WROTE POPP ON UNIT  10               169Lu  
 SUMA,SUMLOW    0.3362E+01    0.0000E+00
 WROTE POPA ON UNIT  12               166Yb  
 TOTAL    0.6174E+02
 FLOST(SUMPOP),TRIM(CUTOFF),RLOST(POPUL),RP 
   0.0000E+00   0.1846E-04   0.6596E-05   0.1363E+00   0.7314E-01   0.5334E-01   0.0000E+00

 J SPECTRUM OF PARENT 170Hf  
    AVERAGE=  44.066    SUM=   0.617E+02
    0.00      6     17     29     41     53     64     76     86     96    105
   10.00    497    140    146    151    155    158    159    160    160    158
   20.00    156    153    148    143    137    131    124    116    109    101
   30.00     93     86     78     71     64     57     51     45     40     36
   40.00     32     29     27     25     23     21     20     20     19     20
   50.00     20     22     24     27     31     38     47     60     79    104
   60.00    140    187    248    329    427    539    661    787    915    649

 J SPECTRUM OF FISS   170Hf  
    AVERAGE=  48.944    SUM=   0.205E+02
    0.00      2      8     13     18     24     29     36     42     47     53
   10.00    256     77     81     86     90     95     99    102    105    108
   20.00    111    113    114    115    116    115    114    112    110    108
   30.00    104    100     95     91     85     80     74     69     63     59
   40.00     55     52     49     46     44     42     41     40     40     41
   50.00     43     46     50     57     66     78     96    120    152    194
   60.00    247    312    388    475    562    638    697    737    759    479

 E SPECTRUM OF PARENT 170Hf  
    AVERAGE= 229.410    SUM=   0.617E+02
  193.06      0      0      0      0      1      1      2      2      3      4
  203.06      6      8     10     14     17     22     28     35     44     54
  213.06     66     80     96    114    135    158    183    211    240    271
  223.06    304    337    371    405    437    467    493    514    529    536
  233.06    533    520    496    461    416    362    302    240    179    124
  243.06     77     42     18      6      1      0      0

 DJN SPEC
    AVERAGE=  -0.865    SUM=   0.311E+02
   -1.00   8652   1347      0      0      0      0      0      0      0      0

 DJP SPEC
    AVERAGE=  -0.859    SUM=   0.657E+01
   -1.00   8588   1411      0      0      0      0      0      0      0      0

 DJA SPEC
    AVERAGE=  -2.660    SUM=   0.336E+01
   -9.00      0      0      0      0      0      0   8021    807    921    249

   N   M   EXMAX  AV.EX. NW  MW  EXMAXW      Q      AL   DELTA     AVJ      DJ        TOTAL  BRANCH
  71  57   249.1   229.4  73  34   192.1    0.00   20.31    0.00   44.07    0.00     0.617E+02 10000    
  76  53   239.4   213.4  80  31   183.4   -9.61   20.21   -1.19   40.83    3.24     0.311E+02  5031   N
  76  53   239.6   209.8  80  31   183.6   -5.46   20.21   -1.10   39.83    4.24     0.657E+01  1065   P
  76  53   239.0   208.4  80  62   183.0    2.92   19.92    0.00   40.97    3.09     0.336E+01   545   A
                   230.0  71  35   193.1  -26.53   23.17    0.00   48.94             0.205E+02  3318   F
                                                                                     0.000E+00     0   G

 SPECTRA N,P,A  AVE    6.18   14.21   24.20         SUMS  0.3113E+02  0.6642E+01  0.3415E+01
 SEQIN:PAIR,DELT,CST   4  11.00   1.160 AL=  20.21  20.11  20.11  19.82  23.06 DELTA= -1.19  0.00 -1.67 -1.11 -1.19
 AF/AN=   1.100   BS,BK=   1.2798   1.4818 DPBAR=  24.90 A= 169. Z=  72. Y=   0.373
 SHELL CORRECTIONS        -1.5    -1.4    -1.3    -1.3     0.0

 GRIDS  NROW,NSTEP   1   5
 SUMN,SUMLOW    0.3106E+02    0.0000E+00
 SUMPOP FLOST,SUM,EXMAX,M,N  0.0000E+00  0.3106E+02  239.35  53  76
 SUMPOP FLOST,SUM,EXMAX,M,N  0.0000E+00  0.3106E+02  239.35  53  76
 CUTOFF   NSTEP,TOTAL,TRIM,TRIMJ,TRIME,TRIMLEV   5  0.3106E+02  0.1307E-06  0.0000E+00  0.1307E-06  0.0000E+00
          ICUT,AMX,ALEVEL,IAGAIN  42  0.1506E+00  0.7184E-07  21    CUT,PRCNT  0.100E-06  0.100E+01  M1,N1=  52  70
 CUTOFF OLD,NEW M1  52  58
 DIMENSIONS  58  70   238.4  54  75   230.8  54  75   229.4  54  75   228.5
 DENSTY: JSHAP= 48    JBAR= 82        65.0     6.8
 EVA M1,N1=    58    70
 NOP,NOA,NOF,NOG,KE2MX= 0 0 0 016  NOLEP,NOLJI,NOLJF,JFJI= 1 1 1 1

 EVA  M1*N1  4060    ZEROS     1    CUTS    98    CUTPOP  0.3592E-07    SUM CUTS  0.1489E-05
 LOSS BELOW YRAST LINE  0.0000E+00
 EVA-,STEP  5
 SEQOUT NROW,NSTEP   1   5         PARENT 169Hf      ELAB   309.0    EXCIT   272.7

 SUMP,SUMLOW    0.3796E+01    0.0000E+00
 WROTE POPP ON UNIT  10               168Lu  
 SUMA,SUMLOW    0.1844E+01    0.0000E+00
 WROTE POPA ON UNIT  12               165Yb  
 TOTAL    0.3106E+02
 FLOST(SUMPOP),TRIM(CUTOFF),RLOST(POPUL),RP 
   0.0000E+00   0.1620E-05   0.6097E-05   0.2370E+00   0.1406E+00   0.8695E-01   0.0000E+00

 J SPECTRUM OF PARENT 169Hf  
    AVERAGE=  40.830    SUM=   0.311E+02
    0.00      7     22     37     52     67     80     97    109    121    131
   10.00    790    178    183    187    189    190    189    186    183    178
   20.00    172    164    156    147    138    127    117    107     97     87
   30.00     78     69     60     52     45     38     33     28     24     20
   40.00     18     16     14     12     11     10      9      9      9      9
   50.00     10     10     12     14     17     23     30     42     60     86
   60.00    124    179    256    361    492    645    815    997    738      0

 J SPECTRUM OF FISS   169Hf  
    AVERAGE=  49.303    SUM=   0.873E+01
    0.00      3      9     15     21     27     33     41     47     53     59
   10.00    366     88     92     96    100    104    106    109    111    112
   20.00    113    113    112    111    109    106    103     99     95     90
   30.00     84     79     73     66     60     54     49     43     39     35
   40.00     32     29     27     24     23     21     20     20     20     21
   50.00     22     24     28     33     40     51     67     91    125    172
   60.00    237    323    433    567    707    843    963   1064    712      0

 E SPECTRUM OF PARENT 169Hf  
    AVERAGE= 213.390    SUM=   0.311E+02
  181.35      0      0      0      0      0      0     13     16     20     25
  191.35     30     37     45     54     65     77     90    106    123    142
  201.35    162    185    208    233    259    286    313    339    365    389
  211.35    411    430    446    457    463    463    457    445    426    401
  221.35    369    333    293    251    209    167    128     94     65     42
  231.35     24     13      6      2      0      0      0      0

 DJN SPEC
    AVERAGE=  -0.815    SUM=   0.162E+02
   -1.00   8152   1847      0      0      0      0      0      0      0      0

 DJP SPEC
    AVERAGE=  -0.808    SUM=   0.380E+01
   -1.00   8078   1921      0      0      0      0      0      0      0      0

 DJA SPEC
    AVERAGE=  -2.547    SUM=   0.184E+01
   -9.00      0      0      0      0      0      0   7398    983   1310    307

   N   M   EXMAX  AV.EX. NW  MW  EXMAXW      Q      AL   DELTA     AVJ      DJ        TOTAL  BRANCH
  70  58   238.4   213.4  72  34   180.4    0.00   20.21   -1.19   40.83    0.00     0.311E+02 10000    
  75  54   230.8   199.9  80  31   173.8   -7.43   20.11    0.00   36.81    4.02     0.162E+02  5222   N
  75  54   229.4   195.0  80  31   172.4   -4.94   20.11   -1.67   35.88    4.95     0.380E+01  1222   P
  75  54   228.5   193.4  80  62   171.5    3.15   19.82   -1.11   37.36    3.47     0.184E+01   594   A
                   214.4  70  35   181.4  -26.01   23.06   -1.19   49.30             0.873E+01  2812   F
                                                                                     0.000E+00     0   G

 SPECTRA N,P,A  AVE    6.01   14.04   23.99         SUMS  0.1642E+02  0.3935E+01  0.1931E+01
1    ROW  1      ELEMENT Hf      X-SECTION   0.000E+00
(14)N+(159)Tb -> (173)Hf                                                
 ELAB(MEV)  309.000     Q-VALUE  -11.257    EXCIT  272.737
 SIGFUS,SIGEVA,SIGFIS,SIGMXZ  0.9476E+03  0.0000E+00  0.7812E+03  0.0000E+00
 ZT= 65    AT 159    ZP  7    AP  14


             173Hf     172Hf     171Hf     170Hf     169Hf  
 SIG        0.000E+00 0.000E+00 0.000E+00 0.000E+00 0.000E+00
 B-G               0         0         0         0         0
  R-N           3403      4097      4673      5031      5222
 BR-P            542       714       898      1065      1222
 BR-A            304       391       477       545       594
 BR-F           5751      4799      3950      3318      2812
 SIGF       0.545E+03 0.155E+03 0.522E+02 0.205E+02 0.873E+01
 TOTAL      0.948E+03 0.322E+03 0.132E+03 0.617E+02 0.311E+02
 EXCP          272.7     259.0     243.3     229.4     213.4
 SPINP          47.9      47.7      46.3      44.1      40.8
 EXCF          272.7     259.1     243.6     230.0     214.4
 SPINF          47.4      48.1      48.5      48.9      49.3
 DJN           -0.96     -0.94     -0.91     -0.87     -0.82
 DJP           -0.96     -0.93     -0.90     -0.86     -0.81
 DJA           -2.89     -2.83     -2.75     -2.66     -2.55
 AV.E N         6.67      6.51      6.35      6.18      6.01
 AV.E P        14.68     14.53     14.37     14.21     14.04
 AV.E A        24.79     24.60     24.40     24.20     23.99
 SUM GAM         0.0       0.0       0.0       0.0       0.0
 SPIN GAM        0.0       0.0       0.0       0.0       0.0

 TRIM       0.149E-03 0.950E-05 0.175E-04 0.185E-04 0.162E-05
 FLOST      0.000E+00 0.000E+00 0.000E+00 0.000E+00 0.000E+00
 RP         0.000E+00 0.000E+00 0.000E+00 0.000E+00 0.000E+00
 RLOSTG     0.000E+00 0.000E+00 0.000E+00 0.660E-05 0.610E-05
 RLOSTN     0.000E+00 0.142E-05 0.156E-01 0.136E+00 0.237E+00
 RLOSTP     0.000E+00 0.776E-06 0.899E-02 0.731E-01 0.141E+00
 RLOSTA     0.000E+00 0.632E-03 0.106E-01 0.533E-01 0.870E-01
 TIME              0         0         0         0         0

 STORAGE
  1.  1.  1.  1.  1.
  0.  0.  2.  2.  2.
  172.   71.   0.0010    21     1    25    25    35    12    12    20
 DEL     1.0     0.1     4.0    13.0     0.0
 TRANSM  APAR,ZPAR,SIGLOW,UNIT,DEL 172.0  71.0  0.10E-02  21     0.1     4.0    12.0
 SEQIN:PAIR,DELT,CST   4  11.00   1.160 AL=  20.51  20.41  20.41  20.11  23.42 DELTA= -1.60 -1.02 -0.79 -1.48 -1.60
 AF/AN=   1.100   BS,BK=   1.2819   1.4919 DPBAR=  28.38 A= 172. Z=  71. Y=   0.384
 SHELL CORRECTIONS        -2.2    -2.1    -2.5    -2.1     0.0
1 NEW ROW

 GRIDS  NROW,NSTEP   2   1
 SUMN,SUMLOW    0.0000E+00    0.0000E+00
 GOT POPP FROM UNIT  10      SUMP  0.5137E+02   M,N,EXMAX  51  79   262.8     172Lu      CN= 173Hf  
 SUMPOP FLOST,SUM,EXMAX,M,N  0.0000E+00  0.5137E+02  262.77  51  79
 SUMPOP FLOST,SUM,EXMAX,M,N  0.0000E+00  0.5137E+02  262.77  51  79
 CUTOFF   NSTEP,TOTAL,TRIM,TRIMJ,TRIME,TRIMLEV   1  0.5137E+02  0.0000E+00  0.0000E+00  0.0000E+00  0.0000E+00
          ICUT,AMX,ALEVEL,IAGAIN  42  0.2587E+00  0.1233E-06  21    CUT,PRCNT  0.100E-06  0.100E+01  M1,N1=  51  73
 CUTOFF OLD,NEW M1  51  56
 DIMENSIONS  56  73   262.8  52  78   255.7  52  78   254.1  52  78   252.9
 DENSTY: JSHAP= 49    JBAR= 84        66.5     7.0
 EVA M1,N1=    56    73
 NOP,NOA,NOF,NOG,KE2MX= 0 0 0 016  NOLEP,NOLJI,NOLJF,JFJI= 1 1 1 1

 EVA  M1*N1  4088    ZEROS  1261    CUTS   520    CUTPOP  0.6167E-07    SUM CUTS  0.1140E-05
 LOSS BELOW YRAST LINE  0.0000E+00
 EVA-,STEP  1
 SEQOUT NROW,NSTEP   2   1         PARENT 172Lu      ELAB   309.0    EXCIT   272.7

 SUMP,SUMLOW    0.3548E+01    0.0000E+00
 WROTE POPP ON UNIT  11               171Yb  
 SUMA,SUMLOW    0.2104E+01    0.0000E+00
 WROTE POPA ON UNIT  13               168Tm  
 TOTAL    0.5137E+02
 FLOST(SUMPOP),TRIM(CUTOFF),RLOST(POPUL),RP 
   0.0000E+00   0.1140E-05   0.0000E+00   0.9559E-06   0.3498E-06   0.3805E-03   0.0000E+00

 J SPECTRUM OF PARENT 172Lu  
    AVERAGE=  46.904    SUM=   0.514E+02
    0.00      3      9     16     22     29     35     42     48     54     60
   10.00    137     76     81     86     91     96    100    104    108    111
   20.00    114    117    119    121    123    124    124    124    124    124
   30.00    123    122    120    119    117    114    112    109    106    104
   40.00    101     99     98     96     95     94     93     93     94     95
   50.00     96     99    103    108    114    122    132    144    159    177
   60.00    198    222    249    278    310    343    376    407    436    462
   70.00    487    316      0

 J SPECTRUM OF FISS   172Lu  
    AVERAGE=  48.816    SUM=   0.167E+02
    0.00      1      3      6      8     11     13     16     19     22     25
   10.00     58     34     37     41     44     48     51     55     59     63
   20.00     67     71     76     80     85     90     94     99    104    109
   30.00    113    118    122    126    130    134    137    140    143    145
   40.00    147    150    152    155    157    159    162    165    168    172
   50.00    177    183    190    198    208    219    232    246    262    278
   60.00    294    308    318    325    327    321    310    294    274    254
   70.00    234    132      0

 E SPECTRUM OF PARENT 172Lu  
    AVERAGE= 252.085    SUM=   0.514E+02
  237.77      0     53     67     86    110    139    175    220    273    337
  247.77    413    501    599    705    815    914    989   1009    942    767
  257.77    515    257     86     18      1      0

 DJN SPEC
    AVERAGE=  -0.941    SUM=   0.290E+02
   -1.00   9405    594      0      0      0      0      0      0      0      0

 DJP SPEC
    AVERAGE=  -0.937    SUM=   0.355E+01
   -1.00   9366    633      0      0      0      0      0      0      0      0

 DJA SPEC
    AVERAGE=  -2.836    SUM=   0.210E+01
   -9.00      0      0      0      0      0      0   9010    476    371    140

   N   M   EXMAX  AV.EX. NW  MW  EXMAXW      Q      AL   DELTA     AVJ      DJ        TOTAL  BRANCH
  73  56   262.8   252.1  75  33   206.8    0.00   20.51   -1.60   46.90    0.00     0.514E+02 10000    
  78  52   255.7   238.5  80  31   200.7   -6.98   20.41   -1.02   45.08    1.82     0.290E+02  5641   N
  78  52   254.1   233.0  80  31   199.1   -4.72   20.41   -0.79   44.03    2.87     0.355E+01   691   P
  78  52   252.9   229.9  80  62   197.9    2.15   20.11   -1.48   44.29    2.62     0.210E+01   409   A
                   252.3  73  34   207.8  -30.07   23.42   -1.60   48.82             0.167E+02  3259   F
                                                                                     0.000E+00     0   G

 SPECTRA N,P,A  AVE    6.46   14.35   24.27         SUMS  0.2893E+02  0.3546E+01  0.2104E+01
 SEQIN:PAIR,DELT,CST   4  11.00   1.160 AL=  20.41  20.31  20.31  20.01  23.31 DELTA= -1.02 -1.61  0.00 -0.98 -1.02
 AF/AN=   1.100   BS,BK=   1.2818   1.4913 DPBAR=  28.03 A= 171. Z=  71. Y=   0.383
 SHELL CORRECTIONS        -2.1    -1.7    -2.3    -2.0     0.0

 GRIDS  NROW,NSTEP   2   2
 SUMN,SUMLOW    0.2898E+02    0.0000E+00
 GOT POPP FROM UNIT  10      SUMP  0.2301E+02   M,N,EXMAX  52  78   255.7     171Lu      CN= 173Hf  
 SUMPOP FLOST,SUM,EXMAX,M,N -0.2132E-13  0.5199E+02  255.69  52  78  0.2301E+02  255.69  52  78  0.2898E+02  255.69  52  78  0  0
 SUMPOP FLOST,SUM,EXMAX,M,N  0.0000E+00  0.5199E+02  255.69  52  78
 CUTOFF   NSTEP,TOTAL,TRIM,TRIMJ,TRIME,TRIMLEV   2  0.5199E+02  0.3453E-05  0.0000E+00  0.3453E-05  0.0000E+00
          ICUT,AMX,ALEVEL,IAGAIN  42  0.2348E+00  0.1120E-06  21    CUT,PRCNT  0.100E-06  0.100E+01  M1,N1=  51  72
 CUTOFF OLD,NEW M1  51  56
 DIMENSIONS  56  72   254.7  53  77   246.0  53  77   246.3  53  77   245.0
 DENSTY: JSHAP= 49    JBAR= 84        66.5     7.0
 EVA M1,N1=    56    72
 NOP,NOA,NOF,NOG,KE2MX= 0 0 0 016  NOLEP,NOLJI,NOLJF,JFJI= 1 1 1 1

 EVA  M1*N1  4032    ZEROS    27    CUTS   476    CUTPOP  0.5598E-07    SUM CUTS  0.5255E-05
 LOSS BELOW YRAST LINE  0.0000E+00
 EVA-,STEP  2
 SEQOUT NROW,NSTEP   2   2         PARENT 171Lu      ELAB   309.0    EXCIT   272.7

 SUMP,SUMLOW    0.4176E+01    0.0000E+00
 WROTE POPP ON UNIT  11               170Yb  
 SUMA,SUMLOW    0.2405E+01    0.0000E+00
 WROTE POPA ON UNIT  13               167Tm  
 TOTAL    0.5199E+02
 FLOST(SUMPOP),TRIM(CUTOFF),RLOST(POPUL),RP 
  -0.2132E-13   0.8708E-05   0.1638E-08   0.1473E-01   0.5696E-02   0.9014E-02   0.0000E+00

 J SPECTRUM OF PARENT 171Lu  
    AVERAGE=  45.237    SUM=   0.520E+02
    0.00      4     13     22     31     40     48     57     65     73     81
   10.00    282    106    112    118    123    127    131    135    137    139
   20.00    140    141    141    140    139    137    134    131    127    123
   30.00    119    114    109    104     98     93     87     82     77     72
   40.00     68     64     61     58     56     54     52     51     51     51
   50.00     52     54     57     62     68     76     87    101    120    143
   60.00    173    208    250    300    358    418    481    542    600    656
   70.00    439      0

 J SPECTRUM OF FISS   171Lu  
    AVERAGE=  50.130    SUM=   0.141E+02
    0.00      1      4      7     10     14     17     20     24     27     31
   10.00    110     44     48     51     55     59     62     66     70     74
   20.00     77     81     85     88     92     95     98    101    104    106
   30.00    108    109    110    111    111    110    110    108    107    105
   40.00    104    103    102    101    100     99     99    100    101    103
   50.00    107    112    119    128    140    155    174    198    227    260
   60.00    297    337    377    416    450    472    483    483    473    459
   70.00    271      0

 E SPECTRUM OF PARENT 171Lu  
    AVERAGE= 238.504    SUM=   0.520E+02
  209.69      0      0      1      1      2      3      4      7      9     13
  219.69     18     24     33     43     56     73     92    116    143    175
  229.69    211    250    291    335    383    432    483    532    578    618
  239.69    648    665    664    643    598    532    445    345    242    149
  249.69     77     32      9      2      0      0

 DJN SPEC
    AVERAGE=  -0.911    SUM=   0.313E+02
   -1.00   9109    890      0      0      0      0      0      0      0      0

 DJP SPEC
    AVERAGE=  -0.905    SUM=   0.418E+01
   -1.00   9054    945      0      0      0      0      0      0      0      0

 DJA SPEC
    AVERAGE=  -2.764    SUM=   0.241E+01
   -9.00      0      0      0      0      0      0   8598    629    587    184

   N   M   EXMAX  AV.EX. NW  MW  EXMAXW      Q      AL   DELTA     AVJ      DJ        TOTAL  BRANCH
  72  56   254.7   238.5  74  33   198.7    0.00   20.41   -1.02   45.24    0.00     0.520E+02 10000    
  77  53   246.0   223.4  80  31   191.0   -8.59   20.31   -1.61   42.55    2.68     0.313E+02  6023   N
  77  53   246.3   219.9  80  31   191.3   -4.35   20.31    0.00   41.40    3.83     0.418E+01   803   P
  77  53   245.0   216.7  80  62   190.0    2.29   20.01   -0.98   42.11    3.13     0.241E+01   463   A
                   239.0  72  34   199.7  -29.63   23.31   -1.02   50.13             0.141E+02  2705   F
                                                                                     0.000E+00     0   G

 SPECTRA N,P,A  AVE    6.30   14.20   24.08         SUMS  0.3127E+02  0.4180E+01  0.2414E+01
 SEQIN:PAIR,DELT,CST   4  11.00   1.160 AL=  20.31  20.21  20.21  19.92  23.20 DELTA= -1.61 -1.10 -0.89 -1.88 -1.61
 AF/AN=   1.100   BS,BK=   1.2817   1.4907 DPBAR=  27.67 A= 170. Z=  71. Y=   0.382
 SHELL CORRECTIONS        -1.7    -1.8    -2.1    -1.7     0.0

 GRIDS  NROW,NSTEP   2   3
 SUMN,SUMLOW    0.3131E+02    0.0000E+00
 GOT POPP FROM UNIT  10      SUMP  0.1186E+02   M,N,EXMAX  53  77   247.0     170Lu      CN= 173Hf  
 SUMPOP FLOST,SUM,EXMAX,M,N -0.5684E-13  0.4317E+02  247.00  54  75  0.1186E+02  247.00  53  77  0.3131E+02  246.00  53  77  0 -1
 SUMPOP FLOST,SUM,EXMAX,M,N  0.0000E+00  0.4317E+02  247.00  54  75
 CUTOFF   NSTEP,TOTAL,TRIM,TRIMJ,TRIME,TRIMLEV   3  0.4317E+02  0.4379E-05  0.0000E+00  0.8404E-06  0.3539E-05
          ICUT,AMX,ALEVEL,IAGAIN  47  0.1856E+00  0.1770E-06  20    CUT,PRCNT  0.100E-06  0.100E+01  M1,N1=  52  71
 CUTOFF OLD,NEW M1  52  57
 DIMENSIONS  57  71   245.0  53  76   237.6  53  76   236.8  53  76   235.2
 DENSTY: JSHAP= 49    JBAR= 83        66.0     6.8
 EVA M1,N1=    57    71
 NOP,NOA,NOF,NOG,KE2MX= 0 0 0 016  NOLEP,NOLJI,NOLJF,JFJI= 1 1 1 1

 EVA  M1*N1  4047    ZEROS    44    CUTS   189    CUTPOP  0.8849E-07    SUM CUTS  0.8039E-05
 LOSS BELOW YRAST LINE  0.0000E+00
 EVA-,STEP  3
 SEQOUT NROW,NSTEP   2   3         PARENT 170Lu      ELAB   309.0    EXCIT   272.7

 SUMP,SUMLOW    0.3965E+01    0.0000E+00
 WROTE POPP ON UNIT  11               169Yb  
 SUMA,SUMLOW    0.2200E+01    0.0000E+00
 WROTE POPA ON UNIT  13               166Tm  
 TOTAL    0.4317E+02
 FLOST(SUMPOP),TRIM(CUTOFF),RLOST(POPUL),RP 
  -0.5684E-13   0.1242E-04   0.3622E-05   0.1546E+00   0.5642E-01   0.5423E-01   0.0000E+00

 J SPECTRUM OF PARENT 170Lu  
    AVERAGE=  42.690    SUM=   0.432E+02
    0.00      5     17     28     40     51     62     74     84     94    103
   10.00    489    139    145    151    156    159    162    164    164    164
   20.00    163    161    158    154    149    144    138    131    124    117
   30.00    110    102     95     87     80     73     66     60     54     49
   40.00     45     41     38     35     33     31     30     29     28     28
   50.00     29     31     33     37     42     50     60     74     94    120
   60.00    154    198    253    322    403    491    584    677    771    535

 J SPECTRUM OF FISS   170Lu  
    AVERAGE=  50.738    SUM=   0.951E+01
    0.00      1      5      9     12     16     20     24     28     32     36
   10.00    176     54     57     61     65     68     72     75     78     82
   20.00     85     88     90     93     95     96     98     98     99     99
   30.00     99     98     96     94     92     89     86     82     79     76
   40.00     74     71     69     66     65     63     62     62     63     65
   50.00     68     72     79     87     99    115    137    166    202    247
   60.00    300    361    429    502    568    621    658    679    687    425

 E SPECTRUM OF PARENT 170Lu  
    AVERAGE= 223.393    SUM=   0.432E+02
  189.00      0      0      0      0      0      1      2      3      5      7
  199.00      9     12     15     20     25     32     40     50     62     76
  209.00     93    111    133    157    183    212    244    277    311    346
  219.00    382    416    448    477    502    521    533    537    531    515
  229.00    488    451    405    351    293    233    175    123     80     47
  239.00     24     10      4      1      0      0      0

 DJN SPEC
    AVERAGE=  -0.875    SUM=   0.272E+02
   -1.00   8754   1245      0      0      0      0      0      0      0      0

 DJP SPEC
    AVERAGE=  -0.868    SUM=   0.396E+01
   -1.00   8683   1316      0      0      0      0      0      0      0      0

 DJA SPEC
    AVERAGE=  -2.681    SUM=   0.220E+01
   -9.00      0      0      0      0      0      0   8129    782    859    228

   N   M   EXMAX  AV.EX. NW  MW  EXMAXW      Q      AL   DELTA     AVJ      DJ        TOTAL  BRANCH
  71  57   245.0   223.4  73  34   188.0    0.00   20.31   -1.61   42.69    0.00     0.432E+02 10000    
  76  53   237.6   209.8  80  31   181.6   -7.29   20.21   -1.10   39.62    3.07     0.272E+02  6308   N
  76  53   236.8   205.4  80  31   180.8   -4.22   20.21   -0.89   38.43    4.26     0.396E+01   918   P
  76  53   235.2   202.2  80  62   179.2    2.16   19.92   -1.88   39.49    3.20     0.220E+01   510   A
                   224.2  71  35   189.0  -28.92   23.20   -1.61   50.74             0.951E+01  2203   F
                                                                                     0.000E+00     0   G

 SPECTRA N,P,A  AVE    6.14   14.04   23.88         SUMS  0.2733E+02  0.4019E+01  0.2254E+01
 SEQIN:PAIR,DELT,CST   4  11.00   1.160 AL=  20.21  20.11  20.11  19.82  23.09 DELTA= -1.10 -1.67  0.00 -1.11 -1.10
 AF/AN=   1.100   BS,BK=   1.2815   1.4899 DPBAR=  27.30 A= 169. Z=  71. Y=   0.381
 SHELL CORRECTIONS        -1.8    -1.3    -1.9    -1.5     0.0

 GRIDS  NROW,NSTEP   2   4
 SUMN,SUMLOW    0.2723E+02    0.0000E+00
 GOT POPP FROM UNIT  10      SUMP  0.6572E+01   M,N,EXMAX  53  76   239.6     169Lu      CN= 173Hf  
 SUMPOP FLOST,SUM,EXMAX,M,N  0.4263E-13  0.3380E+02  239.61  55  74  0.6572E+01  239.61  53  76  0.2723E+02  237.61  53  76  0 -2
 SUMPOP FLOST,SUM,EXMAX,M,N  0.0000E+00  0.3380E+02  239.61  55  74
 CUTOFF   NSTEP,TOTAL,TRIM,TRIMJ,TRIME,TRIMLEV   4  0.3380E+02  0.4681E-05  0.0000E+00  0.1979E-05  0.2703E-05
          ICUT,AMX,ALEVEL,IAGAIN  48  0.1369E+00  0.1306E-06  20    CUT,PRCNT  0.100E-06  0.100E+01  M1,N1=  51  70
 CUTOFF OLD,NEW M1  51  58
 DIMENSIONS  58  70   235.6  54  75   226.4  54  75   227.8  54  75   226.0
 DENSTY: JSHAP= 49    JBAR= 83        66.0     6.8
 EVA M1,N1=    58    70
 NOP,NOA,NOF,NOG,KE2MX= 0 0 0 016  NOLEP,NOLJI,NOLJF,JFJI= 1 1 1 1

 EVA  M1*N1  4060    ZEROS    44    CUTS    81    CUTPOP  0.6528E-07    SUM CUTS  0.2212E-05
 LOSS BELOW YRAST LINE  0.0000E+00
 EVA-,STEP  4
 SEQOUT NROW,NSTEP   2   4         PARENT 169Lu      ELAB   309.0    EXCIT   272.7

 SUMP,SUMLOW    0.3416E+01    0.0000E+00
 WROTE POPP ON UNIT  11               168Yb  
 SUMA,SUMLOW    0.1808E+01    0.0000E+00
 WROTE POPA ON UNIT  13               165Tm  
 TOTAL    0.3380E+02
 FLOST(SUMPOP),TRIM(CUTOFF),RLOST(POPUL),RP 
   0.4263E-13   0.6894E-05   0.1391E-06   0.2960E+00   0.1219E+00   0.1012E+00   0.0000E+00

 J SPECTRUM OF PARENT 169Lu  
    AVERAGE=  39.659    SUM=   0.338E+02
    0.00      7     21     35     49     62     75     91    103    114    125
   10.00    758    173    179    184    187    189    190    189    188    184
   20.00    180    175    169    162    154    145    136    127    117    108
   30.00     98     89     80     72     64     56     49     43     38     34
   40.00     30     27     24     22     20     18     17     17     16     16
   50.00     17     18     21     24     28     35     45     59     79    107
   60.00    146    198    267    355    460    576    700    829    596      0

 J SPECTRUM OF FISS   169Lu  
    AVERAGE=  52.208    SUM=   0.652E+01
    0.00      1      5      9     12     16     20     25     29     32     36
   10.00    229     56     59     62     65     68     71     74     76     78
   20.00     80     82     83     84     85     85     84     84     83     81
   30.00     79     77     74     71     67     63     59     56     52     50
   40.00     47     45     42     40     39     37     37     37     37     39
   50.00     41     45     51     59     71     87    110    142    185    242
   60.00    314    403    511    630    746    849    932    996    647      0

 E SPECTRUM OF PARENT 169Lu  
    AVERAGE= 209.840    SUM=   0.338E+02
  178.61      0      0      0      0      0      0      0     14     17     28
  188.61     34     42     50     61     73     86    102    119    138    160
  198.61    182    207    233    260    288    316    344    370    395    418
  208.61    438    453    464    469    469    462    448    428    401    369
  218.61    332    292    250    208    167    129     95     67     44     27
  228.61     15      8      3      1      0      0      0      0

 DJN SPEC
    AVERAGE=  -0.831    SUM=   0.215E+02
   -1.00   8311   1688      0      0      0      0      0      0      0      0

 DJP SPEC
    AVERAGE=  -0.823    SUM=   0.342E+01
   -1.00   8230   1769      0      0      0      0      0      0      0      0

 DJA SPEC
    AVERAGE=  -2.581    SUM=   0.181E+01
   -9.00      0      0      0      0      0      0   7567    948   1208    276

   N   M   EXMAX  AV.EX. NW  MW  EXMAXW      Q      AL   DELTA     AVJ      DJ        TOTAL  BRANCH
  70  58   235.6   209.8  72  34   177.6    0.00   20.21   -1.10   39.66    0.00     0.338E+02 10000    
  75  54   226.4   194.8  80  31   169.4   -9.09   20.11   -1.67   35.94    3.72     0.215E+02  6371   N
  75  54   227.8   192.9  80  31   170.8   -3.79   20.11    0.00   34.83    4.83     0.342E+01  1011   P
  75  54   226.0   189.6  80  62   169.0    2.42   19.82   -1.11   36.15    3.50     0.181E+01   535   A
                   211.0  70  35   178.6  -28.58   23.09   -1.10   52.21             0.652E+01  1930   F
                                                                                     0.000E+00     0   G

 SPECTRA N,P,A  AVE    5.97   13.88   23.69         SUMS  0.2179E+02  0.3537E+01  0.1909E+01
 SEQIN:PAIR,DELT,CST   4  11.00   1.160 AL=  20.11  20.01  20.01  19.72  22.98 DELTA= -1.67 -1.24 -1.09 -2.12 -1.67
 AF/AN=   1.100   BS,BK=   1.2814   1.4891 DPBAR=  26.91 A= 168. Z=  71. Y=   0.381
 SHELL CORRECTIONS        -1.3    -1.4    -1.6    -1.3     0.0

 GRIDS  NROW,NSTEP   2   5
 SUMN,SUMLOW    0.2154E+02    0.0000E+00
 GOT POPP FROM UNIT  10      SUMP  0.3796E+01   M,N,EXMAX  54  75   229.4     168Lu      CN= 173Hf  
 SUMPOP FLOST,SUM,EXMAX,M,N  0.9234E-01  0.2524E+02  229.42  56  73  0.3796E+01  229.42  54  75  0.2154E+02  226.42  54  75  0 -3
 SUMPOP FLOST,SUM,EXMAX,M,N  0.0000E+00  0.2524E+02  229.42  56  73
 CUTOFF   NSTEP,TOTAL,TRIM,TRIMJ,TRIME,TRIMLEV   5  0.2524E+02  0.1616E-05  0.0000E+00  0.1616E-05  0.0000E+00
          ICUT,AMX,ALEVEL,IAGAIN  48  0.1200E+00  0.5722E-07  21    CUT,PRCNT  0.100E-06  0.100E+01  M1,N1=  51  69
 CUTOFF OLD,NEW M1  51  59
 DIMENSIONS  59  69   224.4  55  74   216.7  55  74   216.7  55  74   214.8
 DENSTY: JSHAP= 48    JBAR= 82        65.0     6.8
 EVA M1,N1=    59    69
 NOP,NOA,NOF,NOG,KE2MX= 0 0 0 016  NOLEP,NOLJI,NOLJF,JFJI= 1 1 1 1

 EVA  M1*N1  4071    ZEROS     0    CUTS   125    CUTPOP  0.2861E-07    SUM CUTS  0.7483E-06
 LOSS BELOW YRAST LINE  0.0000E+00
 EVA-,STEP  5
 SEQOUT NROW,NSTEP   2   5         PARENT 168Lu      ELAB   309.0    EXCIT   272.7

 SUMP,SUMLOW    0.2877E+01    0.0000E+00
 WROTE POPP ON UNIT  11               167Yb  
 SUMA,SUMLOW    0.1445E+01    0.0000E+00
 WROTE POPA ON UNIT  13               164Tm  
 TOTAL    0.2524E+02
 FLOST(SUMPOP),TRIM(CUTOFF),RLOST(POPUL),RP 
   0.9234E-01   0.2364E-05   0.2392E-06   0.3747E+00   0.1804E+00   0.1379E+00   0.0000E+00

 J SPECTRUM OF PARENT 168Lu  
    AVERAGE=  35.945    SUM=   0.252E+02
    0.00      8     25     42     59     75     90    109    124    137    149
   10.00   1105    210    215    218    219    219    217    214    209    202
   20.00    195    186    177    166    155    143    132    120    109     98
   30.00     87     77     67     59     50     43     37     31     27     23
   40.00     20     18     16     14     12     11     11     10     10     10
   50.00     11     12     14     16     21     27     36     51     71    101
   60.00    145    206    288    394    520    663    818    610      0

 J SPECTRUM OF FISS   168Lu  
    AVERAGE=  51.635    SUM=   0.372E+01
    0.00      2      6     10     14     18     23     28     33     37     41
   10.00    318     65     68     71     74     76     78     80     82     83
   20.00     84     85     85     85     84     83     82     80     77     75
   30.00     71     68     64     59     55     51     47     43     40     37
   40.00     35     32     30     28     27     26     25     25     26     27
   50.00     30     33     39     47     58     75    100    136    185    252
   60.00    342    458    602    760    919   1068   1201    817      1

 E SPECTRUM OF PARENT 168Lu  
    AVERAGE= 194.885    SUM=   0.252E+02
  166.42      0      0      0      0      0      0      0      0     45     55
  176.42     78     92    106    123    140    159    180    201    224    247
  186.42    271    295    319    341    363    382    399    413    424    431
  196.42    433    431    423    411    395    373    348    319    288    255
  206.42    221    188    155    125     98     74     54     38     25     16
  216.42      9      5      2      1      0      0      0      0      0

 DJN SPEC
    AVERAGE=  -0.784    SUM=   0.165E+02
   -1.00   7835   2164      0      0      0      0      0      0      0      0

 DJP SPEC
    AVERAGE=  -0.775    SUM=   0.288E+01
   -1.00   7745   2254      0      0      0      0      0      0      0      0

 DJA SPEC
    AVERAGE=  -2.475    SUM=   0.145E+01
   -9.00      0      0      0      0      0      0   6987   1091   1599    320

   N   M   EXMAX  AV.EX. NW  MW  EXMAXW      Q      AL   DELTA     AVJ      DJ        TOTAL  BRANCH
  69  59   224.4   194.9  71  35   165.4    0.00   20.11   -1.67   35.95    0.00     0.252E+02 10000    
  74  55   216.7   181.6  80  31   158.7   -7.64   20.01   -1.24   32.60    3.35     0.165E+02  6538   N
  74  55   216.7   178.6  80  31   158.7   -3.77   20.01   -1.09   31.56    4.39     0.288E+01  1140   P
  74  55   214.8   175.5  80  62   156.8    2.41   19.72   -2.12   33.03    2.92     0.145E+01   573   A
                   196.4  69  36   166.4  -27.71   22.98   -1.67   51.63             0.372E+01  1475   F
                                                                                     0.000E+00     0   G

 SPECTRA N,P,A  AVE    5.80   13.70   23.48         SUMS  0.1684E+02  0.3057E+01  0.1583E+01
1    ROW  2      ELEMENT Lu      X-SECTION   0.000E+00
(14)N+(159)Tb -> (173)Hf                                                
 ELAB(MEV)  309.000     Q-VALUE  -11.257    EXCIT  272.737
 SIGFUS,SIGEVA,SIGFIS,SIGMXZ  0.9476E+03  0.0000E+00  0.8317E+03  0.0000E+00
 ZT= 65    AT 159    ZP  7    AP  14


             172Lu     171Lu     170Lu     169Lu     168Lu  
 SIG        0.000E+00 0.000E+00 0.000E+00 0.000E+00 0.000E+00
 B-G               0         0         0         0         0
  R-N           5641      6023      6308      6371      6538
 BR-P            691       803       918      1011      1140
 BR-A            409       463       510       535       573
 BR-F           3259      2705      2203      1930      1475
 SIGF       0.167E+02 0.141E+02 0.951E+01 0.652E+01 0.372E+01
 TOTAL      0.514E+02 0.520E+02 0.432E+02 0.338E+02 0.252E+02
 EXCP          252.1     238.5     223.4     209.8     194.9
 SPINP          46.9      45.2      42.7      39.7      35.9
 EXCF          252.3     239.0     224.2     211.0     196.4
 SPINF          48.8      50.1      50.7      52.2      51.6
 DJN           -0.94     -0.91     -0.88     -0.83     -0.78
 DJP           -0.94     -0.91     -0.87     -0.82     -0.77
 DJA           -2.84     -2.76     -2.68     -2.58     -2.47
 AV.E N         6.46      6.30      6.14      5.97      5.80
 AV.E P        14.35     14.20     14.04     13.88     13.70
 AV.E A        24.27     24.08     23.88     23.69     23.48
 SUM GAM         0.0       0.0       0.0       0.0       0.0
 SPIN GAM        0.0       0.0       0.0       0.0       0.0

 TRIM       0.114E-05 0.871E-05 0.124E-04 0.689E-05 0.236E-05
 FLOST      0.000E+00-0.213E-13-0.568E-13 0.426E-13 0.923E-01
 RP         0.000E+00 0.000E+00 0.000E+00 0.000E+00 0.000E+00
 RLOSTG     0.000E+00 0.164E-08 0.362E-05 0.139E-06 0.239E-06
 RLOSTN     0.956E-06 0.147E-01 0.155E+00 0.296E+00 0.375E+00
 RLOSTP     0.350E-06 0.570E-02 0.564E-01 0.122E+00 0.180E+00
 RLOSTA     0.380E-03 0.901E-02 0.542E-01 0.101E+00 0.138E+00
 TIME              0         0         0         0         0

 STORAGE
  1.  1.  3.  3.  3.
  0.  0.  2.  2.  2.
  171.   70.   0.0010    21     1    25    25    35    12    12    20
 DEL     1.0     0.1     4.0    12.0     0.0
 TRANSM  APAR,ZPAR,SIGLOW,UNIT,DEL 171.0  70.0  0.10E-02  21     0.1     4.0    12.0
 SEQIN:PAIR,DELT,CST   4  11.00   1.160 AL=  20.41  20.31  20.31  20.01  23.32 DELTA= -0.79  0.00 -1.12 -0.76 -0.79
 AF/AN=   1.100   BS,BK=   1.2824   1.4950 DPBAR=  30.24 A= 171. Z=  70. Y=   0.388
 SHELL CORRECTIONS        -2.5    -2.3    -2.4    -2.4     0.0
1 NEW ROW

 GRIDS  NROW,NSTEP   3   1
 SUMN,SUMLOW    0.0000E+00    0.0000E+00
 GOT POPP FROM UNIT  11      SUMP  0.3548E+01   M,N,EXMAX  52  78   254.1     171Yb      CN= 173Hf  
 SUMPOP FLOST,SUM,EXMAX,M,N  0.0000E+00  0.3548E+01  254.05  52  78
 SUMPOP FLOST,SUM,EXMAX,M,N  0.0000E+00  0.3548E+01  254.05  52  78
 CUTOFF   NSTEP,TOTAL,TRIM,TRIMJ,TRIME,TRIMLEV   1  0.3548E+01  0.3190E-06  0.0000E+00  0.3190E-06  0.0000E+00
          ICUT,AMX,ALEVEL,IAGAIN  48  0.1381E-01  0.6586E-08  21    CUT,PRCNT  0.100E-06  0.100E+01  M1,N1=  49  72
 CUTOFF OLD,NEW M1  49  56
 DIMENSIONS  56  72   251.1  53  77   244.3  53  77   240.2  53  77   240.6
 DENSTY: JSHAP= 49    JBAR= 84        66.5     7.0
 EVA M1,N1=    56    72
 NOP,NOA,NOF,NOG,KE2MX= 0 0 0 016  NOLEP,NOLJI,NOLJF,JFJI= 1 1 1 1

 EVA  M1*N1  4032    ZEROS    24    CUTS   494    CUTPOP  0.3293E-08    SUM CUTS  0.2155E-06
 LOSS BELOW YRAST LINE  0.0000E+00
 EVA-,STEP  1
 SEQOUT NROW,NSTEP   3   1         PARENT 171Yb      ELAB   309.0    EXCIT   272.7

 SUMP,SUMLOW    0.2404E+00    0.0000E+00
 WROTE POPP ON UNIT  10               170Tm  
 SUMA,SUMLOW    0.1497E+00    0.0000E+00
 WROTE POPA ON UNIT  13               167Er  
 TOTAL    0.3548E+01
 FLOST(SUMPOP),TRIM(CUTOFF),RLOST(POPUL),RP 
   0.0000E+00   0.5345E-06   0.3428E-10   0.1531E-02   0.4009E-03   0.6880E-03   0.0000E+00

 J SPECTRUM OF PARENT 171Yb  
    AVERAGE=  44.033    SUM=   0.355E+01
    0.00      4     13     22     31     40     49     58     67     75     82
   10.00    289    109    115    121    127    132    136    140    143    145
   20.00    147    148    148    148    147    145    143    140    137    133
   30.00    129    124    119    114    108    103     97     91     86     81
   40.00     76     73     69     66     63     61     59     58     57     57
   50.00     58     60     63     68     74     82     93    107    125    148
   60.00    175    208    246    290    339    390    440    488    532    575
   70.00    380      0

 J SPECTRUM OF FISS   171Yb  
    AVERAGE=  51.126    SUM=   0.542E+00
    0.00      1      3      5      8     10     12     15     18     20     23
   10.00     84     34     37     40     42     46     49     52     55     58
   20.00     62     65     69     72     76     80     83     86     90     93
   30.00     96     99    101    103    105    107    108    109    109    110
   40.00    111    112    113    114    115    116    118    120    123    127
   50.00    132    139    148    159    173    190    210    236    265    297
   60.00    331    365    396    425    447    456    456    447    431    414
   70.00    244      0

 E SPECTRUM OF PARENT 171Yb  
    AVERAGE= 232.958    SUM=   0.355E+01
  206.05      0      0      1      1      2      4      6     10     14     20
  216.05     27     37     50     67     87    113    143    177    215    257
  226.05    300    346    394    443    493    541    585    621    647    658
  236.05    653    627    580    513    430    338    245    161     95     48
  246.05     21      7      2      0      0      0

 DJN SPEC
    AVERAGE=  -0.917    SUM=   0.261E+01
   -1.00   9167    832      0      0      0      0      0      0      0      0

 DJP SPEC
    AVERAGE=  -0.911    SUM=   0.240E+00
   -1.00   9106    893      0      0      0      0      0      0      0      0

 DJA SPEC
    AVERAGE=  -2.777    SUM=   0.150E+00
   -9.00      0      0      0      0      0      0   8670    604    553    171

   N   M   EXMAX  AV.EX. NW  MW  EXMAXW      Q      AL   DELTA     AVJ      DJ        TOTAL  BRANCH
  72  56   251.1   233.0  74  33   195.1    0.00   20.41   -0.79   44.03    0.00     0.355E+01 10000    
  77  53   244.3   220.0  80  31   189.3   -6.61   20.31    0.00   41.88    2.15     0.261E+01  7364   N
  77  53   240.2   212.2  80  31   185.2   -6.80   20.31   -1.12   40.59    3.44     0.240E+00   678   P
  77  53   240.6   210.9  80  62   185.6    1.56   20.01   -0.76   41.23    2.81     0.150E+00   422   A
                   233.6  72  34   196.1  -32.21   23.32   -0.79   51.13             0.542E+00  1529   F
                                                                                     0.000E+00     0   G

 SPECTRA N,P,A  AVE    6.23   14.00   23.74         SUMS  0.2609E+01  0.2407E+00  0.1504E+00
 SEQIN:PAIR,DELT,CST   4  11.00   1.160 AL=  20.31  20.21  20.21  19.92  23.21 DELTA=  0.00 -0.89 -0.87  0.00  0.00
 AF/AN=   1.100   BS,BK=   1.2824   1.4947 DPBAR=  29.92 A= 170. Z=  70. Y=   0.387
 SHELL CORRECTIONS        -2.3    -2.1    -2.5    -2.2     0.0

 GRIDS  NROW,NSTEP   3   2
 SUMN,SUMLOW    0.2613E+01    0.0000E+00
 GOT POPP FROM UNIT  11      SUMP  0.4176E+01   M,N,EXMAX  53  77   246.3     170Yb      CN= 173Hf  
 SUMPOP FLOST,SUM,EXMAX,M,N  0.1155E-13  0.6789E+01  246.34  55  74  0.4176E+01  246.34  53  77  0.2613E+01  244.34  53  77  0 -2
 SUMPOP FLOST,SUM,EXMAX,M,N  0.0000E+00  0.6789E+01  246.34  55  74
 CUTOFF   NSTEP,TOTAL,TRIM,TRIMJ,TRIME,TRIMLEV   2  0.6789E+01  0.7482E-06  0.0000E+00  0.8846E-07  0.6597E-06
          ICUT,AMX,ALEVEL,IAGAIN  74  0.2483E-01  0.2368E-07  20    CUT,PRCNT  0.100E-06  0.100E+01  M1,N1=  52  71
 CUTOFF OLD,NEW M1  52  57
 DIMENSIONS  57  71   243.3  53  76   234.8  53  76   232.6  53  76   233.1
 DENSTY: JSHAP= 49    JBAR= 83        66.0     6.8
 EVA M1,N1=    57    71
 NOP,NOA,NOF,NOG,KE2MX= 0 0 0 016  NOLEP,NOLJI,NOLJF,JFJI= 1 1 1 1

 EVA  M1*N1  4047    ZEROS    69    CUTS   130    CUTPOP  0.1184E-07    SUM CUTS  0.7501E-06
 LOSS BELOW YRAST LINE  0.0000E+00
 EVA-,STEP  2
 SEQOUT NROW,NSTEP   3   2         PARENT 170Yb      ELAB   309.0    EXCIT   272.7

 SUMP,SUMLOW    0.5039E+00    0.0000E+00
 WROTE POPP ON UNIT  10               169Tm  
 SUMA,SUMLOW    0.3042E+00    0.0000E+00
 WROTE POPA ON UNIT  13               166Er  
 TOTAL    0.6789E+01
 FLOST(SUMPOP),TRIM(CUTOFF),RLOST(POPUL),RP 
   0.1155E-13   0.1498E-05   0.3503E-06   0.3619E-01   0.8873E-02   0.9020E-02   0.0000E+00

 J SPECTRUM OF PARENT 170Yb  
    AVERAGE=  41.588    SUM=   0.679E+01
    0.00      5     16     28     39     50     60     72     82     92    101
   10.00    484    139    145    151    156    160    164    166    168    168
   20.00    168    167    165    162    158    153    148    142    136    130
   30.00    123    116    108    101     93     86     79     72     66     61
   40.00     56     52     48     45     42     40     38     37     37     37
   50.00     38     39     42     46     52     60     71     86    106    132
   60.00    165    205    254    314    380    449    520    589    656    447

 J SPECTRUM OF FISS   170Yb  
    AVERAGE=  51.966    SUM=   0.827E+00
    0.00      1      3      6      9     11     14     17     20     23     26
   10.00    128     39     42     45     48     51     54     57     60     63
   20.00     66     69     71     74     77     79     81     83     85     87
   30.00     88     89     90     90     90     89     88     87     85     84
   40.00     84     83     82     82     81     82     82     83     86     89
   50.00     94    101    110    121    137    156    182    214    253    298
   60.00    349    404    461    517    562    593    611    615    611    373

 E SPECTRUM OF PARENT 170Yb  
    AVERAGE= 219.946    SUM=   0.679E+01
  187.34      0      0      0      0      0      1      1      5      7      9
  197.34     12     17     22     28     36     45     57     71     87    106
  207.34    127    152    179    209    242    276    312    349    385    420
  217.34    452    481    506    525    536    539    532    515    488    450
  227.34    404    351    294    236    180    130     88     55     31     16
  237.34      7      2      0      0      0      0      0

 DJN SPEC
    AVERAGE=  -0.886    SUM=   0.510E+01
   -1.00   8859   1140      0      0      0      0      0      0      0      0

 DJP SPEC
    AVERAGE=  -0.878    SUM=   0.504E+00
   -1.00   8784   1215      0      0      0      0      0      0      0      0

 DJA SPEC
    AVERAGE=  -2.706    SUM=   0.304E+00
   -9.00      0      0      0      0      0      0   8265    737    790    206

   N   M   EXMAX  AV.EX. NW  MW  EXMAXW      Q      AL   DELTA     AVJ      DJ        TOTAL  BRANCH
  71  57   243.3   219.9  73  34   186.3    0.00   20.31    0.00   41.59    0.00     0.679E+01 10000    
  76  53   234.8   205.4  80  31   178.8   -8.46   20.21   -0.89   39.35    2.24     0.510E+01  7512   N
  76  53   232.6   199.8  80  31   176.6   -6.78   20.21   -0.87   38.03    3.56     0.504E+00   742   P
  76  53   233.1   198.8  80  62   177.1    1.74   19.92    0.00   38.99    2.59     0.304E+00   448   A
                   221.0  71  35   187.3  -31.65   23.21    0.00   51.97             0.827E+00  1218   F
                                                                                     0.000E+00     0   G

 SPECTRA N,P,A  AVE    6.07   13.85   23.54         SUMS  0.5126E+01  0.5126E+00  0.3132E+00
 SEQIN:PAIR,DELT,CST   4  11.00   1.160 AL=  20.21  20.11  20.11  19.82  23.10 DELTA= -0.89  0.00 -1.48 -1.01 -0.89
 AF/AN=   1.100   BS,BK=   1.2823   1.4942 DPBAR=  29.58 A= 169. Z=  70. Y=   0.387
 SHELL CORRECTIONS        -2.1    -1.9    -2.1    -1.9     0.0

 GRIDS  NROW,NSTEP   3   3
 SUMN,SUMLOW    0.5100E+01    0.0000E+00
 GOT POPP FROM UNIT  11      SUMP  0.3965E+01   M,N,EXMAX  53  76   236.8     169Yb      CN= 173Hf  
 SUMPOP FLOST,SUM,EXMAX,M,N  0.1170E-01  0.9053E+01  236.78  54  75  0.3965E+01  236.78  53  76  0.5100E+01  234.78  53  76  0 -2
 GOT POPA FROM UNIT  12      SUMA  0.2879E+02   M,N,EXMAX  51  79   262.3     169Yb  
 SUMPOP FLOST,SUM,EXMAX,M,N  0.2385E+01  0.3545E+02  258.28  58  70  0.9053E+01  236.78  54  75  0.2879E+02  262.28  51  79-21  3
 CUTOFF   NSTEP,TOTAL,TRIM,TRIMJ,TRIME,TRIMLEV   3  0.3545E+02  0.0000E+00  0.0000E+00  0.0000E+00  0.0000E+00
          ICUT,AMX,ALEVEL,IAGAIN   0  0.1518E+00  0.5790E-06  18    CUT,PRCNT  0.100E-06  0.100E+01  M1,N1=  58  70
 DIMENSIONS  58  70   258.3  54  75   251.3  54  75   247.9  54  75   248.0
 DENSTY: JSHAP= 49    JBAR= 83        66.0     6.8
 EVA M1,N1=    58    70
 NOP,NOA,NOF,NOG,KE2MX= 0 0 0 016  NOLEP,NOLJI,NOLJF,JFJI= 1 1 1 1

 EVA  M1*N1  4060    ZEROS     0    CUTS     0    CUTPOP  0.1773E-06    SUM CUTS  0.0000E+00
 LOSS BELOW YRAST LINE  0.0000E+00
 EVA-,STEP  3
 SEQOUT NROW,NSTEP   3   3         PARENT 169Yb      ELAB   309.0    EXCIT   272.7

 SUMP,SUMLOW    0.2368E+01    0.0000E+00
 WROTE POPP ON UNIT  10               168Tm  
 SUMA,SUMLOW    0.1372E+01    0.0000E+00
 WROTE POPA ON UNIT  13               165Er  
 TOTAL    0.3545E+02
 FLOST(SUMPOP),TRIM(CUTOFF),RLOST(POPUL),RP 
   0.2396E+01   0.0000E+00   0.1062E-02   0.2885E+01   0.4271E+00   0.2741E+00   0.0000E+00

 J SPECTRUM OF PARENT 169Yb  
    AVERAGE=  45.337    SUM=   0.355E+02
    0.00      3     10     17     24     31     63     45     52     58    111
   10.00    184     85     90    159    102    106    110    113    116    118
   20.00    120    122    123    123    123    123    122    120    119    117
   30.00    115    112    110    107    104    101     97     94     92     89
   40.00     88     86     85     84     83     83     83     84     86     88
   50.00     92     96    102    110    120    132    147    166    189    215
   60.00    246    281    321    365    410    456    500    542    522    274

 J SPECTRUM OF FISS   169Yb  
    AVERAGE=  50.442    SUM=   0.909E+01
    0.00      0      2      4      6      8     18     12     14     16     35
   10.00     33     25     28     58     34     36     39     42     45     48
   20.00     52     55     59     62     66     70     74     78     82     86
   30.00     90     94     98    102    105    109    112    116    119    123
   40.00    127    131    135    139    144    149    154    160    167    175
   50.00    184    195    208    223    240    260    282    306    331    355
   60.00    378    396    411    418    416    405    388    367    316    152

 E SPECTRUM OF PARENT 169Yb  
    AVERAGE= 241.955    SUM=   0.355E+02
  201.28     94    101    107    112    117    120    121    121    119    116
  211.28    111    104     96     87     76     66     55     44     34     26
  221.28     18     12      8      5      2      1      4      4      6      8
  231.28     11     14     19     25     32     41     53     68     86    108
  241.28    136    170    212    261    319    387    463    546    631    712
  251.28    776    802    766    643    444    233     90     26

 DJN SPEC
    AVERAGE=  -0.935    SUM=   0.190E+02
   -1.00   9349    650      0      0      0      0      0      0      0      0

 DJP SPEC
    AVERAGE=  -0.936    SUM=   0.237E+01
   -1.00   9360    639      0      0      0      0      0      0      0      0

 DJA SPEC
    AVERAGE=  -2.831    SUM=   0.137E+01
   -9.00      0      0      0      0      0      0   8970    523    347    158

   N   M   EXMAX  AV.EX. NW  MW  EXMAXW      Q      AL   DELTA     AVJ      DJ        TOTAL  BRANCH
  70  58   258.3   242.0  72  34   200.3    0.00   20.21   -0.89   45.34    0.00     0.355E+02 10000    
  75  54   251.3   232.3  80  31   194.3   -6.87   20.11    0.00   43.63    1.71     0.190E+02  5369   N
  75  54   247.9   227.1  80  31   190.9   -6.35   20.11   -1.48   43.05    2.28     0.237E+01   668   P
  75  54   248.0   225.9  80  62   191.0    1.72   19.82   -1.01   43.34    2.00     0.137E+01   387   A
                   246.5  70  35   201.3  -31.12   23.10   -0.89   50.44             0.909E+01  2565   F
                                                                                     0.000E+00     0   G

 SPECTRA N,P,A  AVE    6.35   14.14   23.90         SUMS  0.2188E+02  0.2794E+01  0.1646E+01
 SEQIN:PAIR,DELT,CST   4  11.00   1.160 AL=  20.11  20.01  20.01  19.72  22.99 DELTA=  0.00 -1.09 -0.98  0.00  0.00
 AF/AN=   1.100   BS,BK=   1.2822   1.4938 DPBAR=  29.23 A= 168. Z=  70. Y=   0.386
 SHELL CORRECTIONS        -1.9    -1.6    -2.0    -1.6     0.0

 GRIDS  NROW,NSTEP   3   4
 SUMN,SUMLOW    0.1903E+02    0.0000E+00
 GOT POPP FROM UNIT  11      SUMP  0.3416E+01   M,N,EXMAX  54  75   227.8     168Yb      CN= 173Hf  
 SUMPOP FLOST,SUM,EXMAX,M,N  0.1065E+01  0.2139E+02  247.31  59  69  0.3416E+01  227.82  54  75  0.1903E+02  251.31  54  75-19  3
 GOT POPA FROM UNIT  12      SUMA  0.1260E+02   M,N,EXMAX  52  78   255.3     168Yb  
 SUMPOP FLOST,SUM,EXMAX,M,N  0.1571E+00  0.3383E+02  248.31  59  69  0.2139E+02  247.31  59  69  0.1260E+02  255.31  52  78 -1  6
 CUTOFF   NSTEP,TOTAL,TRIM,TRIMJ,TRIME,TRIMLEV   4  0.3383E+02  0.0000E+00  0.0000E+00  0.0000E+00  0.0000E+00
          ICUT,AMX,ALEVEL,IAGAIN   0  0.1350E+00  0.8237E-05  14    CUT,PRCNT  0.100E-06  0.100E+01  M1,N1=  59  69
 DIMENSIONS  59  69   248.3  55  74   239.1  55  74   238.0  55  74   238.2
 DENSTY: JSHAP= 48    JBAR= 82        65.0     6.8
 EVA M1,N1=    59    69
 NOP,NOA,NOF,NOG,KE2MX= 0 0 0 016  NOLEP,NOLJI,NOLJF,JFJI= 1 1 1 1

 EVA  M1*N1  4071    ZEROS     0    CUTS     0    CUTPOP  0.1691E-06    SUM CUTS  0.0000E+00
 LOSS BELOW YRAST LINE  0.0000E+00
 EVA-,STEP  4
 SEQOUT NROW,NSTEP   3   4         PARENT 168Yb      ELAB   309.0    EXCIT   272.7

 SUMP,SUMLOW    0.2846E+01    0.0000E+00
 WROTE POPP ON UNIT  10               167Tm  
 SUMA,SUMLOW    0.1620E+01    0.0000E+00
 WROTE POPA ON UNIT  13               164Er  
 TOTAL    0.3383E+02
 FLOST(SUMPOP),TRIM(CUTOFF),RLOST(POPUL),RP 
   0.1222E+01   0.0000E+00   0.4244E-03   0.1550E+01   0.2929E+00   0.1883E+00   0.0000E+00

 J SPECTRUM OF PARENT 168Yb  
    AVERAGE=  43.886    SUM=   0.338E+02
    0.00      4     13     21     30     38     84     56     64     72    177
   10.00    246    106    161    159    124    128    131    134    136    137
   20.00    138    138    137    135    133    130    127    123    119    115
   30.00    110    105    100     95     89     84     79     75     71     67
   40.00     64     61     59     56     55     54     53     53     54     55
   50.00     58     62     68     76     86     99    117    140    169    205
   60.00    248    301    362    430    502    575    647    670    398

 J SPECTRUM OF FISS   168Yb  
    AVERAGE=  50.420    SUM=   0.664E+01
    0.00      1      3      5      8     10     25     15     18     21     59
   10.00     56     34     57     58     44     47     51     54     57     60
   20.00     64     67     70     74     77     80     83     86     88     91
   30.00     93     95     96     98     99     99    100    100    101    101
   40.00    102    103    104    105    106    108    110    114    118    124
   50.00    132    142    155    171    191    215    246    281    320    363
   60.00    406    449    487    517    533    537    531    491    265

 E SPECTRUM OF PARENT 168Yb  
    AVERAGE= 230.811    SUM=   0.338E+02
  190.31     40     42     43     44     44     44     43    124    118    111
  200.31    103     94     84     74     64     54     44     36     29     23
  210.31     18     15     13     13     14     17     21     27     34     43
  220.31     54     67     82     99    120    142    168    198    230    266
  230.31    305    346    388    431    471    508    538    559    567    559
  240.31    533    488    424    346    260    176    104     52     14

 DJN SPEC
    AVERAGE=  -0.912    SUM=   0.207E+02
   -1.00   9121    878      0      0      0      0      0      0      0      0

 DJP SPEC
    AVERAGE=  -0.912    SUM=   0.285E+01
   -1.00   9115    884      0      0      0      0      0      0      0      0

 DJA SPEC
    AVERAGE=  -2.773    SUM=   0.162E+01
   -9.00      0      0      0      0      0      0   8635    655    511    198

   N   M   EXMAX  AV.EX. NW  MW  EXMAXW      Q      AL   DELTA     AVJ      DJ        TOTAL  BRANCH
  69  59   248.3   230.8  71  35   189.3    0.00   20.11    0.00   43.89    0.00     0.338E+02 10000    
  74  55   239.1   217.2  80  31   181.1   -9.06   20.01   -1.09   41.99    1.89     0.207E+02  6117   N
  74  55   238.0   213.8  80  31   180.0   -6.33   20.01   -0.98   41.28    2.60     0.285E+01   841   P
  74  55   238.2   212.7  80  62   180.2    1.94   19.72    0.00   41.91    1.98     0.162E+01   479   A
                   234.0  69  36   190.3  -30.57   22.99    0.00   50.42             0.664E+01  1962   F
                                                                                     0.000E+00     0   G

 SPECTRA N,P,A  AVE    6.22   14.02   23.75         SUMS  0.2220E+02  0.3138E+01  0.1808E+01
 SEQIN:PAIR,DELT,CST   4  11.00   1.160 AL=  20.01  19.92  19.92  19.62  22.88 DELTA= -1.09  0.00 -1.88 -1.07 -1.09
 AF/AN=   1.100   BS,BK=   1.2821   1.4933 DPBAR=  28.86 A= 167. Z=  70. Y=   0.385
 SHELL CORRECTIONS        -1.6    -1.4    -1.7    -1.4     0.0

 GRIDS  NROW,NSTEP   3   5
 SUMN,SUMLOW    0.2069E+02    0.0000E+00
 GOT POPP FROM UNIT  11      SUMP  0.2877E+01   M,N,EXMAX  55  74   216.7     167Yb      CN= 173Hf  
 SUMPOP FLOST,SUM,EXMAX,M,N  0.9783E+00  0.2259E+02  234.15  60  68  0.2877E+01  216.65  55  74  0.2069E+02  239.15  55  74-17  4
 GOT POPA FROM UNIT  12      SUMA  0.6297E+01   M,N,EXMAX  53  77   246.2     167Yb  
 SUMPOP FLOST,SUM,EXMAX,M,N  0.6545E-01  0.2882E+02  234.15  60  68  0.2259E+02  234.15  60  68  0.6297E+01  246.15  53  77  0 11
 CUTOFF   NSTEP,TOTAL,TRIM,TRIMJ,TRIME,TRIMLEV   5  0.2882E+02  0.0000E+00  0.0000E+00  0.0000E+00  0.0000E+00
          ICUT,AMX,ALEVEL,IAGAIN   0  0.1092E+00  0.6668E-05  14    CUT,PRCNT  0.100E-06  0.100E+01  M1,N1=  60  68
 DIMENSIONS  60  68   234.2  56  73   227.0  56  73   224.2  56  73   224.3
 DENSTY: JSHAP= 48    JBAR= 82        65.0     6.8
 EVA M1,N1=    60    68
 NOP,NOA,NOF,NOG,KE2MX= 0 0 0 016  NOLEP,NOLJI,NOLJF,JFJI= 1 1 1 1

 EVA  M1*N1  4080    ZEROS     0    CUTS     0    CUTPOP  0.1441E-06    SUM CUTS  0.0000E+00
 LOSS BELOW YRAST LINE  0.0000E+00
 EVA-,STEP  5
 SEQOUT NROW,NSTEP   3   5         PARENT 167Yb      ELAB   309.0    EXCIT   272.7

 SUMP,SUMLOW    0.2759E+01    0.0000E+00
 WROTE POPP ON UNIT  10               166Tm  
 SUMA,SUMLOW    0.1521E+01    0.0000E+00
 WROTE POPA ON UNIT  13               163Er  
 TOTAL    0.2882E+02
 FLOST(SUMPOP),TRIM(CUTOFF),RLOST(POPUL),RP 
   0.1044E+01   0.0000E+00   0.3631E-03   0.1101E+01   0.2397E+00   0.1536E+00   0.0000E+00

 J SPECTRUM OF PARENT 167Yb  
    AVERAGE=  41.734    SUM=   0.288E+02
    0.00      5     16     26     37     47    103     69     78     88    254
   10.00    378    176    175    175    149    152    154    155    155    154
   20.00    153    150    147    142    138    132    126    120    113    107
   30.00    100     93     86     80     73     67     61     56     52     48
   40.00     45     42     39     37     36     34     34     34     34     36
   50.00     38     42     47     54     65     79     99    125    160    204
   60.00    261    332    416    511    611    714    770    477

 J SPECTRUM OF FISS   167Yb  
    AVERAGE=  52.160    SUM=   0.486E+01
    0.00      1      3      5      8     10     25     16     19     21     71
   10.00     76     50     51     53     45     48     50     53     56     58
   20.00     61     63     65     67     69     71     72     73     74     75
   30.00     75     75     75     74     74     72     71     70     70     69
   40.00     69     68     67     67     68     69     70     72     76     82
   50.00     89     99    112    130    153    183    222    271    329    397
   60.00    474    556    637    706    758    792    773    439

 E SPECTRUM OF PARENT 167Yb  
    AVERAGE= 214.888    SUM=   0.288E+02
  175.15     39     41     42     42     42     42     42     41     39    112
  185.15    113    110    101     90     80     70     60     52     45     39
  195.15     35     32     31     32     34     39     45     53     63     75
  205.15     90    106    124    144    166    190    216    243    271    300
  215.15    329    357    384    409    430    446    456    459    454    440
  225.15    417    385    346    301    251    201    152    108     71     43

 DJN SPEC
    AVERAGE=  -0.879    SUM=   0.182E+02
   -1.00   8794   1205      0      0      0      0      0      0      0      0

 DJP SPEC
    AVERAGE=  -0.878    SUM=   0.276E+01
   -1.00   8776   1223      0      0      0      0      0      0      0      0

 DJA SPEC
    AVERAGE=  -2.697    SUM=   0.152E+01
   -9.00      0      0      0      0      0      0   8200    807    747    243

   N   M   EXMAX  AV.EX. NW  MW  EXMAXW      Q      AL   DELTA     AVJ      DJ        TOTAL  BRANCH
  68  60   234.2   214.9  70  35   174.2    0.00   20.01   -1.09   41.73    0.00     0.288E+02 10000    
  73  56   227.0   203.1  79  31   168.0   -7.07   19.92    0.00   39.29    2.44     0.182E+02  6309   N
  73  56   224.2   197.8  79  31   165.2   -5.99   19.92   -1.88   38.51    3.22     0.276E+01   957   P
  73  56   224.3   196.7  80  62   165.3    2.15   19.62   -1.07   39.51    2.23     0.152E+01   528   A
                   218.1  68  36   175.2  -29.99   22.88   -1.09   52.16             0.486E+01  1688   F
                                                                                     0.000E+00     0   G

 SPECTRA N,P,A  AVE    6.05   13.84   23.54         SUMS  0.1925E+02  0.2997E+01  0.1674E+01
1    ROW  3      ELEMENT Yb      X-SECTION   0.000E+00
(14)N+(159)Tb -> (173)Hf                                                
 ELAB(MEV)  309.000     Q-VALUE  -11.257    EXCIT  272.737
 SIGFUS,SIGEVA,SIGFIS,SIGMXZ  0.9476E+03  0.0000E+00  0.8537E+03  0.0000E+00
 ZT= 65    AT 159    ZP  7    AP  14


             171Yb     170Yb     169Yb     168Yb     167Yb  
 SIG        0.000E+00 0.000E+00 0.000E+00 0.000E+00 0.000E+00
 B-G               0         0         0         0         0
  R-N           7364      7512      5369      6117      6309
 BR-P            678       742       668       841       957
 BR-A            422       448       387       479       528
 BR-F           1529      1218      2565      1962      1688
 SIGF       0.542E+00 0.827E+00 0.909E+01 0.664E+01 0.486E+01
 TOTAL      0.355E+01 0.679E+01 0.355E+02 0.338E+02 0.288E+02
 EXCP          233.0     219.9     242.0     230.8     214.9
 SPINP          44.0      41.6      45.3      43.9      41.7
 EXCF          233.6     221.0     246.5     234.0     218.1
 SPINF          51.1      52.0      50.4      50.4      52.2
 DJN           -0.92     -0.89     -0.93     -0.91     -0.88
 DJP           -0.91     -0.88     -0.94     -0.91     -0.88
 DJA           -2.78     -2.71     -2.83     -2.77     -2.70
 AV.E N         6.23      6.07      6.35      6.22      6.05
 AV.E P        14.00     13.85     14.14     14.02     13.84
 AV.E A        23.74     23.54     23.90     23.75     23.54
 SUM GAM         0.0       0.0       0.0       0.0       0.0
 SPIN GAM        0.0       0.0       0.0       0.0       0.0

 TRIM       0.535E-06 0.150E-05 0.000E+00 0.000E+00 0.000E+00
 FLOST      0.000E+00 0.115E-13 0.240E+01 0.122E+01 0.104E+01
 RP         0.000E+00 0.000E+00 0.000E+00 0.000E+00 0.000E+00
 RLOSTG     0.343E-10 0.350E-06 0.106E-02 0.424E-03 0.363E-03
 RLOSTN     0.153E-02 0.362E-01 0.288E+01 0.155E+01 0.110E+01
 RLOSTP     0.401E-03 0.887E-02 0.427E+00 0.293E+00 0.240E+00
 RLOSTA     0.688E-03 0.902E-02 0.274E+00 0.188E+00 0.154E+00
 TIME              0         0         0         0         0

 STORAGE
  1.  1.  3.  3.  3.
  0.  0.  2.  2.  2.
  170.   69.   0.0010    21     1    25    25    35    12    12    20
 DEL     1.0     0.1     4.0    12.0     0.0
 TRANSM  APAR,ZPAR,SIGLOW,UNIT,DEL 170.0  69.0  0.10E-02  21     0.1     4.0    12.0
 SEQIN:PAIR,DELT,CST   4  11.00   1.160 AL=  20.31  20.21  20.21  19.92  23.28 DELTA= -1.12 -0.87 -0.72 -1.27 -1.12
 AF/AN=   1.100   BS,BK=   1.2848   1.5191 DPBAR=  32.08 A= 170. Z=  69. Y=   0.428
 SHELL CORRECTIONS        -2.4    -2.5    -2.7    -2.3    -0.0
1 NEW ROW

 GRIDS  NROW,NSTEP   4   1
 SUMN,SUMLOW    0.0000E+00    0.0000E+00
 GOT POPP FROM UNIT  10      SUMP  0.2404E+00   M,N,EXMAX  53  77   240.2     170Tm      CN= 173Hf  
 SUMPOP FLOST,SUM,EXMAX,M,N  0.0000E+00  0.2404E+00  240.25  53  77
 SUMPOP FLOST,SUM,EXMAX,M,N  0.0000E+00  0.2404E+00  240.25  53  77
 CUTOFF   NSTEP,TOTAL,TRIM,TRIMJ,TRIME,TRIMLEV   1  0.2404E+00  0.2966E-07  0.0000E+00  0.1574E-07  0.1392E-07
          ICUT,AMX,ALEVEL,IAGAIN  37  0.7508E-03  0.7160E-09  20    CUT,PRCNT  0.100E-06  0.100E+01  M1,N1=  49  71
 CUTOFF OLD,NEW M1  49  57
 DIMENSIONS  57  71   236.2  53  76   229.6  53  76   226.1  53  76   225.1
 DENSTY: JSHAP= 49    JBAR= 94        71.5     9.0
 EVA M1,N1=    57    71
 NOP,NOA,NOF,NOG,KE2MX= 0 0 0 016  NOLEP,NOLJI,NOLJF,JFJI= 1 1 1 1

 EVA  M1*N1  4047    ZEROS    36    CUTS   178    CUTPOP  0.3580E-09    SUM CUTS  0.1802E-07
 LOSS BELOW YRAST LINE  0.0000E+00
 EVA-,STEP  1
 SEQOUT NROW,NSTEP   4   1         PARENT 170Tm      ELAB   309.0    EXCIT   272.7

 SUMP,SUMLOW    0.1264E-01    0.0000E+00
 WROTE POPP ON UNIT  11               169Er  
 SUMA,SUMLOW    0.8279E-02    0.0000E+00
 WROTE POPA ON UNIT  12               166Ho  
 TOTAL    0.2404E+00
 FLOST(SUMPOP),TRIM(CUTOFF),RLOST(POPUL),RP 
   0.0000E+00   0.4768E-07   0.2635E-09   0.1291E-02   0.2144E-03   0.2347E-03   0.0000E+00

 J SPECTRUM OF PARENT 170Tm  
    AVERAGE=  40.589    SUM=   0.240E+00
    0.00      5     16     27     38     49     60     71     81     91    100
   10.00    481    139    145    152    157    162    166    168    171    172
   20.00    172    172    170    168    165    161    157    152    146    140
   30.00    134    127    120    112    105     97     90     83     77     71
   40.00     66     62     58     54     51     48     46     45     44     44
   50.00     45     47     50     54     61     69     81     96    116    141
   60.00    172    209    253    304    357    411    463    512    559    373

 J SPECTRUM OF FISS   170Tm  
    AVERAGE=  58.067    SUM=   0.267E-01
    0.00      0      1      2      4      5      6      8      9     10     11
   10.00     58     18     19     21     22     23     25     26     28     29
   20.00     31     32     34     35     37     38     39     41     42     43
   30.00     44     45     46     47     47     47     47     47     47     48
   40.00     48     49     49     49     50     51     53     55     57     61
   50.00     66     73     82     93    108    128    154    189    232    286
   60.00    351    427    516    614    709    798    876    941    994    642

 E SPECTRUM OF PARENT 170Tm  
    AVERAGE= 212.229    SUM=   0.240E+00
  180.25      0      0      0      0      0      0      0      0      7      9
  190.25     13     18     23     30     39     50     63     79     97    119
  200.25    143    171    201    234    269    306    343    380    416    450
  210.25    480    505    525    537    541    535    520    493    457    413
  220.25    362    306    249    195    145    102     67     41     23     12
  230.25      5      2      0      0      0      0      0

 DJN SPEC
    AVERAGE=  -0.886    SUM=   0.191E+00
   -1.00   8862   1137      0      0      0      0      0      0      0      0

 DJP SPEC
    AVERAGE=  -0.878    SUM=   0.126E-01
   -1.00   8777   1222      0      0      0      0      0      0      0      0

 DJA SPEC
    AVERAGE=  -2.703    SUM=   0.828E-02
   -9.00      0      0      0      0      0      0   8238    755    798    207

   N   M   EXMAX  AV.EX. NW  MW  EXMAXW      Q      AL   DELTA     AVJ      DJ        TOTAL  BRANCH
  71  57   236.2   212.2  73  34   179.2    0.00   20.31   -1.12   40.59    0.00     0.240E+00 10000    
  76  53   229.6   199.6  80  31   173.6   -6.59   20.21   -0.87   37.60    2.99     0.191E+00  7947   N
  76  53   226.1   192.9  80  31   170.1   -6.16   20.21   -0.72   36.09    4.50     0.126E-01   526   P
  76  53   225.1   190.6  80  62   169.1    0.85   19.92   -1.27   36.95    3.64     0.828E-02   344   A
                   213.6  71  35   180.2  -33.95   23.28   -1.12   58.07             0.267E-01  1111   F
                                                                                     0.000E+00     0   G

 SPECTRA N,P,A  AVE    6.01   13.64   23.19         SUMS  0.1919E+00  0.1285E-01  0.8513E-02
 SEQIN:PAIR,DELT,CST   4  11.00   1.160 AL=  20.21  20.11  20.11  19.82  23.11 DELTA= -0.87 -1.48  0.00 -0.82 -0.87
 AF/AN=   1.100   BS,BK=   1.2827   1.4969 DPBAR=  31.75 A= 169. Z=  69. Y=   0.390
 SHELL CORRECTIONS        -2.5    -2.1    -2.6    -2.3    -0.0

 GRIDS  NROW,NSTEP   4   2
 SUMN,SUMLOW    0.1911E+00    0.0000E+00
 GOT POPP FROM UNIT  10      SUMP  0.5039E+00   M,N,EXMAX  53  76   232.6     169Tm      CN= 173Hf  
 SUMPOP FLOST,SUM,EXMAX,M,N  0.1110E-14  0.6950E+00  232.56  56  73  0.5039E+00  232.56  53  76  0.1911E+00  229.56  53  76  0 -3
 SUMPOP FLOST,SUM,EXMAX,M,N  0.0000E+00  0.6950E+00  232.56  56  73
 CUTOFF   NSTEP,TOTAL,TRIM,TRIMJ,TRIME,TRIMLEV   2  0.6950E+00  0.1002E-06  0.0000E+00  0.3640E-07  0.6381E-07
          ICUT,AMX,ALEVEL,IAGAIN  61  0.2389E-02  0.2278E-08  20    CUT,PRCNT  0.100E-06  0.100E+01  M1,N1=  51  70
 CUTOFF OLD,NEW M1  51  58
 DIMENSIONS  58  70   227.6  54  75   219.4  54  75   218.0  54  75   216.8
 DENSTY: JSHAP= 49    JBAR= 93        71.0     8.8
 EVA M1,N1=    58    70
 NOP,NOA,NOF,NOG,KE2MX= 0 0 0 016  NOLEP,NOLJI,NOLJF,JFJI= 1 1 1 1

 EVA  M1*N1  4060    ZEROS    56    CUTS   114    CUTPOP  0.1139E-08    SUM CUTS  0.5957E-07
 LOSS BELOW YRAST LINE  0.0000E+00
 EVA-,STEP  2
 SEQOUT NROW,NSTEP   4   2         PARENT 169Tm      ELAB   309.0    EXCIT   272.7

 SUMP,SUMLOW    0.3963E-01    0.0000E+00
 WROTE POPP ON UNIT  11               168Er  
 SUMA,SUMLOW    0.2512E-01    0.0000E+00
 WROTE POPA ON UNIT  12               165Ho  
 TOTAL    0.6950E+00
 FLOST(SUMPOP),TRIM(CUTOFF),RLOST(POPUL),RP 
   0.1110E-14   0.1598E-06   0.2380E-08   0.8032E-02   0.1460E-02   0.1434E-02   0.0000E+00

 J SPECTRUM OF PARENT 169Tm  
    AVERAGE=  37.908    SUM=   0.695E+00
    0.00      6     19     32     45     57     70     84     95    106    117
   10.00    718    167    174    179    184    188    190    191    192    191
   20.00    189    186    182    178    172    165    158    151    143    135
   30.00    126    118    109    100     92     83     76     68     62     57
   40.00     52     48     44     41     38     36     34     33     32     33
   50.00     34     36     39     43     50     59     71     88    110    138
   60.00    173    217    270    330    394    459    523    586    400      0

 J SPECTRUM OF FISS   169Tm  
    AVERAGE=  58.809    SUM=   0.569E-01
    0.00      0      1      2      3      4      6      7      8      9     11
   10.00     70     17     18     19     21     22     23     24     25     26
   20.00     27     28     29     30     31     32     33     34     34     35
   30.00     35     36     36     36     35     35     35     34     34     34
   40.00     34     34     34     34     35     35     36     38     41     44
   50.00     49     55     64     75     91    112    142    182    233    300
   60.00    383    485    609    742    878   1011   1132   1243    831      0

 E SPECTRUM OF PARENT 169Tm  
    AVERAGE= 199.747    SUM=   0.695E+00
  170.56      0      0      0      0      0      0      0      6      8     10
  180.56     48     59     72     86    103    122    143    166    191    218
  190.56    246    276    306    336    366    394    419    441    460    473
  200.56    481    482    477    465    447    421    390    354    315    273
  210.56    230    189    150    115     84     59     40     25     15      8
  220.56      4      2      0      0      0      0      0      0

 DJN SPEC
    AVERAGE=  -0.854    SUM=   0.562E+00
   -1.00   8539   1460      0      0      0      0      0      0      0      0

 DJP SPEC
    AVERAGE=  -0.844    SUM=   0.396E-01
   -1.00   8438   1561      0      0      0      0      0      0      0      0

 DJA SPEC
    AVERAGE=  -2.630    SUM=   0.251E-01
   -9.00      0      0      0      0      0      0   7832    871   1059    236

   N   M   EXMAX  AV.EX. NW  MW  EXMAXW      Q      AL   DELTA     AVJ      DJ        TOTAL  BRANCH
  70  58   227.6   199.7  72  34   169.6    0.00   20.21   -0.87   37.91    0.00     0.695E+00 10000    
  75  54   219.4   186.0  80  31   162.4   -8.03   20.11   -1.48   35.30    2.61     0.562E+00  8093   N
  75  54   218.0   181.6  80  31   161.0   -5.57   20.11    0.00   33.80    4.11     0.396E-01   570   P
  75  54   216.8   179.2  80  62   159.8    1.20   19.82   -0.82   34.90    3.01     0.251E-01   361   A
                   201.4  70  35   170.6  -33.70   23.11   -0.87   58.81             0.569E-01   818   F
                                                                                     0.000E+00     0   G

 SPECTRA N,P,A  AVE    5.85   13.48   23.00         SUMS  0.5691E+00  0.4107E-01  0.2655E-01
 SEQIN:PAIR,DELT,CST   4  11.00   1.160 AL=  20.11  20.01  20.01  19.72  23.00 DELTA= -1.48 -0.98 -0.76 -1.49 -1.48
 AF/AN=   1.100   BS,BK=   1.2827   1.4966 DPBAR=  31.43 A= 168. Z=  69. Y=   0.390
 SHELL CORRECTIONS        -2.1    -2.0    -2.4    -1.9     0.0

 GRIDS  NROW,NSTEP   4   3
 SUMN,SUMLOW    0.5625E+00    0.0000E+00
 GOT POPP FROM UNIT  10      SUMP  0.2368E+01   M,N,EXMAX  54  75   247.9     168Tm      CN= 173Hf  
 SUMPOP FLOST,SUM,EXMAX,M,N  0.1883E+00  0.2742E+01  239.93  59  69  0.2368E+01  247.93  54  75  0.5625E+00  219.43  54  75  7-21
 GOT POPA FROM UNIT  13      SUMA  0.2104E+01   M,N,EXMAX  52  78   252.9     168Tm  
 SUMPOP FLOST,SUM,EXMAX,M,N  0.3207E-01  0.4814E+01  240.92  59  69  0.2742E+01  239.93  59  69  0.2104E+01  252.92  52  78 -1 11
 CUTOFF   NSTEP,TOTAL,TRIM,TRIMJ,TRIME,TRIMLEV   3  0.4814E+01  0.0000E+00  0.0000E+00  0.0000E+00  0.0000E+00
          ICUT,AMX,ALEVEL,IAGAIN   0  0.1736E-01  0.5299E-06  15    CUT,PRCNT  0.100E-06  0.100E+01  M1,N1=  59  69
 DIMENSIONS  59  69   240.9  55  74   234.0  55  74   231.6  55  74   230.2
 DENSTY: JSHAP= 49    JBAR= 91        70.0     8.4
 EVA M1,N1=    59    69
 NOP,NOA,NOF,NOG,KE2MX= 0 0 0 016  NOLEP,NOLJI,NOLJF,JFJI= 1 1 1 1

 EVA  M1*N1  4071    ZEROS     0    CUTS     0    CUTPOP  0.2407E-07    SUM CUTS  0.0000E+00
 LOSS BELOW YRAST LINE  0.0000E+00
 EVA-,STEP  3
 SEQOUT NROW,NSTEP   4   3         PARENT 168Tm      ELAB   309.0    EXCIT   272.7

 SUMP,SUMLOW    0.3113E+00    0.0000E+00
 WROTE POPP ON UNIT  11               167Er  
 SUMA,SUMLOW    0.1925E+00    0.0000E+00
 WROTE POPA ON UNIT  12               164Ho  
 TOTAL    0.4814E+01
 FLOST(SUMPOP),TRIM(CUTOFF),RLOST(POPUL),RP 
   0.2204E+00   0.0000E+00   0.6799E-04   0.1973E+00   0.2200E-01   0.1545E-01   0.0000E+00

 J SPECTRUM OF PARENT 168Tm  
    AVERAGE=  43.061    SUM=   0.481E+01
    0.00      4     12     21     29     37     84     55     63     70    183
   10.00    215    104    159    165    124    129    133    136    139    141
   20.00    142    143    143    142    141    139    136    133    129    125
   30.00    121    116    111    106    101     95     90     85     81     77
   40.00     73     70     67     65     63     62     61     61     61     63
   50.00     66     70     76     84     95    109    127    150    178    212
   60.00    252    299    350    405    461    515    565    586    357

 J SPECTRUM OF FISS   168Tm  
    AVERAGE=  56.122    SUM=   0.829E+00
    0.00      0      1      2      3      4     11      7      8      9     28
   10.00     23     16     26     28     21     22     24     26     27     29
   20.00     31     33     35     36     38     40     42     44     46     48
   30.00     49     51     52     54     55     56     58     59     60     62
   40.00     63     65     67     69     71     74     78     82     87     94
   50.00    103    114    128    145    168    196    231    274    325    385
   60.00    451    525    600    671    733    782    818    817    484

 E SPECTRUM OF PARENT 168Tm  
    AVERAGE= 224.585    SUM=   0.481E+01
  182.92     48     50     51     52     52     51     50     48     46     43
  192.92     40     85     76     67     58     49     40     32     26     20
  202.92     16     13     11     11     12     14     18     23     29     37
  212.92     48     60     76     94    116    142    171    203    239    277
  222.92    317    360    403    447    488    524    554    574    580    571
  232.92    544    499    437    362    281    201    131     76     26

 DJN SPEC
    AVERAGE=  -0.913    SUM=   0.325E+01
   -1.00   9129    870      0      0      0      0      0      0      0      0

 DJP SPEC
    AVERAGE=  -0.910    SUM=   0.311E+00
   -1.00   9098    901      0      0      0      0      0      0      0      0

 DJA SPEC
    AVERAGE=  -2.764    SUM=   0.192E+00
   -9.00      0      0      0      0      0      0   8578    691    526    203

   N   M   EXMAX  AV.EX. NW  MW  EXMAXW      Q      AL   DELTA     AVJ      DJ        TOTAL  BRANCH
  69  59   240.9   224.6  71  35   181.9    0.00   20.11   -1.48   43.06    0.00     0.481E+01 10000    
  74  55   234.0   213.1  80  31   176.0   -6.84   20.01   -0.98   39.85    3.21     0.325E+01  6743   N
  74  55   231.6   208.1  80  31   173.6   -5.31   20.01   -0.76   38.85    4.21     0.311E+00   647   P
  74  55   230.2   205.3  80  62   172.2    1.24   19.72   -1.49   39.41    3.65     0.192E+00   400   A
                   227.5  69  36   182.9  -33.04   23.00   -1.48   56.12             0.829E+00  1723   F
                                                                                     0.000E+00     0   G

 SPECTRA N,P,A  AVE    6.18   13.85   23.43         SUMS  0.3436E+01  0.3331E+00  0.2079E+00
 SEQIN:PAIR,DELT,CST   4  11.00   1.160 AL=  20.01  19.92  19.92  19.62  22.89 DELTA= -0.98 -1.88  0.00 -0.96 -0.98
 AF/AN=   1.100   BS,BK=   1.2826   1.4963 DPBAR=  31.10 A= 167. Z=  69. Y=   0.389
 SHELL CORRECTIONS        -2.0    -1.7    -2.2    -1.8     0.0

 GRIDS  NROW,NSTEP   4   4
 SUMN,SUMLOW    0.3246E+01    0.0000E+00
 GOT POPP FROM UNIT  10      SUMP  0.2846E+01   M,N,EXMAX  55  74   238.0     167Tm      CN= 173Hf  
 SUMPOP FLOST,SUM,EXMAX,M,N -0.8882E-15  0.6092E+01  237.98  59  69  0.2846E+01  237.98  55  74  0.3246E+01  233.98  55  74  0 -4
 GOT POPA FROM UNIT  13      SUMA  0.2405E+01   M,N,EXMAX  53  77   245.0     167Tm  
 SUMPOP FLOST,SUM,EXMAX,M,N  0.2167E-05  0.8497E+01  237.98  59  69  0.6092E+01  237.98  59  69  0.2405E+01  244.98  53  77  0  6
 CUTOFF   NSTEP,TOTAL,TRIM,TRIMJ,TRIME,TRIMLEV   4  0.8497E+01  0.3049E-06  0.0000E+00  0.0000E+00  0.3049E-06
          ICUT,AMX,ALEVEL,IAGAIN  18  0.2978E-01  0.2840E-07  20    CUT,PRCNT  0.100E-06  0.100E+01  M1,N1=  59  69
 DIMENSIONS  59  69   238.0  55  74   229.2  55  74   229.1  55  74   227.4
 DENSTY: JSHAP= 48    JBAR= 89        68.5     8.2
 EVA M1,N1=    59    69
 NOP,NOA,NOF,NOG,KE2MX= 0 0 0 016  NOLEP,NOLJI,NOLJF,JFJI= 1 1 1 1

 EVA  M1*N1  4071    ZEROS    14    CUTS     5    CUTPOP  0.1420E-07    SUM CUTS  0.1073E-07
 LOSS BELOW YRAST LINE  0.0000E+00
 EVA-,STEP  4
 SEQOUT NROW,NSTEP   4   4         PARENT 167Tm      ELAB   309.0    EXCIT   272.7

 SUMP,SUMLOW    0.6438E+00    0.0000E+00
 WROTE POPP ON UNIT  11               166Er  
 SUMA,SUMLOW    0.3885E+00    0.0000E+00
 WROTE POPA ON UNIT  12               163Ho  
 TOTAL    0.8497E+01
 FLOST(SUMPOP),TRIM(CUTOFF),RLOST(POPUL),RP 
   0.2167E-05   0.3156E-06   0.7670E-04   0.2242E+00   0.2920E-01   0.2107E-01   0.0000E+00

 J SPECTRUM OF PARENT 167Tm  
    AVERAGE=  40.968    SUM=   0.850E+01
    0.00      5     14     24     34     44    105     65     74     83    277
   10.00    269    171    175    180    146    150    154    156    158    158
   20.00    158    157    155    153    149    145    140    135    129    123
   30.00    117    110    103     97     90     83     77     72     67     63
   40.00     59     55     52     50     48     46     45     45     46     48
   50.00     51     55     61     69     80     95    115    140    173    213
   60.00    263    321    387    458    530    601    659    435      0

 J SPECTRUM OF FISS   167Tm  
    AVERAGE=  55.823    SUM=   0.112E+01
    0.00      0      1      3      4      5     14      8     10     11     41
   10.00     36     27     29     30     25     27     28     30     32     33
   20.00     35     37     38     40     41     43     44     46     47     48
   30.00     49     50     50     51     51     51     51     52     52     53
   40.00     53     54     55     56     57     59     62     65     70     76
   50.00     85     95    109    128    152    184    225    276    338    412
   60.00    499    597    698    793    878    948    992    625      0

 E SPECTRUM OF PARENT 167Tm  
    AVERAGE= 214.067    SUM=   0.850E+01
  179.98     24     24     24     24     51     47     43     38     32     28
  189.98     24     22     24     25     27     31     37     45     54     65
  199.98     79     94    113    133    156    182    209    239    271    303
  209.98    337    370    402    432    458    481    497    507    508    501
  219.98    484    457    420    376    326    272    218    166    119     80
  229.98     49     27     13      5      1      0      0      0      0

 DJN SPEC
    AVERAGE=  -0.890    SUM=   0.607E+01
   -1.00   8900   1099      0      0      0      0      0      0      0      0

 DJP SPEC
    AVERAGE=  -0.884    SUM=   0.644E+00
   -1.00   8840   1159      0      0      0      0      0      0      0      0

 DJA SPEC
    AVERAGE=  -2.704    SUM=   0.388E+00
   -9.00      0      0      0      0      0      0   8231    817    710    240

   N   M   EXMAX  AV.EX. NW  MW  EXMAXW      Q      AL   DELTA     AVJ      DJ        TOTAL  BRANCH
  69  59   238.0   214.1  71  35   179.0    0.00   20.01   -0.98   40.97    0.00     0.850E+01 10000    
  74  55   229.2   200.0  80  31   171.2   -8.73   19.92   -1.88   38.06    2.91     0.607E+01  7145   N
  74  55   229.1   196.8  80  31   171.1   -4.91   19.92    0.00   36.92    4.05     0.644E+00   758   P
  74  55   227.4   193.7  80  62   169.4    1.41   19.62   -0.96   37.73    3.24     0.388E+00   457   A
                   215.9  69  36   180.0  -32.63   22.89   -0.98   55.82             0.112E+01  1317   F
                                                                                     0.000E+00     0   G

 SPECTRA N,P,A  AVE    6.06   13.72   23.28         SUMS  0.6281E+01  0.6727E+00  0.4095E+00
 SEQIN:PAIR,DELT,CST   4  11.00   1.160 AL=  19.92  19.82  19.82  19.52  22.79 DELTA= -1.88 -1.11 -1.01 -1.69 -1.88
 AF/AN=   1.100   BS,BK=   1.2826   1.4960 DPBAR=  30.75 A= 166. Z=  69. Y=   0.389
 SHELL CORRECTIONS        -1.7    -1.5    -1.9    -1.4     0.0

 GRIDS  NROW,NSTEP   4   5
 SUMN,SUMLOW    0.6071E+01    0.0000E+00
 GOT POPP FROM UNIT  10      SUMP  0.2759E+01   M,N,EXMAX  56  73   224.2     166Tm      CN= 173Hf  
 SUMPOP FLOST,SUM,EXMAX,M,N  0.2463E-01  0.8805E+01  229.15  60  68  0.2759E+01  224.16  56  73  0.6071E+01  229.15  55  74 -5  0
 GOT POPA FROM UNIT  13      SUMA  0.2200E+01   M,N,EXMAX  53  76   235.2     166Tm  
 SUMPOP FLOST,SUM,EXMAX,M,N  0.4448E-07  0.1101E+02  229.16  60  68  0.8805E+01  229.15  60  68  0.2200E+01  235.16  53  76  0  5
 CUTOFF   NSTEP,TOTAL,TRIM,TRIMJ,TRIME,TRIMLEV   5  0.1101E+02  0.2746E-06  0.0000E+00  0.2746E-06  0.0000E+00
          ICUT,AMX,ALEVEL,IAGAIN  18  0.3656E-01  0.1743E-07  21    CUT,PRCNT  0.100E-06  0.100E+01  M1,N1=  59  68
 CUTOFF OLD,NEW M1  59  60
 DIMENSIONS  60  68   228.2  56  73   221.0  56  73   219.5  56  73   217.9
 DENSTY: JSHAP= 48    JBAR= 86        67.0     7.6
 EVA M1,N1=    60    68
 NOP,NOA,NOF,NOG,KE2MX= 0 0 0 016  NOLEP,NOLJI,NOLJF,JFJI= 1 1 1 1

 EVA  M1*N1  4080    ZEROS     0    CUTS    36    CUTPOP  0.8716E-08    SUM CUTS  0.1301E-06
 LOSS BELOW YRAST LINE  0.0000E+00
 EVA-,STEP  5
 SEQOUT NROW,NSTEP   4   5         PARENT 166Tm      ELAB   309.0    EXCIT   272.7

 SUMP,SUMLOW    0.9348E+00    0.0000E+00
 WROTE POPP ON UNIT  11               165Er  
 SUMA,SUMLOW    0.5455E+00    0.0000E+00
 WROTE POPA ON UNIT  12               162Ho  
 TOTAL    0.1101E+02
 FLOST(SUMPOP),TRIM(CUTOFF),RLOST(POPUL),RP 
   0.2463E-01   0.4047E-06   0.5562E-04   0.2385E+00   0.4643E-01   0.3624E-01   0.0000E+00

 J SPECTRUM OF PARENT 166Tm  
    AVERAGE=  38.472    SUM=   0.110E+02
    0.00      5     17     29     40     52    126     76     87     97    385
   10.00    423    191    195    199    170    173    175    176    176    174
   20.00    172    169    164    159    153    147    140    133    125    117
   30.00    109    101     93     85     78     71     65     59     54     50
   40.00     46     43     40     38     36     35     34     34     35     37
   50.00     40     44     50     59     71     87    109    138    175    223
   60.00    283    354    435    522    612    697    479      0

 J SPECTRUM OF FISS   166Tm  
    AVERAGE=  55.538    SUM=   0.110E+01
    0.00      0      2      3      4      6     15      9     11     12     53
   10.00     57     29     30     32     28     29     31     32     34     35
   20.00     37     38     39     40     41     42     43     44     45     45
   30.00     45     45     45     45     45     44     44     44     44     44
   40.00     44     44     45     46     47     49     51     55     60     66
   50.00     75     86    102    123    151    189    239    301    379    475
   60.00    587    712    838    955   1058   1138    739      0

 E SPECTRUM OF PARENT 166Tm  
    AVERAGE= 199.776    SUM=   0.110E+02
  169.16      0     21     20     18     16     15     37     35     35     36
  179.16     38     42     48     67     78     90    105    122    141    161
  189.16    184    208    233    259    286    314    340    366    390    412
  199.16    430    444    454    458    456    448    434    413    386    355
  209.16    319    279    239    198    160    124     92     65     44     27
  219.16     16      8      4      1      0      0      0      0      0      0

 DJN SPEC
    AVERAGE=  -0.855    SUM=   0.811E+01
   -1.00   8546   1453      0      0      0      0      0      0      0      0

 DJP SPEC
    AVERAGE=  -0.847    SUM=   0.935E+00
   -1.00   8466   1533      0      0      0      0      0      0      0      0

 DJA SPEC
    AVERAGE=  -2.629    SUM=   0.546E+00
   -9.00      0      0      0      0      0      0   7829    902    991    276

   N   M   EXMAX  AV.EX. NW  MW  EXMAXW      Q      AL   DELTA     AVJ      DJ        TOTAL  BRANCH
  68  60   228.2   199.8  70  35   168.2    0.00   19.92   -1.88   38.47    0.00     0.110E+02 10000    
  73  56   221.0   187.3  79  31   162.0   -7.03   19.82   -1.11   35.90    2.57     0.811E+01  7366   N
  73  56   219.5   182.8  79  31   160.5   -4.66   19.82   -1.01   34.74    3.73     0.935E+00   849   P
  73  56   217.9   180.0  80  62   158.9    1.73   19.52   -1.69   35.80    2.67     0.546E+00   496   A
                   201.6  68  36   169.2  -31.92   22.79   -1.88   55.54             0.110E+01   997   F
                                                                                     0.000E+00     0   G

 SPECTRA N,P,A  AVE    5.89   13.55   23.08         SUMS  0.8324E+01  0.9808E+00  0.5817E+00
1    ROW  4      ELEMENT Tm      X-SECTION   0.000E+00
(14)N+(159)Tb -> (173)Hf                                                
 ELAB(MEV)  309.000     Q-VALUE  -11.257    EXCIT  272.737
 SIGFUS,SIGEVA,SIGFIS,SIGMXZ  0.9476E+03  0.0000E+00  0.8568E+03  0.0000E+00
 ZT= 65    AT 159    ZP  7    AP  14


             170Tm     169Tm     168Tm     167Tm     166Tm  
 SIG        0.000E+00 0.000E+00 0.000E+00 0.000E+00 0.000E+00
 B-G               0         0         0         0         0
  R-N           7947      8093      6743      7145      7366
 BR-P            526       570       647       758       849
 BR-A            344       361       400       457       496
 BR-F           1111       818      1723      1317       997
 SIGF       0.267E-01 0.569E-01 0.829E+00 0.112E+01 0.110E+01
 TOTAL      0.240E+00 0.695E+00 0.481E+01 0.850E+01 0.110E+02
 EXCP          212.2     199.7     224.6     214.1     199.8
 SPINP          40.6      37.9      43.1      41.0      38.5
 EXCF          213.6     201.4     227.5     215.9     201.6
 SPINF          58.1      58.8      56.1      55.8      55.5
 DJN           -0.89     -0.85     -0.91     -0.89     -0.85
 DJP           -0.88     -0.84     -0.91     -0.88     -0.85
 DJA           -2.70     -2.63     -2.76     -2.70     -2.63
 AV.E N         6.01      5.85      6.18      6.06      5.89
 AV.E P        13.64     13.48     13.85     13.72     13.55
 AV.E A        23.19     23.00     23.43     23.28     23.08
 SUM GAM         0.0       0.0       0.0       0.0       0.0
 SPIN GAM        0.0       0.0       0.0       0.0       0.0

 TRIM       0.477E-07 0.160E-06 0.000E+00 0.316E-06 0.405E-06
 FLOST      0.000E+00 0.111E-14 0.220E+00 0.217E-05 0.246E-01
 RP         0.000E+00 0.000E+00 0.000E+00 0.000E+00 0.000E+00
 RLOSTG     0.264E-09 0.238E-08 0.680E-04 0.767E-04 0.556E-04
 RLOSTN     0.129E-02 0.803E-02 0.197E+00 0.224E+00 0.238E+00
 RLOSTP     0.214E-03 0.146E-02 0.220E-01 0.292E-01 0.464E-01
 RLOSTA     0.235E-03 0.143E-02 0.155E-01 0.211E-01 0.362E-01
 TIME              0         0         0         0         0

 STORAGE
  1.  1.  3.  3.  3.
  0.  0.  2.  2.  2.
  169.   68.   0.0010    21     1    25    25    35    12    12    20
 DEL     1.0     0.1     4.0    12.0     0.0
 TRANSM  APAR,ZPAR,SIGLOW,UNIT,DEL 169.0  68.0  0.10E-02  21     0.1     4.0    12.0
 SEQIN:PAIR,DELT,CST   4  11.00   1.160 AL=  20.21  20.11  20.11  19.82  23.17 DELTA= -0.72  0.00 -1.21 -0.75 -0.72
 AF/AN=   1.100   BS,BK=   1.2848   1.5195 DPBAR=  33.84 A= 169. Z=  68. Y=   0.429
 SHELL CORRECTIONS        -2.7    -2.6    -2.5    -2.5     0.0
1 NEW ROW

 GRIDS  NROW,NSTEP   5   1
 SUMN,SUMLOW    0.0000E+00    0.0000E+00
 GOT POPP FROM UNIT  11      SUMP  0.1264E-01   M,N,EXMAX  53  76   226.1     169Er      CN= 173Hf  
 SUMPOP FLOST,SUM,EXMAX,M,N  0.0000E+00  0.1264E-01  226.09  53  76
 SUMPOP FLOST,SUM,EXMAX,M,N  0.0000E+00  0.1264E-01  226.09  53  76
 CUTOFF   NSTEP,TOTAL,TRIM,TRIMJ,TRIME,TRIMLEV   1  0.1264E-01  0.2419E-09  0.0000E+00  0.2419E-09  0.0000E+00
          ICUT,AMX,ALEVEL,IAGAIN  18  0.4519E-04  0.2155E-10  21    CUT,PRCNT  0.100E-06  0.100E+01  M1,N1=  49  70
 CUTOFF OLD,NEW M1  49  58
 DIMENSIONS  58  70   222.1  54  75   216.0  54  75   209.9  54  75   210.4
 DENSTY: JSHAP= 49    JBAR= 96        72.5     9.4
 EVA M1,N1=    58    70
 NOP,NOA,NOF,NOG,KE2MX= 0 0 0 016  NOLEP,NOLJI,NOLJF,JFJI= 1 1 1 1

 EVA  M1*N1  4060    ZEROS     2    CUTS   200    CUTPOP  0.1077E-10    SUM CUTS  0.3229E-09
 LOSS BELOW YRAST LINE  0.0000E+00
 EVA-,STEP  1
 SEQOUT NROW,NSTEP   5   1         PARENT 169Er      ELAB   309.0    EXCIT   272.7

 SUMP,SUMLOW    0.5055E-03    0.0000E+00
 WROTE POPP ON UNIT  10               168Ho  
 SUMA,SUMLOW    0.3463E-03    0.0000E+00
 WROTE POPA ON UNIT  12               165Dy  
 TOTAL    0.1264E-01
 FLOST(SUMPOP),TRIM(CUTOFF),RLOST(POPUL),RP 
   0.0000E+00   0.5648E-09   0.5198E-10   0.1904E-03   0.2175E-04   0.2224E-04   0.0000E+00

 J SPECTRUM OF PARENT 169Er  
    AVERAGE=  36.094    SUM=   0.126E-01
    0.00      6     19     33     46     59     71     85     97    109    119
   10.00    739    173    180    186    191    195    198    200    201    201
   20.00    200    198    194    190    185    179    173    166    158    150
   30.00    141    133    124    115    106     97     89     81     75     69
   40.00     64     59     54     51     48     45     43     41     41     41
   50.00     42     44     48     52     59     68     80     96    116    141
   60.00    170    206    247    290    334    377    417    456    306      0

 J SPECTRUM OF FISS   169Er  
    AVERAGE=  59.189    SUM=   0.488E-03
    0.00      0      1      2      3      3      4      5      6      7      8
   10.00     56     14     15     16     17     18     19     20     21     22
   20.00     23     24     25     25     26     27     28     29     30     31
   30.00     31     32     32     32     33     33     33     33     33     34
   40.00     34     35     35     36     37     38     39     42     45     49
   50.00     55     63     73     86    103    128    160    202    256    323
   60.00    406    507    625    747    872    993   1105   1211    813      0

 E SPECTRUM OF PARENT 169Er  
    AVERAGE= 192.926    SUM=   0.126E-01
  165.09      0      0      0      0      0      0      0      0      0     50
  175.09     62     76     91    109    129    152    177    203    232    262
  185.09    293    324    354    384    411    436    457    472    483    487
  195.09    485    476    460    437    408    374    335    294    251    209
  205.09    169    132    100     73     51     33     21     12      7      3
  215.09      1      0      0      0      0      0      0      0

 DJN SPEC
    AVERAGE=  -0.857    SUM=   0.111E-01
   -1.00   8565   1434      0      0      0      0      0      0      0      0

 DJP SPEC
    AVERAGE=  -0.845    SUM=   0.506E-03
   -1.00   8448   1551      0      0      0      0      0      0      0      0

 DJA SPEC
    AVERAGE=  -2.632    SUM=   0.346E-03
   -9.00      0      0      0      0      0      0   7839    875   1051    233

   N   M   EXMAX  AV.EX. NW  MW  EXMAXW      Q      AL   DELTA     AVJ      DJ        TOTAL  BRANCH
  70  58   222.1   192.9  72  34   164.1    0.00   20.21   -0.72   36.09    0.00     0.126E-01 10000    
  75  54   216.0   181.4  80  31   159.0   -6.00   20.11    0.00   34.43    1.67     0.111E-01  8754   N
  75  54   209.9   172.7  80  31   152.9   -8.15   20.11   -1.21   32.68    3.42     0.506E-03   400   P
  75  54   210.4   172.0  80  62   153.4    0.27   19.82   -0.75   33.71    2.38     0.346E-03   274   A
                   194.9  70  35   165.1  -36.05   23.17   -0.72   59.19             0.488E-03   386   F
                                                                                     0.000E+00     0   G

 SPECTRA N,P,A  AVE    5.75   13.25   22.63         SUMS  0.1123E-01  0.5271E-03  0.3686E-03
 SEQIN:PAIR,DELT,CST   4  11.00   1.160 AL=  20.11  20.01  20.01  19.72  23.07 DELTA=  0.00 -0.76 -0.78  0.00  0.00
 AF/AN=   1.100   BS,BK=   1.2848   1.5195 DPBAR=  33.56 A= 168. Z=  68. Y=   0.429
 SHELL CORRECTIONS        -2.6    -2.4    -2.6    -2.5     0.0

 GRIDS  NROW,NSTEP   5   2
 SUMN,SUMLOW    0.1107E-01    0.0000E+00
 GOT POPP FROM UNIT  11      SUMP  0.3963E-01   M,N,EXMAX  54  75   218.0     168Er      CN= 173Hf  
 SUMPOP FLOST,SUM,EXMAX,M,N -0.5551E-16  0.5069E-01  217.99  56  73  0.3963E-01  217.99  54  75  0.1107E-01  215.99  54  75  0 -2
 SUMPOP FLOST,SUM,EXMAX,M,N  0.0000E+00  0.5069E-01  217.99  56  73
 CUTOFF   NSTEP,TOTAL,TRIM,TRIMJ,TRIME,TRIMLEV   2  0.5069E-01  0.3101E-08  0.0000E+00  0.3101E-08  0.0000E+00
          ICUT,AMX,ALEVEL,IAGAIN  18  0.2320E-03  0.1106E-09  21    CUT,PRCNT  0.100E-06  0.100E+01  M1,N1=  51  69
 CUTOFF OLD,NEW M1  51  59
 DIMENSIONS  59  69   213.0  55  74   205.1  55  74   201.0  55  74   201.5
 DENSTY: JSHAP= 49    JBAR= 95        72.0     9.2
 EVA M1,N1=    59    69
 NOP,NOA,NOF,NOG,KE2MX= 0 0 0 016  NOLEP,NOLJI,NOLJF,JFJI= 1 1 1 1

 EVA  M1*N1  4071    ZEROS     2    CUTS   127    CUTPOP  0.5531E-10    SUM CUTS  0.1474E-08
 LOSS BELOW YRAST LINE  0.0000E+00
 EVA-,STEP  2
 SEQOUT NROW,NSTEP   5   2         PARENT 168Er      ELAB   309.0    EXCIT   272.7

 SUMP,SUMLOW    0.2151E-02    0.0000E+00
 WROTE POPP ON UNIT  10               167Ho  
 SUMA,SUMLOW    0.1437E-02    0.0000E+00
 WROTE POPA ON UNIT  12               164Dy  
 TOTAL    0.5069E-01
 FLOST(SUMPOP),TRIM(CUTOFF),RLOST(POPUL),RP 
  -0.5551E-16   0.4576E-08   0.3220E-09   0.9302E-03   0.1180E-03   0.1164E-03   0.0000E+00

 J SPECTRUM OF PARENT 168Er  
    AVERAGE=  33.938    SUM=   0.507E-01
    0.00      7     22     36     51     65     79     95    108    120    132
   10.00   1003    197    203    208    212    214    216    216    214    212
   20.00    209    204    199    192    184    176    168    159    150    140
   30.00    130    120    110    100     91     82     74     67     61     56
   40.00     51     47     43     40     37     35     34     33     33     33
   50.00     35     37     41     47     54     65     78     96    119    148
   60.00    183    225    272    321    371    420    468    318      0

 J SPECTRUM OF FISS   168Er  
    AVERAGE=  59.384    SUM=   0.155E-02
    0.00      0      1      2      2      3      4      5      6      7      8
   10.00     64     13     14     15     15     16     17     18     19     19
   20.00     20     21     21     22     23     23     24     24     25     25
   30.00     25     25     25     25     25     25     25     25     25     25
   40.00     25     26     26     26     27     28     30     32     35     40
   50.00     45     53     63     78     98    126    164    214    280    364
   60.00    472    605    757    918   1084   1248   1409    970      1

 E SPECTRUM OF PARENT 168Er  
    AVERAGE= 181.582    SUM=   0.507E-01
  154.99      0      0      0      0      0      0      0      0     12     16
  164.99    101    121    143    164    187    212    237    264    291    318
  174.99    344    369    392    413    430    444    453    457    456    450
  184.99    438    421    399    373    343    310    275    240    205    171
  194.99    139    110     85     64     46     32     21     14      8      5
  204.99      2      1      0      0      0      0      0      0      0

 DJN SPEC
    AVERAGE=  -0.823    SUM=   0.444E-01
   -1.00   8232   1767      0      0      0      0      0      0      0      0

 DJP SPEC
    AVERAGE=  -0.810    SUM=   0.215E-02
   -1.00   8096   1903      0      0      0      0      0      0      0      0

 DJA SPEC
    AVERAGE=  -2.559    SUM=   0.144E-02
   -9.00      0      0      0      0      0      0   7434    974   1332    257

   N   M   EXMAX  AV.EX. NW  MW  EXMAXW      Q      AL   DELTA     AVJ      DJ        TOTAL  BRANCH
  69  59   213.0   181.6  71  35   154.0    0.00   20.11    0.00   33.94    0.00     0.507E-01 10000    
  74  55   205.1   168.5  80  31   147.1   -7.77   20.01   -0.76   32.45    1.49     0.444E-01  8757   N
  74  55   201.0   161.9  80  31   143.0   -8.00   20.01   -0.78   30.70    3.24     0.215E-02   424   P
  74  55   201.5   161.4  80  62   143.5    0.55   19.72    0.00   31.88    2.05     0.144E-02   284   A
                   183.9  69  36   155.0  -35.68   23.07    0.00   59.38             0.155E-02   305   F
                                                                                     0.000E+00     0   G

 SPECTRA N,P,A  AVE    5.59   13.08   22.43         SUMS  0.4520E-01  0.2268E-02  0.1554E-02
 SEQIN:PAIR,DELT,CST   4  11.00   1.160 AL=  20.01  19.92  19.92  19.62  22.96 DELTA= -0.76  0.00 -1.27 -0.79 -0.76
 AF/AN=   1.100   BS,BK=   1.2848   1.5194 DPBAR=  33.26 A= 167. Z=  68. Y=   0.429
 SHELL CORRECTIONS        -2.4    -2.2    -2.3    -2.2     0.0

 GRIDS  NROW,NSTEP   5   3
 SUMN,SUMLOW    0.4439E-01    0.0000E+00
 GOT POPP FROM UNIT  11      SUMP  0.3113E+00   M,N,EXMAX  55  74   231.6     167Er      CN= 173Hf  
 SUMPOP FLOST,SUM,EXMAX,M,N  0.1411E-01  0.3416E+00  223.61  60  68  0.3113E+00  231.61  55  74  0.4439E-01  205.12  55  74  7-18
 GOT POPA FROM UNIT  13      SUMA  0.1808E+01   M,N,EXMAX  54  75   226.0     165Tm  
 SUMPOP FLOST,SUM,EXMAX,M,N  0.2876E-11  0.2149E+01  224.03  60  68  0.3416E+00  223.61  60  68  0.1808E+01  226.03  54  75  0  1
 CUTOFF   NSTEP,TOTAL,TRIM,TRIMJ,TRIME,TRIMLEV   3  0.2149E+01  0.1017E-06  0.0000E+00  0.0000E+00  0.1017E-06
          ICUT,AMX,ALEVEL,IAGAIN   2  0.7721E-02  0.5891E-07  17    CUT,PRCNT  0.100E-06  0.100E+01  M1,N1=  60  68
 DIMENSIONS  60  68   224.0  56  73   217.5  56  73   212.5  56  73   212.7
 DENSTY: JSHAP= 49    JBAR= 94        71.5     9.0
 EVA M1,N1=    60    68
 NOP,NOA,NOF,NOG,KE2MX= 0 0 0 016  NOLEP,NOLJI,NOLJF,JFJI= 1 1 1 1

 EVA  M1*N1  4080    ZEROS     0    CUTS     0    CUTPOP  0.1075E-07    SUM CUTS  0.0000E+00
 LOSS BELOW YRAST LINE  0.0000E+00
 EVA-,STEP  3
 SEQOUT NROW,NSTEP   5   3         PARENT 167Er      ELAB   309.0    EXCIT   272.7

 SUMP,SUMLOW    0.1043E+00    0.0000E+00
 WROTE POPP ON UNIT  10               166Ho  
 SUMA,SUMLOW    0.6654E-01    0.0000E+00
 WROTE POPA ON UNIT  12               163Dy  
 TOTAL    0.2149E+01
 FLOST(SUMPOP),TRIM(CUTOFF),RLOST(POPUL),RP 
   0.1411E-01   0.1017E-06   0.5341E-05   0.9725E-01   0.1228E-01   0.1046E-01   0.0000E+00

 J SPECTRUM OF PARENT 167Er  
    AVERAGE=  36.499    SUM=   0.215E+01
    0.00      7     22     36     51     65    160     96    108    120    839
   10.00    219    192    197    358    193    194    193    190    187    182
   20.00    176    169    160    151    142    133    123    113    103     93
   30.00     84     75     67     59     52     46     41     37     33     30
   40.00     27     25     23     21     20     19     19     19     20     21
   50.00     23     27     32     39     50     65     88    120    164    225
   60.00    306    406    524    655    794    612     79     48

 J SPECTRUM OF FISS   167Er  
    AVERAGE=  59.128    SUM=   0.123E+00
    0.00      0      1      2      2      3      9      5      6      7     51
   10.00     15     14     15     25     15     15     16     17     17     18
   20.00     18     18     19     19     19     19     19     19     19     19
   30.00     19     18     18     18     17     17     17     17     16     17
   40.00     17     17     17     17     18     19     20     22     25     29
   50.00     33     40     50     65     87    119    165    232    328    462
   60.00    643    872   1140   1435   1748   1366    226    139

 E SPECTRUM OF PARENT 167Er  
    AVERAGE= 191.127    SUM=   0.215E+01
  165.03      8      8      8      8      9      9      8    108    123    138
  175.03    155    173    199    218    238    258    277    296    314    330
  185.03    346    359    369    377    381    381    378    371    360    346
  195.03    328    307    285    260    236    211    188    166    146    129
  205.03    115    104     95     89     84     81     78     75     71     67
  215.03     61     55     48     40     32     25     18     12      8      4

 DJN SPEC
    AVERAGE=  -0.819    SUM=   0.174E+01
   -1.00   8191   1808      0      0      0      0      0      0      0      0

 DJP SPEC
    AVERAGE=  -0.808    SUM=   0.104E+00
   -1.00   8082   1917      0      0      0      0      0      0      0      0

 DJA SPEC
    AVERAGE=  -2.542    SUM=   0.665E-01
   -9.00      0      0      0      0      0      0   7344   1071   1244    338

   N   M   EXMAX  AV.EX. NW  MW  EXMAXW      Q      AL   DELTA     AVJ      DJ        TOTAL  BRANCH
  68  60   224.0   191.1  70  35   164.0    0.00   20.01   -0.76   36.50    0.00     0.215E+01 10000    
  73  56   217.5   179.8  79  31   158.5   -6.44   19.92    0.00   34.59    1.91     0.174E+01  8076   N
  73  56   212.5   173.0  79  31   153.5   -7.51   19.92   -1.27   33.05    3.45     0.104E+00   485   P
  73  56   212.7   172.3  80  62   153.7    0.67   19.62   -0.79   34.63    1.87     0.665E-01   310   A
                   194.6  68  36   165.0  -35.17   22.96   -0.76   59.13             0.123E+00   571   F
                                                                                     0.000E+00     0   G

 SPECTRA N,P,A  AVE    5.74   13.25   22.62         SUMS  0.1828E+01  0.1166E+00  0.7700E-01
 SEQIN:PAIR,DELT,CST   4  11.00   1.160 AL=  19.92  19.82  19.82  19.52  22.85 DELTA=  0.00 -1.01 -0.82  0.00  0.00
 AF/AN=   1.100   BS,BK=   1.2848   1.5194 DPBAR=  32.95 A= 166. Z=  68. Y=   0.429
 SHELL CORRECTIONS        -2.2    -1.9    -2.3    -1.9     0.0

 GRIDS  NROW,NSTEP   5   4
 SUMN,SUMLOW    0.1736E+01    0.0000E+00
 GOT POPP FROM UNIT  11      SUMP  0.6438E+00   M,N,EXMAX  55  74   229.1     166Er      CN= 173Hf  
 SUMPOP FLOST,SUM,EXMAX,M,N  0.2586E-01  0.2354E+01  222.07  60  68  0.6438E+00  229.07  55  74  0.1736E+01  217.49  56  73  6 -5
 GOT POPA FROM UNIT  13      SUMA  0.1445E+01   M,N,EXMAX  55  74   214.8     164Tm  
 SUMPOP FLOST,SUM,EXMAX,M,N  0.1915E-05  0.3799E+01  220.07  60  68  0.2354E+01  222.07  60  68  0.1445E+01  214.83  55  74  1 -5
 CUTOFF   NSTEP,TOTAL,TRIM,TRIMJ,TRIME,TRIMLEV   4  0.3799E+01  0.5536E-07  0.0000E+00  0.0000E+00  0.5536E-07
          ICUT,AMX,ALEVEL,IAGAIN  12  0.1500E-01  0.1430E-07  20    CUT,PRCNT  0.100E-06  0.100E+01  M1,N1=  60  68
 DIMENSIONS  60  68   220.1  56  73   211.5  56  73   208.8  56  73   208.9
 DENSTY: JSHAP= 48    JBAR= 93        70.5     9.0
 EVA M1,N1=    60    68
 NOP,NOA,NOF,NOG,KE2MX= 0 0 0 016  NOLEP,NOLJI,NOLJF,JFJI= 1 1 1 1

 EVA  M1*N1  4080    ZEROS     3    CUTS    15    CUTPOP  0.7152E-08    SUM CUTS  0.1884E-07
 LOSS BELOW YRAST LINE  0.0000E+00
 EVA-,STEP  4
 SEQOUT NROW,NSTEP   5   4         PARENT 166Er      ELAB   309.0    EXCIT   272.7

 SUMP,SUMLOW    0.1574E+00    0.0000E+00
 WROTE POPP ON UNIT  10               165Ho  
 SUMA,SUMLOW    0.9548E-01    0.0000E+00
 WROTE POPA ON UNIT  12               162Dy  
 TOTAL    0.3799E+01
 FLOST(SUMPOP),TRIM(CUTOFF),RLOST(POPUL),RP 
   0.2586E-01   0.7420E-07   0.1986E-03   0.6977E+00   0.6817E-01   0.5045E-01   0.0000E+00

 J SPECTRUM OF PARENT 166Er  
    AVERAGE=  34.413    SUM=   0.380E+01
    0.00      7     23     39     54     69    172    103    116    129    951
   10.00    354    212    289    289    204    203    201    197    192    185
   20.00    177    169    159    150    139    129    119    108     98     88
   30.00     79     70     62     55     49     43     39     34     31     28
   40.00     25     23     22     20     19     19     19     19     20     22
   50.00     24     29     35     44     57     76    103    141    195    267
   60.00    359    470    597    736    592    130     86      0

 J SPECTRUM OF FISS   166Er  
    AVERAGE=  58.503    SUM=   0.161E+00
    0.00      0      1      2      2      3      9      5      6      7     51
   10.00     25     15     19     19     15     15     16     17     17     17
   20.00     18     18     18     18     19     19     19     19     18     18
   30.00     18     18     17     17     17     17     16     16     16     17
   40.00     17     17     17     18     19     20     21     24     27     31
   50.00     37     46     59     77    105    146    205    290    413    583
   60.00    806   1082   1397   1745   1456    417    278      0

 E SPECTRUM OF PARENT 166Er  
    AVERAGE= 180.266    SUM=   0.380E+01
  161.07     73    162    184    202    219    237    255    271    287    301
  171.07    313    324    339    346    350    351    350    346    340    330
  181.07    319    305    290    274    257    239    222    206    191    178
  191.07    165    155    146    138    132    126    121    116    110    104
  201.07     97     89     80     71     61     51     42     33     25     18
  211.07     13      8      5      3      1      0      0      0      0      0

 DJN SPEC
    AVERAGE=  -0.799    SUM=   0.257E+01
   -1.00   7986   2013      0      0      0      0      0      0      0      0

 DJP SPEC
    AVERAGE=  -0.791    SUM=   0.157E+00
   -1.00   7912   2087      0      0      0      0      0      0      0      0

 DJA SPEC
    AVERAGE=  -2.517    SUM=   0.955E-01
   -9.00      0      0      0      0      0      0   7221   1061   1378    338

   N   M   EXMAX  AV.EX. NW  MW  EXMAXW      Q      AL   DELTA     AVJ      DJ        TOTAL  BRANCH
  68  60   220.1   180.3  70  35   160.1    0.00   19.92    0.00   34.41    0.00     0.380E+01 10000    
  73  56   211.5   169.9  79  31   152.5   -8.48   19.82   -1.01   33.39    1.02     0.257E+01  6760   N
  73  56   208.8   166.2  79  31   149.8   -7.32   19.82   -0.82   32.07    2.34     0.157E+00   414   P
  73  56   208.9   165.8  80  62   149.9    0.83   19.52    0.00   33.67    0.74     0.955E-01   251   A
                   184.3  68  36   161.1  -34.66   22.85    0.00   58.50             0.161E+00   425   F
                                                                                     0.000E+00     0   G

 SPECTRA N,P,A  AVE    5.58   13.09   22.44         SUMS  0.3257E+01  0.2255E+00  0.1459E+00
 SEQIN:PAIR,DELT,CST   4  11.00   1.160 AL=  19.82  19.72  19.72  19.42  22.74 DELTA= -1.01  0.00 -1.49 -0.97 -1.01
 AF/AN=   1.100   BS,BK=   1.2848   1.5193 DPBAR=  32.62 A= 165. Z=  68. Y=   0.429
 SHELL CORRECTIONS        -1.9    -1.6    -1.9    -1.7     0.0

 GRIDS  NROW,NSTEP   5   5
 SUMN,SUMLOW    0.2568E+01    0.0000E+00
 GOT POPP FROM UNIT  11      SUMP  0.9348E+00   M,N,EXMAX  56  73   219.5     165Er      CN= 173Hf  
 SUMPOP FLOST,SUM,EXMAX,M,N  0.8506E-10  0.3503E+01  216.50  61  67  0.9348E+00  219.50  56  73  0.2568E+01  211.49  56  73  2 -5
 GOT POPA FROM UNIT  13      SUMA  0.1497E+00   M,N,EXMAX  53  77   240.6     167Er  
 SUMPOP FLOST,SUM,EXMAX,M,N  0.3012E-01  0.3623E+01  216.61  61  67  0.3503E+01  216.50  61  67  0.1497E+00  240.61  53  77  0 23
 CUTOFF   NSTEP,TOTAL,TRIM,TRIMJ,TRIME,TRIMLEV   5  0.3623E+01  0.1994E-06  0.0000E+00  0.0000E+00  0.1994E-06
          ICUT,AMX,ALEVEL,IAGAIN   3  0.1282E-01  0.9785E-07  17    CUT,PRCNT  0.100E-06  0.100E+01  M1,N1=  61  67
 DIMENSIONS  61  67   216.6  56  72   209.9  56  72   205.8  56  72   205.7
 DENSTY: JSHAP= 48    JBAR= 93        70.5     9.0
 EVA M1,N1=    61    67
 NOP,NOA,NOF,NOG,KE2MX= 0 0 0 016  NOLEP,NOLJI,NOLJF,JFJI= 1 1 1 1

 EVA  M1*N1  4087    ZEROS     0    CUTS     0    CUTPOP  0.1811E-07    SUM CUTS  0.0000E+00
 LOSS BELOW YRAST LINE  0.0000E+00
 EVA-,STEP  5
 SEQOUT NROW,NSTEP   5   5         PARENT 165Er      ELAB   309.0    EXCIT   272.7

 SUMP,SUMLOW    0.1457E+00    0.0000E+00
 WROTE POPP ON UNIT  10               164Ho  
 SUMA,SUMLOW    0.8543E-01    0.0000E+00
 WROTE POPA ON UNIT  12               161Dy  
 TOTAL    0.3623E+01
 FLOST(SUMPOP),TRIM(CUTOFF),RLOST(POPUL),RP 
   0.3012E-01   0.1994E-06   0.3444E-03   0.9832E+00   0.9778E-01   0.6759E-01   0.0000E+00

 J SPECTRUM OF PARENT 165Er  
    AVERAGE=  33.949    SUM=   0.362E+01
    0.00      7     22     37     52     66    164     98    111    123    784
   10.00    597    267    264    205    201    200    198    194    189    183
   20.00    176    169    160    151    142    132    122    113    103     94
   30.00     85     77     69     62     55     50     45     41     37     34
   40.00     31     29     27     26     25     24     24     25     27     29
   50.00     33     38     46     58     75     98    131    176    237    314
   60.00    407    514    631    562    278    199     21

 J SPECTRUM OF FISS   165Er  
    AVERAGE=  58.028    SUM=   0.161E+00
    0.00      0      1      1      2      3      8      5      5      6     37
   10.00     36     16     16     14     14     14     15     16     16     17
   20.00     17     17     18     18     18     19     19     19     19     19
   30.00     19     19     19     19     19     19     19     19     19     19
   40.00     20     20     21     21     23     24     26     30     34     40
   50.00     48     59     76    100    136    187    259    361    503    689
   60.00    925   1204   1514   1434    868    637     93

 E SPECTRUM OF PARENT 165Er  
    AVERAGE= 174.363    SUM=   0.362E+01
  156.61    274    284    292    299    304    307    307    328    327    324
  166.61    320    315    309    302    295    287    279    271    264    258
  176.61    252    246    241    236    232    227    221    215    207    199
  186.61    189    178    165    151    137    122    106     91     77     64
  196.61     52     42     33     27     22     19     17     16     16     16
  206.61     17     18     19     20     20     21     21     20     19     18
  216.61     16

 DJN SPEC
    AVERAGE=  -0.803    SUM=   0.208E+01
   -1.00   8034   1965      0      0      0      0      0      0      0      0

 DJP SPEC
    AVERAGE=  -0.799    SUM=   0.146E+00
   -1.00   7992   2007      0      0      0      0      0      0      0      0

 DJA SPEC
    AVERAGE=  -2.542    SUM=   0.854E-01
   -9.00      0      0      0      0      0      0   7373    976   1341    307

   N   M   EXMAX  AV.EX. NW  MW  EXMAXW      Q      AL   DELTA     AVJ      DJ        TOTAL  BRANCH
  67  61   216.6   174.4  69  36   155.6    0.00   19.82   -1.01   33.95    0.00     0.362E+01 10000    
  72  56   209.9   168.1  78  32   149.9   -6.65   19.72    0.00   33.00    0.95     0.208E+01  5746   N
  72  56   205.8   163.4  78  32   145.8   -6.83   19.72   -1.49   31.76    2.19     0.146E+00   402   P
  72  56   205.7   162.8  80  62   145.7    1.11   19.42   -0.97   33.11    0.84     0.854E-01   236   A
                   179.3  67  37   156.6  -34.04   22.74   -1.01   58.03             0.161E+00   444   F
                                                                                     0.000E+00     0   G

 SPECTRA N,P,A  AVE    5.52   13.03   22.37         SUMS  0.3056E+01  0.2434E+00  0.1530E+00
1    ROW  5      ELEMENT Er      X-SECTION   0.000E+00
(14)N+(159)Tb -> (173)Hf                                                
 ELAB(MEV)  309.000     Q-VALUE  -11.257    EXCIT  272.737
 SIGFUS,SIGEVA,SIGFIS,SIGMXZ  0.9476E+03  0.0000E+00  0.8573E+03  0.0000E+00
 ZT= 65    AT 159    ZP  7    AP  14


             169Er     168Er     167Er     166Er     165Er  
 SIG        0.000E+00 0.000E+00 0.000E+00 0.000E+00 0.000E+00
 B-G               0         0         0         0         0
  R-N           8754      8757      8076      6760      5746
 BR-P            400       424       485       414       402
 BR-A            274       284       310       251       236
 BR-F            386       305       571       425       444
 SIGF       0.488E-03 0.155E-02 0.123E+00 0.161E+00 0.161E+00
 TOTAL      0.126E-01 0.507E-01 0.215E+01 0.380E+01 0.362E+01
 EXCP          192.9     181.6     191.1     180.3     174.4
 SPINP          36.1      33.9      36.5      34.4      33.9
 EXCF          194.9     183.9     194.6     184.3     179.3
 SPINF          59.2      59.4      59.1      58.5      58.0
 DJN           -0.86     -0.82     -0.82     -0.80     -0.80
 DJP           -0.84     -0.81     -0.81     -0.79     -0.80
 DJA           -2.63     -2.56     -2.54     -2.52     -2.54
 AV.E N         5.75      5.59      5.74      5.58      5.52
 AV.E P        13.25     13.08     13.25     13.09     13.03
 AV.E A        22.63     22.43     22.62     22.44     22.37
 SUM GAM         0.0       0.0       0.0       0.0       0.0
 SPIN GAM        0.0       0.0       0.0       0.0       0.0

 TRIM       0.565E-09 0.458E-08 0.102E-06 0.742E-07 0.199E-06
 FLOST      0.000E+00-0.555E-16 0.141E-01 0.259E-01 0.301E-01
 RP         0.000E+00 0.000E+00 0.000E+00 0.000E+00 0.000E+00
 RLOSTG     0.520E-10 0.322E-09 0.534E-05 0.199E-03 0.344E-03
 RLOSTN     0.190E-03 0.930E-03 0.972E-01 0.698E+00 0.983E+00
 RLOSTP     0.218E-04 0.118E-03 0.123E-01 0.682E-01 0.978E-01
 RLOSTA     0.222E-04 0.116E-03 0.105E-01 0.505E-01 0.676E-01
 TIME              0         0         0         0         0

 STORAGE
  1.  1.  3.  3.  3.
  0.  0.  2.  2.  2.
1     ENERGY   309.000     0.000

 HIVAP  ENGOUT

(14)N+(159)Tb -> (173)Hf                                                
    ELAB=   309.0      EXCIT=   272.7      CN= 173Hf  
    FUSION X-SECT=  0.9476E+03      LCRIT=  72.0
    EVAP SO FAR  0.0000E+00      FISSION  0.8573E+03

 MASS DISTRIBUTION
        3           2           1           0           9                 8           7           6           5           4
 173  0.0000E+00  0.0000E+00  0.0000E+00  0.0000E+00  0.0000E+00        0.0000E+00  0.0000E+00  0.0000E+00  0.0000E+00  0.0000E+00

 Z-DISTIBUTION
    Er         Tm         Yb         Lu         Hf  
  0.000E+00  0.000E+00  0.000E+00  0.000E+00  0.000E+00

  CROSS SECTIONS (MB)
  169Hf      170Hf      171Hf      172Hf      173Hf  
  0.000E+00  0.000E+00  0.000E+00  0.000E+00  0.000E+00
  168Lu      169Lu      170Lu      171Lu      172Lu  
  0.000E+00  0.000E+00  0.000E+00  0.000E+00  0.000E+00
  167Yb      168Yb      169Yb      170Yb      171Yb  
  0.000E+00  0.000E+00  0.000E+00  0.000E+00  0.000E+00
  166Tm      167Tm      168Tm      169Tm      170Tm  
  0.000E+00  0.000E+00  0.000E+00  0.000E+00  0.000E+00
  165Er      166Er      167Er      168Er      169Er  
  0.000E+00  0.000E+00  0.000E+00  0.000E+00  0.000E+00

 HALFLIFE FIRST STEP IN UNITS OF 10**(-22) SEC AS FUNTION OF J
   0.230E+01   0.176E+01   0.175E+01   0.175E+01   0.175E+01   0.174E+01   0.174E+01   0.173E+01   0.172E+01   0.171E+01
   0.170E+01   0.174E+01   0.171E+01   0.168E+01   0.165E+01   0.163E+01   0.160E+01   0.157E+01   0.153E+01   0.150E+01
   0.147E+01   0.143E+01   0.140E+01   0.136E+01   0.132E+01   0.129E+01   0.125E+01   0.121E+01   0.116E+01   0.112E+01
   0.108E+01   0.104E+01   0.100E+01   0.961E+00   0.920E+00   0.880E+00   0.840E+00   0.801E+00   0.764E+00   0.727E+00
   0.692E+00   0.662E+00   0.636E+00   0.613E+00   0.592E+00   0.573E+00   0.557E+00   0.543E+00   0.533E+00   0.526E+00
   0.523E+00   0.525E+00   0.532E+00   0.544E+00   0.561E+00   0.586E+00   0.619E+00   0.661E+00   0.715E+00   0.781E+00
   0.860E+00   0.951E+00   0.106E+01   0.117E+01   0.129E+01   0.143E+01   0.157E+01   0.171E+01   0.184E+01   0.195E+01
   0.206E+01   0.216E+01   0.225E+01   0.232E+01   0.000E+00   0.000E+00   0.000E+00   0.000E+00   0.000E+00   0.000E+00
1     ENERGY   309.000     0.000
  173.   72.   0.0010    21     1    25    25    35    12    12    20
 DEL     1.0     0.1     4.0    12.0     0.0
 TRANSM  APAR,ZPAR,SIGLOW,UNIT,DEL 173.0  72.0  0.10E-02  21     0.1     4.0    13.0
 SEQIN:PAIR,DELT,CST   4  11.00   1.160 AL=  20.60  20.51  20.51  20.21  23.51 DELTA= -0.80  0.00 -1.60 -0.89 -0.80
 AF/AN=   1.100   BS,BK=   1.2809   1.4870 DPBAR=  26.45 A= 173. Z=  72. Y=   0.378
 SHELL CORRECTIONS        -2.1    -1.9    -2.2    -2.1     0.0
1 NEW ROW

 GRIDS  NROW,NSTEP   1   1
 SUMN,SUMLOW    0.9476E+03    0.0000E+00
 SUMPOP FLOST,SUM,EXMAX,M,N  0.0000E+00  0.9476E+03  272.74   1  74
 SUMPOP FLOST,SUM,EXMAX,M,N  0.0000E+00  0.9476E+03  272.74   1  74
 CUTOFF   NSTEP,TOTAL,TRIM,TRIMJ,TRIME,TRIMLEV   1  0.9476E+03  0.0000E+00  0.0000E+00  0.0000E+00  0.0000E+00
          ICUT,AMX,ALEVEL,IAGAIN   0  0.2569E+02  0.1568E-02  14    CUT,PRCNT  0.100E-07  0.100E+01  M1,N1=   1  74
 CUTOFF OLD,NEW M1   1  55
 DIMENSIONS  55  74   272.7  51  79   265.6  51  79   262.8  51  79   262.3
 DENSTY: JSHAP= 49    JBAR= 84        66.5     7.0
 EVA M1,N1=    55    74
 NOP,NOA,NOF,NOG,KE2MX= 0 0 0 016  NOLEP,NOLJI,NOLJF,JFJI= 1 1 1 1

 EVA  M1*N1  4070    ZEROS  2963    CUTS   560    CUTPOP  0.4738E-05    SUM CUTS  0.1490E-03
 LOSS BELOW YRAST LINE  0.0000E+00
 EVA-,STEP  1
 SEQOUT NROW,NSTEP   1   1         PARENT 173Hf      ELAB   309.0    EXCIT   272.7

 SUMP,SUMLOW    0.5137E+02    0.0000E+00
 WROTE POPP ON UNIT  10               172Lu  
 SUMA,SUMLOW    0.2879E+02    0.0000E+00
 WROTE POPA ON UNIT  12               169Yb  
 TOTAL    0.9476E+03
 FLOST(SUMPOP),TRIM(CUTOFF),RLOST(POPUL),RP 
   0.0000E+00   0.1490E-03   0.0000E+00   0.0000E+00   0.0000E+00   0.0000E+00   0.0000E+00

 J SPECTRUM OF PARENT 173Hf  
    AVERAGE=  47.914    SUM=   0.948E+03
    0.00      1      5      9     13     17     20     24     28     32     36
   10.00     39     43     47     51     54     58     62     66     70     73
   20.00     77     81     85     89     92     96    100    104    108    111
   30.00    115    119    123    127    130    134    138    142    146    149
   40.00    153    157    161    164    168    172    176    180    183    187
   50.00    191    195    199    202    206    210    214    218    221    225
   60.00    229    233    237    240    244    248    252    255    259    263
   70.00    267    271    170      0

 J SPECTRUM OF FISS   173Hf  
    AVERAGE=  47.414    SUM=   0.545E+03
    0.00      0      2      4      7      9     11     13     15     18     20
   10.00     23     26     29     32     35     38     41     44     48     52
   20.00     56     60     65     70     75     81     86     92     99    105
   30.00    112    119    126    134    142    150    158    166    174    183
   40.00    191    199    207    215    222    230    237    244    250    257
   50.00    262    268    272    276    279    280    281    280    277    272
   60.00    265    255    243    229    213    195    176    157    139    122
   70.00    108     94     50      0

 E SPECTRUM OF PARENT 173Hf  
    AVERAGE= 272.737    SUM=   0.948E+03
  268.74      0      0      0      0  10000

 DJN SPEC
    AVERAGE=  -0.963    SUM=   0.322E+03
   -1.00   9630    369      0      0      0      0      0      0      0      0

 DJP SPEC
    AVERAGE=  -0.961    SUM=   0.514E+02
   -1.00   9609    390      0      0      0      0      0      0      0      0

 DJA SPEC
    AVERAGE=  -2.894    SUM=   0.288E+02
   -9.00      0      0      0      0      0      0   9351    334    212    101

   N   M   EXMAX  AV.EX. NW  MW  EXMAXW      Q      AL   DELTA     AVJ      DJ        TOTAL  BRANCH
  74  55   272.7   272.7  76  32   217.7    0.00   20.60   -0.80   47.91    0.00     0.948E+03 10000    
  79  51   265.6   259.0  80  31   211.6   -7.08   20.51    0.00   47.66    0.25     0.322E+03  3403   N
  79  51   262.8   252.1  80  31   208.8   -5.97   20.51   -1.60   46.90    1.01     0.514E+02   542   P
  79  51   262.3   250.5  80  62   208.3    2.54   20.21   -0.89   46.64    1.27     0.288E+02   304   A
                   272.7  74  33   218.7  -28.06   23.51   -0.80   47.41             0.545E+03  5751   F
                                                                                     0.000E+00     0   G

 SPECTRA N,P,A  AVE    6.67   14.68   24.79         SUMS  0.3220E+03  0.5134E+02  0.2878E+02
 SEQIN:PAIR,DELT,CST   4  11.00   1.160 AL=  20.51  20.41  20.41  20.11  23.40 DELTA=  0.00 -0.99 -1.02  0.00  0.00
 AF/AN=   1.100   BS,BK=   1.2807   1.4859 DPBAR=  26.08 A= 172. Z=  72. Y=   0.377
 SHELL CORRECTIONS        -1.9    -1.8    -2.1    -1.9     0.0

 GRIDS  NROW,NSTEP   1   2
 SUMN,SUMLOW    0.3225E+03    0.0000E+00
 SUMPOP FLOST,SUM,EXMAX,M,N  0.0000E+00  0.3225E+03  265.56  51  79
 SUMPOP FLOST,SUM,EXMAX,M,N  0.0000E+00  0.3225E+03  265.56  51  79
 CUTOFF   NSTEP,TOTAL,TRIM,TRIMJ,TRIME,TRIMLEV   2  0.3225E+03  0.0000E+00  0.0000E+00  0.0000E+00  0.0000E+00
          ICUT,AMX,ALEVEL,IAGAIN   0  0.1867E+01  0.8903E-06  21    CUT,PRCNT  0.100E-06  0.100E+01  M1,N1=  51  73
 CUTOFF OLD,NEW M1  51  56
 DIMENSIONS  56  73   265.6  52  78   256.4  52  78   255.7  52  78   255.3
 DENSTY: JSHAP= 49    JBAR= 84        66.5     7.0
 EVA M1,N1=    56    73
 NOP,NOA,NOF,NOG,KE2MX= 0 0 0 016  NOLEP,NOLJI,NOLJF,JFJI= 1 1 1 1

 EVA  M1*N1  4088    ZEROS  1288    CUTS   518    CUTPOP  0.4451E-06    SUM CUTS  0.9503E-05
 LOSS BELOW YRAST LINE  0.0000E+00
 EVA-,STEP  2
 SEQOUT NROW,NSTEP   1   2         PARENT 172Hf      ELAB   309.0    EXCIT   272.7

 SUMP,SUMLOW    0.2301E+02    0.0000E+00
 WROTE POPP ON UNIT  10               171Lu  
 SUMA,SUMLOW    0.1260E+02    0.0000E+00
 WROTE POPA ON UNIT  12               168Yb  
 TOTAL    0.3225E+03
 FLOST(SUMPOP),TRIM(CUTOFF),RLOST(POPUL),RP 
   0.0000E+00   0.9503E-05   0.0000E+00   0.1419E-05   0.7762E-06   0.6315E-03   0.0000E+00

 J SPECTRUM OF PARENT 172Hf  
    AVERAGE=  47.659    SUM=   0.322E+03
    0.00      3      9     15     21     27     33     40     45     51     57
   10.00    129     72     77     82     86     91     95     99    103    106
   20.00    109    111    114    116    117    118    119    119    119    119
   30.00    118    117    116    115    113    111    108    106    104    101
   40.00     99     97     96     94     93     93     92     92     93     94
   50.00     96     99    103    108    114    123    133    146    161    180
   60.00    202    227    256    286    320    355    390    424    456    485
   70.00    513    333      0

 J SPECTRUM OF FISS   172Hf  
    AVERAGE=  48.104    SUM=   0.155E+03
    0.00      1      4      7     11     14     17     21     24     28     32
   10.00     73     43     47     51     55     59     63     67     71     76
   20.00     80     85     89     94     98    103    107    111    115    119
   30.00    123    126    129    131    133    135    137    138    138    138
   40.00    139    139    140    140    141    141    142    144    146    149
   50.00    152    157    163    171    180    191    204    219    236    255
   60.00    275    294    311    325    334    336    331    319    303    283
   70.00    263    147      0

 E SPECTRUM OF PARENT 172Hf  
    AVERAGE= 258.981    SUM=   0.322E+03
  240.56      0     17     21     28     35     45     58     74     95    120
  250.56    152    192    240    298    368    450    547    656    773    896
  260.56   1008   1082   1098    986    665     84

 DJN SPEC
    AVERAGE=  -0.938    SUM=   0.132E+03
   -1.00   9379    620      0      0      0      0      0      0      0      0

 DJP SPEC
    AVERAGE=  -0.934    SUM=   0.230E+02
   -1.00   9343    656      0      0      0      0      0      0      0      0

 DJA SPEC
    AVERAGE=  -2.831    SUM=   0.126E+02
   -9.00      0      0      0      0      0      0   8984    483    384    147

   N   M   EXMAX  AV.EX. NW  MW  EXMAXW      Q      AL   DELTA     AVJ      DJ        TOTAL  BRANCH
  73  56   265.6   259.0  75  33   209.6    0.00   20.51    0.00   47.66    0.00     0.322E+03 10000    
  78  52   256.4   243.3  80  31   201.4   -9.04   20.41   -0.99   46.34    1.32     0.132E+03  4097   N
  78  52   255.7   238.5  80  31   200.7   -5.86   20.41   -1.02   45.44    2.22     0.230E+02   714   P
  78  52   255.3   237.0  80  62   200.3    2.76   20.11    0.00   45.70    1.96     0.126E+02   391   A
                   259.1  73  34   210.6  -27.55   23.40    0.00   48.10             0.155E+03  4799   F
                                                                                     0.000E+00     0   G

 SPECTRA N,P,A  AVE    6.51   14.53   24.60         SUMS  0.1319E+03  0.2300E+02  0.1260E+02
 SEQIN:PAIR,DELT,CST   4  11.00   1.160 AL=  20.41  20.31  20.31  20.01  23.29 DELTA= -0.99  0.00 -1.61 -1.09 -0.99
 AF/AN=   1.100   BS,BK=   1.2805   1.4847 DPBAR=  25.70 A= 171. Z=  72. Y=   0.376
 SHELL CORRECTIONS        -1.8    -1.7    -1.7    -1.6     0.0

 GRIDS  NROW,NSTEP   1   3
 SUMN,SUMLOW    0.1321E+03    0.0000E+00
 SUMPOP FLOST,SUM,EXMAX,M,N  0.0000E+00  0.1321E+03  256.41  52  78
 SUMPOP FLOST,SUM,EXMAX,M,N  0.0000E+00  0.1321E+03  256.41  52  78
 CUTOFF   NSTEP,TOTAL,TRIM,TRIMJ,TRIME,TRIMLEV   3  0.1321E+03  0.1008E-04  0.0000E+00  0.0000E+00  0.1008E-04
          ICUT,AMX,ALEVEL,IAGAIN 209  0.6899E+00  0.6579E-06  20    CUT,PRCNT  0.100E-06  0.100E+01  M1,N1=  52  72
 CUTOFF OLD,NEW M1  52  56
 DIMENSIONS  56  72   256.4  53  77   249.1  53  77   247.0  53  77   246.1
 DENSTY: JSHAP= 49    JBAR= 83        66.0     6.8
 EVA M1,N1=    56    72
 NOP,NOA,NOF,NOG,KE2MX= 0 0 0 016  NOLEP,NOLJI,NOLJF,JFJI= 1 1 1 1

 EVA  M1*N1  4032    ZEROS     2    CUTS   510    CUTPOP  0.3290E-06    SUM CUTS  0.7393E-05
 LOSS BELOW YRAST LINE  0.0000E+00
 EVA-,STEP  3
 SEQOUT NROW,NSTEP   1   3         PARENT 171Hf      ELAB   309.0    EXCIT   272.7

 SUMP,SUMLOW    0.1186E+02    0.0000E+00
 WROTE POPP ON UNIT  10               170Lu  
 SUMA,SUMLOW    0.6297E+01    0.0000E+00
 WROTE POPA ON UNIT  12               167Yb  
 TOTAL    0.1321E+03
 FLOST(SUMPOP),TRIM(CUTOFF),RLOST(POPUL),RP 
   0.0000E+00   0.1748E-04   0.0000E+00   0.1558E-01   0.8987E-02   0.1063E-01   0.0000E+00

 J SPECTRUM OF PARENT 171Hf  
    AVERAGE=  46.342    SUM=   0.132E+03
    0.00      4     13     22     31     40     48     57     65     73     80
   10.00    280    105    111    116    121    125    129    131    134    135
   20.00    136    136    135    134    132    129    126    122    118    113
   30.00    109    104     98     93     87     82     77     71     66     62
   40.00     58     55     52     49     47     46     44     43     43     43
   50.00     45     47     50     54     60     67     78     92    111    135
   60.00    166    205    251    307    373    446    522    599    673    746
   70.00    507      0

 J SPECTRUM OF FISS   171Hf  
    AVERAGE=  48.486    SUM=   0.522E+02
    0.00      2      6     11     15     20     24     29     34     39     43
   10.00    155     61     66     70     75     80     84     88     93     97
   20.00    101    104    108    111    113    116    117    119    119    120
   30.00    120    119    117    115    113    110    106    102     98     95
   40.00     92     89     86     84     82     80     79     79     79     80
   50.00     83     87     92    100    110    123    139    161    189    222
   60.00    260    304    349    397    442    476    498    506    502    491
   70.00    292      0

 E SPECTRUM OF PARENT 171Hf  
    AVERAGE= 243.264    SUM=   0.132E+03
  211.41      0      0      0      0      1      1      2      3      4      6
  221.41      8     12     16     21     28     37     48     62     78     98
  231.41    119    143    169    200    235    274    316    363    412    463
  241.41    514    563    607    643    668    676    664    628    566    480
  251.41    374    258    147     59     11      0

 DJN SPEC
    AVERAGE=  -0.906    SUM=   0.617E+02
   -1.00   9058    941      0      0      0      0      0      0      0      0

 DJP SPEC
    AVERAGE=  -0.901    SUM=   0.119E+02
   -1.00   9006    993      0      0      0      0      0      0      0      0

 DJA SPEC
    AVERAGE=  -2.754    SUM=   0.630E+01
   -9.00      0      0      0      0      0      0   8546    640    616    196

   N   M   EXMAX  AV.EX. NW  MW  EXMAXW      Q      AL   DELTA     AVJ      DJ        TOTAL  BRANCH
  72  56   256.4   243.3  74  33   200.4    0.00   20.41   -0.99   46.34    0.00     0.132E+03 10000    
  77  53   249.1   229.4  80  31   194.1   -7.25   20.31    0.00   44.07    2.28     0.617E+02  4673   N
  77  53   247.0   223.3  80  31   192.0   -5.41   20.31   -1.61   43.05    3.29     0.119E+02   898   P
  77  53   246.1   221.5  80  62   191.1    2.74   20.01   -1.09   43.81    2.54     0.630E+01   477   A
                   243.6  72  34   201.4  -27.05   23.29   -0.99   48.49             0.522E+02  3950   F
                                                                                     0.000E+00     0   G

 SPECTRA N,P,A  AVE    6.35   14.37   24.40         SUMS  0.6164E+02  0.1186E+02  0.6307E+01
 SEQIN:PAIR,DELT,CST   4  11.00   1.160 AL=  20.31  20.21  20.21  19.92  23.17 DELTA=  0.00 -1.19 -1.10  0.00  0.00
 AF/AN=   1.100   BS,BK=   1.2802   1.4834 DPBAR=  25.31 A= 170. Z=  72. Y=   0.375
 SHELL CORRECTIONS        -1.7    -1.5    -1.8    -1.4     0.0

 GRIDS  NROW,NSTEP   1   4
 SUMN,SUMLOW    0.6174E+02    0.0000E+00
 SUMPOP FLOST,SUM,EXMAX,M,N  0.0000E+00  0.6174E+02  249.06  53  77
 SUMPOP FLOST,SUM,EXMAX,M,N  0.0000E+00  0.6174E+02  249.06  53  77
 CUTOFF   NSTEP,TOTAL,TRIM,TRIMJ,TRIME,TRIMLEV   4  0.6174E+02  0.5511E-05  0.0000E+00  0.0000E+00  0.5511E-05
          ICUT,AMX,ALEVEL,IAGAIN  42  0.3163E+00  0.3016E-06  20    CUT,PRCNT  0.100E-06  0.100E+01  M1,N1=  53  71
 CUTOFF OLD,NEW M1  53  57
 DIMENSIONS  57  71   249.1  53  76   239.4  53  76   239.6  53  76   239.0
 DENSTY: JSHAP= 49    JBAR= 82        65.5     6.6
 EVA M1,N1=    57    71
 NOP,NOA,NOF,NOG,KE2MX= 0 0 0 016  NOLEP,NOLJI,NOLJF,JFJI= 1 1 1 1

 EVA  M1*N1  4047    ZEROS    41    CUTS   231    CUTPOP  0.1508E-06    SUM CUTS  0.1295E-04
 LOSS BELOW YRAST LINE  0.0000E+00
 EVA-,STEP  4
 SEQOUT NROW,NSTEP   1   4         PARENT 170Hf      ELAB   309.0    EXCIT   272.7

 SUMP,SUMLOW    0.6572E+01    0.0000E+00
 WROTE POPP ON UNIT  10               169Lu  
 SUMA,SUMLOW    0.3362E+01    0.0000E+00
 WROTE POPA ON UNIT  12               166Yb  
 TOTAL    0.6174E+02
 FLOST(SUMPOP),TRIM(CUTOFF),RLOST(POPUL),RP 
   0.0000E+00   0.1846E-04   0.6596E-05   0.1363E+00   0.7314E-01   0.5334E-01   0.0000E+00

 J SPECTRUM OF PARENT 170Hf  
    AVERAGE=  44.066    SUM=   0.617E+02
    0.00      6     17     29     41     53     64     76     86     96    105
   10.00    497    140    146    151    155    158    159    160    160    158
   20.00    156    153    148    143    137    131    124    116    109    101
   30.00     93     86     78     71     64     57     51     45     40     36
   40.00     32     29     27     25     23     21     20     20     19     20
   50.00     20     22     24     27     31     38     47     60     79    104
   60.00    140    187    248    329    427    539    661    787    915    649

 J SPECTRUM OF FISS   170Hf  
    AVERAGE=  48.944    SUM=   0.205E+02
    0.00      2      8     13     18     24     29     36     42     47     53
   10.00    256     77     81     86     90     95     99    102    105    108
   20.00    111    113    114    115    116    115    114    112    110    108
   30.00    104    100     95     91     85     80     74     69     63     59
   40.00     55     52     49     46     44     42     41     40     40     41
   50.00     43     46     50     57     66     78     96    120    152    194
   60.00    247    312    388    475    562    638    697    737    759    479

 E SPECTRUM OF PARENT 170Hf  
    AVERAGE= 229.410    SUM=   0.617E+02
  193.06      0      0      0      0      1      1      2      2      3      4
  203.06      6      8     10     14     17     22     28     35     44     54
  213.06     66     80     96    114    135    158    183    211    240    271
  223.06    304    337    371    405    437    467    493    514    529    536
  233.06    533    520    496    461    416    362    302    240    179    124
  243.06     77     42     18      6      1      0      0

 DJN SPEC
    AVERAGE=  -0.865    SUM=   0.311E+02
   -1.00   8652   1347      0      0      0      0      0      0      0      0

 DJP SPEC
    AVERAGE=  -0.859    SUM=   0.657E+01
   -1.00   8588   1411      0      0      0      0      0      0      0      0

 DJA SPEC
    AVERAGE=  -2.660    SUM=   0.336E+01
   -9.00      0      0      0      0      0      0   8021    807    921    249

   N   M   EXMAX  AV.EX. NW  MW  EXMAXW      Q      AL   DELTA     AVJ      DJ        TOTAL  BRANCH
  71  57   249.1   229.4  73  34   192.1    0.00   20.31    0.00   44.07    0.00     0.617E+02 10000    
  76  53   239.4   213.4  80  31   183.4   -9.61   20.21   -1.19   40.83    3.24     0.311E+02  5031   N
  76  53   239.6   209.8  80  31   183.6   -5.46   20.21   -1.10   39.83    4.24     0.657E+01  1065   P
  76  53   239.0   208.4  80  62   183.0    2.92   19.92    0.00   40.97    3.09     0.336E+01   545   A
                   230.0  71  35   193.1  -26.53   23.17    0.00   48.94             0.205E+02  3318   F
                                                                                     0.000E+00     0   G

 SPECTRA N,P,A  AVE    6.18   14.21   24.20         SUMS  0.3113E+02  0.6642E+01  0.3415E+01
 SEQIN:PAIR,DELT,CST   4  11.00   1.160 AL=  20.21  20.11  20.11  19.82  23.06 DELTA= -1.19  0.00 -1.67 -1.11 -1.19
 AF/AN=   1.100   BS,BK=   1.2798   1.4818 DPBAR=  24.90 A= 169. Z=  72. Y=   0.373
 SHELL CORRECTIONS        -1.5    -1.4    -1.3    -1.3     0.0

 GRIDS  NROW,NSTEP   1   5
 SUMN,SUMLOW    0.3106E+02    0.0000E+00
 SUMPOP FLOST,SUM,EXMAX,M,N  0.0000E+00  0.3106E+02  239.35  53  76
 SUMPOP FLOST,SUM,EXMAX,M,N  0.0000E+00  0.3106E+02  239.35  53  76
 CUTOFF   NSTEP,TOTAL,TRIM,TRIMJ,TRIME,TRIMLEV   5  0.3106E+02  0.1307E-06  0.0000E+00  0.1307E-06  0.0000E+00
          ICUT,AMX,ALEVEL,IAGAIN  42  0.1506E+00  0.7184E-07  21    CUT,PRCNT  0.100E-06  0.100E+01  M1,N1=  52  70
 CUTOFF OLD,NEW M1  52  58
 DIMENSIONS  58  70   238.4  54  75   230.8  54  75   229.4  54  75   228.5
 DENSTY: JSHAP= 48    JBAR= 82        65.0     6.8
 EVA M1,N1=    58    70
 NOP,NOA,NOF,NOG,KE2MX= 0 0 0 016  NOLEP,NOLJI,NOLJF,JFJI= 1 1 1 1

 EVA  M1*N1  4060    ZEROS     1    CUTS    98    CUTPOP  0.3592E-07    SUM CUTS  0.1489E-05
 LOSS BELOW YRAST LINE  0.0000E+00
 EVA-,STEP  5
 SEQOUT NROW,NSTEP   1   5         PARENT 169Hf      ELAB   309.0    EXCIT   272.7

 SUMP,SUMLOW    0.3796E+01    0.0000E+00
 WROTE POPP ON UNIT  10               168Lu  
 SUMA,SUMLOW    0.1844E+01    0.0000E+00
 WROTE POPA ON UNIT  12               165Yb  
 TOTAL    0.3106E+02
 FLOST(SUMPOP),TRIM(CUTOFF),RLOST(POPUL),RP 
   0.0000E+00   0.1620E-05   0.6097E-05   0.2370E+00   0.1406E+00   0.8695E-01   0.0000E+00

 J SPECTRUM OF PARENT 169Hf  
    AVERAGE=  40.830    SUM=   0.311E+02
    0.00      7     22     37     52     67     80     97    109    121    131
   10.00    790    178    183    187    189    190    189    186    183    178
   20.00    172    164    156    147    138    127    117    107     97     87
   30.00     78     69     60     52     45     38     33     28     24     20
   40.00     18     16     14     12     11     10      9      9      9      9
   50.00     10     10     12     14     17     23     30     42     60     86
   60.00    124    179    256    361    492    645    815    997    738      0

 J SPECTRUM OF FISS   169Hf  
    AVERAGE=  49.303    SUM=   0.873E+01
    0.00      3      9     15     21     27     33     41     47     53     59
   10.00    366     88     92     96    100    104    106    109    111    112
   20.00    113    113    112    111    109    106    103     99     95     90
   30.00     84     79     73     66     60     54     49     43     39     35
   40.00     32     29     27     24     23     21     20     20     20     21
   50.00     22     24     28     33     40     51     67     91    125    172
   60.00    237    323    433    567    707    843    963   1064    712      0

 E SPECTRUM OF PARENT 169Hf  
    AVERAGE= 213.390    SUM=   0.311E+02
  181.35      0      0      0      0      0      0     13     16     20     25
  191.35     30     37     45     54     65     77     90    106    123    142
  201.35    162    185    208    233    259    286    313    339    365    389
  211.35    411    430    446    457    463    463    457    445    426    401
  221.35    369    333    293    251    209    167    128     94     65     42
  231.35     24     13      6      2      0      0      0      0

 DJN SPEC
    AVERAGE=  -0.815    SUM=   0.162E+02
   -1.00   8152   1847      0      0      0      0      0      0      0      0

 DJP SPEC
    AVERAGE=  -0.808    SUM=   0.380E+01
   -1.00   8078   1921      0      0      0      0      0      0      0      0

 DJA SPEC
    AVERAGE=  -2.547    SUM=   0.184E+01
   -9.00      0      0      0      0      0      0   7398    983   1310    307

   N   M   EXMAX  AV.EX. NW  MW  EXMAXW      Q      AL   DELTA     AVJ      DJ        TOTAL  BRANCH
  70  58   238.4   213.4  72  34   180.4    0.00   20.21   -1.19   40.83    0.00     0.311E+02 10000    
  75  54   230.8   199.9  80  31   173.8   -7.43   20.11    0.00   36.81    4.02     0.162E+02  5222   N
  75  54   229.4   195.0  80  31   172.4   -4.94   20.11   -1.67   35.88    4.95     0.380E+01  1222   P
  75  54   228.5   193.4  80  62   171.5    3.15   19.82   -1.11   37.36    3.47     0.184E+01   594   A
                   214.4  70  35   181.4  -26.01   23.06   -1.19   49.30             0.873E+01  2812   F
                                                                                     0.000E+00     0   G

 SPECTRA N,P,A  AVE    6.01   14.04   23.99         SUMS  0.1642E+02  0.3935E+01  0.1931E+01
1    ROW  1      ELEMENT Hf      X-SECTION   0.000E+00
(14)N+(159)Tb -> (173)Hf                                                
 ELAB(MEV)  309.000     Q-VALUE  -11.257    EXCIT  272.737
 SIGFUS,SIGEVA,SIGFIS,SIGMXZ  0.9476E+03  0.0000E+00  0.7812E+03  0.0000E+00
 ZT= 65    AT 159    ZP  7    AP  14


             173Hf     172Hf     171Hf     170Hf     169Hf  
 SIG        0.000E+00 0.000E+00 0.000E+00 0.000E+00 0.000E+00
 B-G               0         0         0         0         0
  R-N           3403      4097      4673      5031      5222
 BR-P            542       714       898      1065      1222
 BR-A            304       391       477       545       594
 BR-F           5751      4799      3950      3318      2812
 SIGF       0.545E+03 0.155E+03 0.522E+02 0.205E+02 0.873E+01
 TOTAL      0.948E+03 0.322E+03 0.132E+03 0.617E+02 0.311E+02
 EXCP          272.7     259.0     243.3     229.4     213.4
 SPINP          47.9      47.7      46.3      44.1      40.8
 EXCF          272.7     259.1     243.6     230.0     214.4
 SPINF          47.4      48.1      48.5      48.9      49.3
 DJN           -0.96     -0.94     -0.91     -0.87     -0.82
 DJP           -0.96     -0.93     -0.90     -0.86     -0.81
 DJA           -2.89     -2.83     -2.75     -2.66     -2.55
 AV.E N         6.67      6.51      6.35      6.18      6.01
 AV.E P        14.68     14.53     14.37     14.21     14.04
 AV.E A        24.79     24.60     24.40     24.20     23.99
 SUM GAM         0.0       0.0       0.0       0.0       0.0
 SPIN GAM        0.0       0.0       0.0       0.0       0.0

 TRIM       0.149E-03 0.950E-05 0.175E-04 0.185E-04 0.162E-05
 FLOST      0.000E+00 0.000E+00 0.000E+00 0.000E+00 0.000E+00
 RP         0.000E+00 0.000E+00 0.000E+00 0.000E+00 0.000E+00
 RLOSTG     0.000E+00 0.000E+00 0.000E+00 0.660E-05 0.610E-05
 RLOSTN     0.000E+00 0.142E-05 0.156E-01 0.136E+00 0.237E+00
 RLOSTP     0.000E+00 0.776E-06 0.899E-02 0.731E-01 0.141E+00
 RLOSTA     0.000E+00 0.632E-03 0.106E-01 0.533E-01 0.870E-01
 TIME              0         0         0         0         0

 STORAGE
  1.  1.  1.  1.  1.
  0.  0.  2.  2.  2.
  172.   71.   0.0010    21     1    25    25    35    12    12    20
 DEL     1.0     0.1     4.0    13.0     0.0
 TRANSM  APAR,ZPAR,SIGLOW,UNIT,DEL 172.0  71.0  0.10E-02  21     0.1     4.0    12.0
 SEQIN:PAIR,DELT,CST   4  11.00   1.160 AL=  20.51  20.41  20.41  20.11  23.42 DELTA= -1.60 -1.02 -0.79 -1.48 -1.60
 AF/AN=   1.100   BS,BK=   1.2819   1.4919 DPBAR=  28.38 A= 172. Z=  71. Y=   0.384
 SHELL CORRECTIONS        -2.2    -2.1    -2.5    -2.1     0.0
1 NEW ROW

 GRIDS  NROW,NSTEP   2   1
 SUMN,SUMLOW    0.0000E+00    0.0000E+00
 GOT POPP FROM UNIT  10      SUMP  0.5137E+02   M,N,EXMAX  51  79   262.8     172Lu      CN= 173Hf  
 SUMPOP FLOST,SUM,EXMAX,M,N  0.0000E+00  0.5137E+02  262.77  51  79
 SUMPOP FLOST,SUM,EXMAX,M,N  0.0000E+00  0.5137E+02  262.77  51  79
 CUTOFF   NSTEP,TOTAL,TRIM,TRIMJ,TRIME,TRIMLEV   1  0.5137E+02  0.0000E+00  0.0000E+00  0.0000E+00  0.0000E+00
          ICUT,AMX,ALEVEL,IAGAIN  42  0.2587E+00  0.1233E-06  21    CUT,PRCNT  0.100E-06  0.100E+01  M1,N1=  51  73
 CUTOFF OLD,NEW M1  51  56
 DIMENSIONS  56  73   262.8  52  78   255.7  52  78   254.1  52  78   252.9
 DENSTY: JSHAP= 49    JBAR= 84        66.5     7.0
 EVA M1,N1=    56    73
 NOP,NOA,NOF,NOG,KE2MX= 0 0 0 016  NOLEP,NOLJI,NOLJF,JFJI= 1 1 1 1

 EVA  M1*N1  4088    ZEROS  1261    CUTS   520    CUTPOP  0.6167E-07    SUM CUTS  0.1140E-05
 LOSS BELOW YRAST LINE  0.0000E+00
 EVA-,STEP  1
 SEQOUT NROW,NSTEP   2   1         PARENT 172Lu      ELAB   309.0    EXCIT   272.7

 SUMP,SUMLOW    0.3548E+01    0.0000E+00
 WROTE POPP ON UNIT  11               171Yb  
 SUMA,SUMLOW    0.2104E+01    0.0000E+00
 WROTE POPA ON UNIT  13               168Tm  
 TOTAL    0.5137E+02
 FLOST(SUMPOP),TRIM(CUTOFF),RLOST(POPUL),RP 
   0.0000E+00   0.1140E-05   0.0000E+00   0.9559E-06   0.3498E-06   0.3805E-03   0.0000E+00

 J SPECTRUM OF PARENT 172Lu  
    AVERAGE=  46.904    SUM=   0.514E+02
    0.00      3      9     16     22     29     35     42     48     54     60
   10.00    137     76     81     86     91     96    100    104    108    111
   20.00    114    117    119    121    123    124    124    124    124    124
   30.00    123    122    120    119    117    114    112    109    106    104
   40.00    101     99     98     96     95     94     93     93     94     95
   50.00     96     99    103    108    114    122    132    144    159    177
   60.00    198    222    249    278    310    343    376    407    436    462
   70.00    487    316      0

 J SPECTRUM OF FISS   172Lu  
    AVERAGE=  48.816    SUM=   0.167E+02
    0.00      1      3      6      8     11     13     16     19     22     25
   10.00     58     34     37     41     44     48     51     55     59     63
   20.00     67     71     76     80     85     90     94     99    104    109
   30.00    113    118    122    126    130    134    137    140    143    145
   40.00    147    150    152    155    157    159    162    165    168    172
   50.00    177    183    190    198    208    219    232    246    262    278
   60.00    294    308    318    325    327    321    310    294    274    254
   70.00    234    132      0

 E SPECTRUM OF PARENT 172Lu  
    AVERAGE= 252.085    SUM=   0.514E+02
  237.77      0     53     67     86    110    139    175    220    273    337
  247.77    413    501    599    705    815    914    989   1009    942    767
  257.77    515    257     86     18      1      0

 DJN SPEC
    AVERAGE=  -0.941    SUM=   0.290E+02
   -1.00   9405    594      0      0      0      0      0      0      0      0

 DJP SPEC
    AVERAGE=  -0.937    SUM=   0.355E+01
   -1.00   9366    633      0      0      0      0      0      0      0      0

 DJA SPEC
    AVERAGE=  -2.836    SUM=   0.210E+01
   -9.00      0      0      0      0      0      0   9010    476    371    140

   N   M   EXMAX  AV.EX. NW  MW  EXMAXW      Q      AL   DELTA     AVJ      DJ        TOTAL  BRANCH
  73  56   262.8   252.1  75  33   206.8    0.00   20.51   -1.60   46.90    0.00     0.514E+02 10000    
  78  52   255.7   238.5  80  31   200.7   -6.98   20.41   -1.02   45.08    1.82     0.290E+02  5641   N
  78  52   254.1   233.0  80  31   199.1   -4.72   20.41   -0.79   44.03    2.87     0.355E+01   691   P
  78  52   252.9   229.9  80  62   197.9    2.15   20.11   -1.48   44.29    2.62     0.210E+01   409   A
                   252.3  73  34   207.8  -30.07   23.42   -1.60   48.82             0.167E+02  3259   F
                                                                                     0.000E+00     0   G

 SPECTRA N,P,A  AVE    6.46   14.35   24.27         SUMS  0.2893E+02  0.3546E+01  0.2104E+01
 SEQIN:PAIR,DELT,CST   4  11.00   1.160 AL=  20.41  20.31  20.31  20.01  23.31 DELTA= -1.02 -1.61  0.00 -0.98 -1.02
 AF/AN=   1.100   BS,BK=   1.2818   1.4913 DPBAR=  28.03 A= 171. Z=  71. Y=   0.383
 SHELL CORRECTIONS        -2.1    -1.7    -2.3    -2.0     0.0

 GRIDS  NROW,NSTEP   2   2
 SUMN,SUMLOW    0.2898E+02    0.0000E+00
 GOT POPP FROM UNIT  10      SUMP  0.2301E+02   M,N,EXMAX  52  78   255.7     171Lu      CN= 173Hf  
 SUMPOP FLOST,SUM,EXMAX,M,N -0.2132E-13  0.5199E+02  255.69  52  78  0.2301E+02  255.69  52  78  0.2898E+02  255.69  52  78  0  0
 SUMPOP FLOST,SUM,EXMAX,M,N  0.0000E+00  0.5199E+02  255.69  52  78
 CUTOFF   NSTEP,TOTAL,TRIM,TRIMJ,TRIME,TRIMLEV   2  0.5199E+02  0.3453E-05  0.0000E+00  0.3453E-05  0.0000E+00
          ICUT,AMX,ALEVEL,IAGAIN  42  0.2348E+00  0.1120E-06  21    CUT,PRCNT  0.100E-06  0.100E+01  M1,N1=  51  72
 CUTOFF OLD,NEW M1  51  56
 DIMENSIONS  56  72   254.7  53  77   246.0  53  77   246.3  53  77   245.0
 DENSTY: JSHAP= 49    JBAR= 84        66.5     7.0
 EVA M1,N1=    56    72
 NOP,NOA,NOF,NOG,KE2MX= 0 0 0 016  NOLEP,NOLJI,NOLJF,JFJI= 1 1 1 1

 EVA  M1*N1  4032    ZEROS    27    CUTS   476    CUTPOP  0.5598E-07    SUM CUTS  0.5255E-05
 LOSS BELOW YRAST LINE  0.0000E+00
 EVA-,STEP  2
 SEQOUT NROW,NSTEP   2   2         PARENT 171Lu      ELAB   309.0    EXCIT   272.7

 SUMP,SUMLOW    0.4176E+01    0.0000E+00
 WROTE POPP ON UNIT  11               170Yb  
 SUMA,SUMLOW    0.2405E+01    0.0000E+00
 WROTE POPA ON UNIT  13               167Tm  
 TOTAL    0.5199E+02
 FLOST(SUMPOP),TRIM(CUTOFF),RLOST(POPUL),RP 
  -0.2132E-13   0.8708E-05   0.1638E-08   0.1473E-01   0.5696E-02   0.9014E-02   0.0000E+00

 J SPECTRUM OF PARENT 171Lu  
    AVERAGE=  45.237    SUM=   0.520E+02
    0.00      4     13     22     31     40     48     57     65     73     81
   10.00    282    106    112    118    123    127    131    135    137    139
   20.00    140    141    141    140    139    137    134    131    127    123
   30.00    119    114    109    104     98     93     87     82     77     72
   40.00     68     64     61     58     56     54     52     51     51     51
   50.00     52     54     57     62     68     76     87    101    120    143
   60.00    173    208    250    300    358    418    481    542    600    656
   70.00    439      0

 J SPECTRUM OF FISS   171Lu  
    AVERAGE=  50.130    SUM=   0.141E+02
    0.00      1      4      7     10     14     17     20     24     27     31
   10.00    110     44     48     51     55     59     62     66     70     74
   20.00     77     81     85     88     92     95     98    101    104    106
   30.00    108    109    110    111    111    110    110    108    107    105
   40.00    104    103    102    101    100     99     99    100    101    103
   50.00    107    112    119    128    140    155    174    198    227    260
   60.00    297    337    377    416    450    472    483    483    473    459
   70.00    271      0

 E SPECTRUM OF PARENT 171Lu  
    AVERAGE= 238.504    SUM=   0.520E+02
  209.69      0      0      1      1      2      3      4      7      9     13
  219.69     18     24     33     43     56     73     92    116    143    175
  229.69    211    250    291    335    383    432    483    532    578    618
  239.69    648    665    664    643    598    532    445    345    242    149
  249.69     77     32      9      2      0      0

 DJN SPEC
    AVERAGE=  -0.911    SUM=   0.313E+02
   -1.00   9109    890      0      0      0      0      0      0      0      0

 DJP SPEC
    AVERAGE=  -0.905    SUM=   0.418E+01
   -1.00   9054    945      0      0      0      0      0      0      0      0

 DJA SPEC
    AVERAGE=  -2.764    SUM=   0.241E+01
   -9.00      0      0      0      0      0      0   8598    629    587    184

   N   M   EXMAX  AV.EX. NW  MW  EXMAXW      Q      AL   DELTA     AVJ      DJ        TOTAL  BRANCH
  72  56   254.7   238.5  74  33   198.7    0.00   20.41   -1.02   45.24    0.00     0.520E+02 10000    
  77  53   246.0   223.4  80  31   191.0   -8.59   20.31   -1.61   42.55    2.68     0.313E+02  6023   N
  77  53   246.3   219.9  80  31   191.3   -4.35   20.31    0.00   41.40    3.83     0.418E+01   803   P
  77  53   245.0   216.7  80  62   190.0    2.29   20.01   -0.98   42.11    3.13     0.241E+01   463   A
                   239.0  72  34   199.7  -29.63   23.31   -1.02   50.13             0.141E+02  2705   F
                                                                                     0.000E+00     0   G

 SPECTRA N,P,A  AVE    6.30   14.20   24.08         SUMS  0.3127E+02  0.4180E+01  0.2414E+01
 SEQIN:PAIR,DELT,CST   4  11.00   1.160 AL=  20.31  20.21  20.21  19.92  23.20 DELTA= -1.61 -1.10 -0.89 -1.88 -1.61
 AF/AN=   1.100   BS,BK=   1.2817   1.4907 DPBAR=  27.67 A= 170. Z=  71. Y=   0.382
 SHELL CORRECTIONS        -1.7    -1.8    -2.1    -1.7     0.0

 GRIDS  NROW,NSTEP   2   3
 SUMN,SUMLOW    0.3131E+02    0.0000E+00
 GOT POPP FROM UNIT  10      SUMP  0.1186E+02   M,N,EXMAX  53  77   247.0     170Lu      CN= 173Hf  
 SUMPOP FLOST,SUM,EXMAX,M,N -0.5684E-13  0.4317E+02  247.00  54  75  0.1186E+02  247.00  53  77  0.3131E+02  246.00  53  77  0 -1
 SUMPOP FLOST,SUM,EXMAX,M,N  0.0000E+00  0.4317E+02  247.00  54  75
 CUTOFF   NSTEP,TOTAL,TRIM,TRIMJ,TRIME,TRIMLEV   3  0.4317E+02  0.4379E-05  0.0000E+00  0.8404E-06  0.3539E-05
          ICUT,AMX,ALEVEL,IAGAIN  47  0.1856E+00  0.1770E-06  20    CUT,PRCNT  0.100E-06  0.100E+01  M1,N1=  52  71
 CUTOFF OLD,NEW M1  52  57
 DIMENSIONS  57  71   245.0  53  76   237.6  53  76   236.8  53  76   235.2
 DENSTY: JSHAP= 49    JBAR= 83        66.0     6.8
 EVA M1,N1=    57    71
 NOP,NOA,NOF,NOG,KE2MX= 0 0 0 016  NOLEP,NOLJI,NOLJF,JFJI= 1 1 1 1

 EVA  M1*N1  4047    ZEROS    44    CUTS   189    CUTPOP  0.8849E-07    SUM CUTS  0.8039E-05
 LOSS BELOW YRAST LINE  0.0000E+00
 EVA-,STEP  3
 SEQOUT NROW,NSTEP   2   3         PARENT 170Lu      ELAB   309.0    EXCIT   272.7

 SUMP,SUMLOW    0.3965E+01    0.0000E+00
 WROTE POPP ON UNIT  11               169Yb  
 SUMA,SUMLOW    0.2200E+01    0.0000E+00
 WROTE POPA ON UNIT  13               166Tm  
 TOTAL    0.4317E+02
 FLOST(SUMPOP),TRIM(CUTOFF),RLOST(POPUL),RP 
  -0.5684E-13   0.1242E-04   0.3622E-05   0.1546E+00   0.5642E-01   0.5423E-01   0.0000E+00

 J SPECTRUM OF PARENT 170Lu  
    AVERAGE=  42.690    SUM=   0.432E+02
    0.00      5     17     28     40     51     62     74     84     94    103
   10.00    489    139    145    151    156    159    162    164    164    164
   20.00    163    161    158    154    149    144    138    131    124    117
   30.00    110    102     95     87     80     73     66     60     54     49
   40.00     45     41     38     35     33     31     30     29     28     28
   50.00     29     31     33     37     42     50     60     74     94    120
   60.00    154    198    253    322    403    491    584    677    771    535

 J SPECTRUM OF FISS   170Lu  
    AVERAGE=  50.738    SUM=   0.951E+01
    0.00      1      5      9     12     16     20     24     28     32     36
   10.00    176     54     57     61     65     68     72     75     78     82
   20.00     85     88     90     93     95     96     98     98     99     99
   30.00     99     98     96     94     92     89     86     82     79     76
   40.00     74     71     69     66     65     63     62     62     63     65
   50.00     68     72     79     87     99    115    137    166    202    247
   60.00    300    361    429    502    568    621    658    679    687    425

 E SPECTRUM OF PARENT 170Lu  
    AVERAGE= 223.393    SUM=   0.432E+02
  189.00      0      0      0      0      0      1      2      3      5      7
  199.00      9     12     15     20     25     32     40     50     62     76
  209.00     93    111    133    157    183    212    244    277    311    346
  219.00    382    416    448    477    502    521    533    537    531    515
  229.00    488    451    405    351    293    233    175    123     80     47
  239.00     24     10      4      1      0      0      0

 DJN SPEC
    AVERAGE=  -0.875    SUM=   0.272E+02
   -1.00   8754   1245      0      0      0      0      0      0      0      0

 DJP SPEC
    AVERAGE=  -0.868    SUM=   0.396E+01
   -1.00   8683   1316      0      0      0      0      0      0      0      0

 DJA SPEC
    AVERAGE=  -2.681    SUM=   0.220E+01
   -9.00      0      0      0      0      0      0   8129    782    859    228

   N   M   EXMAX  AV.EX. NW  MW  EXMAXW      Q      AL   DELTA     AVJ      DJ        TOTAL  BRANCH
  71  57   245.0   223.4  73  34   188.0    0.00   20.31   -1.61   42.69    0.00     0.432E+02 10000    
  76  53   237.6   209.8  80  31   181.6   -7.29   20.21   -1.10   39.62    3.07     0.272E+02  6308   N
  76  53   236.8   205.4  80  31   180.8   -4.22   20.21   -0.89   38.43    4.26     0.396E+01   918   P
  76  53   235.2   202.2  80  62   179.2    2.16   19.92   -1.88   39.49    3.20     0.220E+01   510   A
                   224.2  71  35   189.0  -28.92   23.20   -1.61   50.74             0.951E+01  2203   F
                                                                                     0.000E+00     0   G

 SPECTRA N,P,A  AVE    6.14   14.04   23.88         SUMS  0.2733E+02  0.4019E+01  0.2254E+01
 SEQIN:PAIR,DELT,CST   4  11.00   1.160 AL=  20.21  20.11  20.11  19.82  23.09 DELTA= -1.10 -1.67  0.00 -1.11 -1.10
 AF/AN=   1.100   BS,BK=   1.2815   1.4899 DPBAR=  27.30 A= 169. Z=  71. Y=   0.381
 SHELL CORRECTIONS        -1.8    -1.3    -1.9    -1.5     0.0

 GRIDS  NROW,NSTEP   2   4
 SUMN,SUMLOW    0.2723E+02    0.0000E+00
 GOT POPP FROM UNIT  10      SUMP  0.6572E+01   M,N,EXMAX  53  76   239.6     169Lu      CN= 173Hf  
 SUMPOP FLOST,SUM,EXMAX,M,N  0.4263E-13  0.3380E+02  239.61  55  74  0.6572E+01  239.61  53  76  0.2723E+02  237.61  53  76  0 -2
 SUMPOP FLOST,SUM,EXMAX,M,N  0.0000E+00  0.3380E+02  239.61  55  74
 CUTOFF   NSTEP,TOTAL,TRIM,TRIMJ,TRIME,TRIMLEV   4  0.3380E+02  0.4681E-05  0.0000E+00  0.1979E-05  0.2703E-05
          ICUT,AMX,ALEVEL,IAGAIN  48  0.1369E+00  0.1306E-06  20    CUT,PRCNT  0.100E-06  0.100E+01  M1,N1=  51  70
 CUTOFF OLD,NEW M1  51  58
 DIMENSIONS  58  70   235.6  54  75   226.4  54  75   227.8  54  75   226.0
 DENSTY: JSHAP= 49    JBAR= 83        66.0     6.8
 EVA M1,N1=    58    70
 NOP,NOA,NOF,NOG,KE2MX= 0 0 0 016  NOLEP,NOLJI,NOLJF,JFJI= 1 1 1 1

 EVA  M1*N1  4060    ZEROS    44    CUTS    81    CUTPOP  0.6528E-07    SUM CUTS  0.2212E-05
 LOSS BELOW YRAST LINE  0.0000E+00
 EVA-,STEP  4
 SEQOUT NROW,NSTEP   2   4         PARENT 169Lu      ELAB   309.0    EXCIT   272.7

 SUMP,SUMLOW    0.3416E+01    0.0000E+00
 WROTE POPP ON UNIT  11               168Yb  
 SUMA,SUMLOW    0.1808E+01    0.0000E+00
 WROTE POPA ON UNIT  13               165Tm  
 TOTAL    0.3380E+02
 FLOST(SUMPOP),TRIM(CUTOFF),RLOST(POPUL),RP 
   0.4263E-13   0.6894E-05   0.1391E-06   0.2960E+00   0.1219E+00   0.1012E+00   0.0000E+00

 J SPECTRUM OF PARENT 169Lu  
    AVERAGE=  39.659    SUM=   0.338E+02
    0.00      7     21     35     49     62     75     91    103    114    125
   10.00    758    173    179    184    187    189    190    189    188    184
   20.00    180    175    169    162    154    145    136    127    117    108
   30.00     98     89     80     72     64     56     49     43     38     34
   40.00     30     27     24     22     20     18     17     17     16     16
   50.00     17     18     21     24     28     35     45     59     79    107
   60.00    146    198    267    355    460    576    700    829    596      0

 J SPECTRUM OF FISS   169Lu  
    AVERAGE=  52.208    SUM=   0.652E+01
    0.00      1      5      9     12     16     20     25     29     32     36
   10.00    229     56     59     62     65     68     71     74     76     78
   20.00     80     82     83     84     85     85     84     84     83     81
   30.00     79     77     74     71     67     63     59     56     52     50
   40.00     47     45     42     40     39     37     37     37     37     39
   50.00     41     45     51     59     71     87    110    142    185    242
   60.00    314    403    511    630    746    849    932    996    647      0

 E SPECTRUM OF PARENT 169Lu  
    AVERAGE= 209.840    SUM=   0.338E+02
  178.61      0      0      0      0      0      0      0     14     17     28
  188.61     34     42     50     61     73     86    102    119    138    160
  198.61    182    207    233    260    288    316    344    370    395    418
  208.61    438    453    464    469    469    462    448    428    401    369
  218.61    332    292    250    208    167    129     95     67     44     27
  228.61     15      8      3      1      0      0      0      0

 DJN SPEC
    AVERAGE=  -0.831    SUM=   0.215E+02
   -1.00   8311   1688      0      0      0      0      0      0      0      0

 DJP SPEC
    AVERAGE=  -0.823    SUM=   0.342E+01
   -1.00   8230   1769      0      0      0      0      0      0      0      0

 DJA SPEC
    AVERAGE=  -2.581    SUM=   0.181E+01
   -9.00      0      0      0      0      0      0   7567    948   1208    276

   N   M   EXMAX  AV.EX. NW  MW  EXMAXW      Q      AL   DELTA     AVJ      DJ        TOTAL  BRANCH
  70  58   235.6   209.8  72  34   177.6    0.00   20.21   -1.10   39.66    0.00     0.338E+02 10000    
  75  54   226.4   194.8  80  31   169.4   -9.09   20.11   -1.67   35.94    3.72     0.215E+02  6371   N
  75  54   227.8   192.9  80  31   170.8   -3.79   20.11    0.00   34.83    4.83     0.342E+01  1011   P
  75  54   226.0   189.6  80  62   169.0    2.42   19.82   -1.11   36.15    3.50     0.181E+01   535   A
                   211.0  70  35   178.6  -28.58   23.09   -1.10   52.21             0.652E+01  1930   F
                                                                                     0.000E+00     0   G

 SPECTRA N,P,A  AVE    5.97   13.88   23.69         SUMS  0.2179E+02  0.3537E+01  0.1909E+01
 SEQIN:PAIR,DELT,CST   4  11.00   1.160 AL=  20.11  20.01  20.01  19.72  22.98 DELTA= -1.67 -1.24 -1.09 -2.12 -1.67
 AF/AN=   1.100   BS,BK=   1.2814   1.4891 DPBAR=  26.91 A= 168. Z=  71. Y=   0.381
 SHELL CORRECTIONS        -1.3    -1.4    -1.6    -1.3     0.0

 GRIDS  NROW,NSTEP   2   5
 SUMN,SUMLOW    0.2154E+02    0.0000E+00
 GOT POPP FROM UNIT  10      SUMP  0.3796E+01   M,N,EXMAX  54  75   229.4     168Lu      CN= 173Hf  
 SUMPOP FLOST,SUM,EXMAX,M,N  0.9234E-01  0.2524E+02  229.42  56  73  0.3796E+01  229.42  54  75  0.2154E+02  226.42  54  75  0 -3
 SUMPOP FLOST,SUM,EXMAX,M,N  0.0000E+00  0.2524E+02  229.42  56  73
 CUTOFF   NSTEP,TOTAL,TRIM,TRIMJ,TRIME,TRIMLEV   5  0.2524E+02  0.1616E-05  0.0000E+00  0.1616E-05  0.0000E+00
          ICUT,AMX,ALEVEL,IAGAIN  48  0.1200E+00  0.5722E-07  21    CUT,PRCNT  0.100E-06  0.100E+01  M1,N1=  51  69
 CUTOFF OLD,NEW M1  51  59
 DIMENSIONS  59  69   224.4  55  74   216.7  55  74   216.7  55  74   214.8
 DENSTY: JSHAP= 48    JBAR= 82        65.0     6.8
 EVA M1,N1=    59    69
 NOP,NOA,NOF,NOG,KE2MX= 0 0 0 016  NOLEP,NOLJI,NOLJF,JFJI= 1 1 1 1

 EVA  M1*N1  4071    ZEROS     0    CUTS   125    CUTPOP  0.2861E-07    SUM CUTS  0.7483E-06
 LOSS BELOW YRAST LINE  0.0000E+00
 EVA-,STEP  5
 SEQOUT NROW,NSTEP   2   5         PARENT 168Lu      ELAB   309.0    EXCIT   272.7

 SUMP,SUMLOW    0.2877E+01    0.0000E+00
 WROTE POPP ON UNIT  11               167Yb  
 SUMA,SUMLOW    0.1445E+01    0.0000E+00
 WROTE POPA ON UNIT  13               164Tm  
 TOTAL    0.2524E+02
 FLOST(SUMPOP),TRIM(CUTOFF),RLOST(POPUL),RP 
   0.9234E-01   0.2364E-05   0.2392E-06   0.3747E+00   0.1804E+00   0.1379E+00   0.0000E+00

 J SPECTRUM OF PARENT 168Lu  
    AVERAGE=  35.945    SUM=   0.252E+02
    0.00      8     25     42     59     75     90    109    124    137    149
   10.00   1105    210    215    218    219    219    217    214    209    202
   20.00    195    186    177    166    155    143    132    120    109     98
   30.00     87     77     67     59     50     43     37     31     27     23
   40.00     20     18     16     14     12     11     11     10     10     10
   50.00     11     12     14     16     21     27     36     51     71    101
   60.00    145    206    288    394    520    663    818    610      0

 J SPECTRUM OF FISS   168Lu  
    AVERAGE=  51.635    SUM=   0.372E+01
    0.00      2      6     10     14     18     23     28     33     37     41
   10.00    318     65     68     71     74     76     78     80     82     83
   20.00     84     85     85     85     84     83     82     80     77     75
   30.00     71     68     64     59     55     51     47     43     40     37
   40.00     35     32     30     28     27     26     25     25     26     27
   50.00     30     33     39     47     58     75    100    136    185    252
   60.00    342    458    602    760    919   1068   1201    817      1

 E SPECTRUM OF PARENT 168Lu  
    AVERAGE= 194.885    SUM=   0.252E+02
  166.42      0      0      0      0      0      0      0      0     45     55
  176.42     78     92    106    123    140    159    180    201    224    247
  186.42    271    295    319    341    363    382    399    413    424    431
  196.42    433    431    423    411    395    373    348    319    288    255
  206.42    221    188    155    125     98     74     54     38     25     16
  216.42      9      5      2      1      0      0      0      0      0

 DJN SPEC
    AVERAGE=  -0.784    SUM=   0.165E+02
   -1.00   7835   2164      0      0      0      0      0      0      0      0

 DJP SPEC
    AVERAGE=  -0.775    SUM=   0.288E+01
   -1.00   7745   2254      0      0      0      0      0      0      0      0

 DJA SPEC
    AVERAGE=  -2.475    SUM=   0.145E+01
   -9.00      0      0      0      0      0      0   6987   1091   1599    320

   N   M   EXMAX  AV.EX. NW  MW  EXMAXW      Q      AL   DELTA     AVJ      DJ        TOTAL  BRANCH
  69  59   224.4   194.9  71  35   165.4    0.00   20.11   -1.67   35.95    0.00     0.252E+02 10000    
  74  55   216.7   181.6  80  31   158.7   -7.64   20.01   -1.24   32.60    3.35     0.165E+02  6538   N
  74  55   216.7   178.6  80  31   158.7   -3.77   20.01   -1.09   31.56    4.39     0.288E+01  1140   P
  74  55   214.8   175.5  80  62   156.8    2.41   19.72   -2.12   33.03    2.92     0.145E+01   573   A
                   196.4  69  36   166.4  -27.71   22.98   -1.67   51.63             0.372E+01  1475   F
                                                                                     0.000E+00     0   G

 SPECTRA N,P,A  AVE    5.80   13.70   23.48         SUMS  0.1684E+02  0.3057E+01  0.1583E+01
1    ROW  2      ELEMENT Lu      X-SECTION   0.000E+00
(14)N+(159)Tb -> (173)Hf                                                
 ELAB(MEV)  309.000     Q-VALUE  -11.257    EXCIT  272.737
 SIGFUS,SIGEVA,SIGFIS,SIGMXZ  0.9476E+03  0.0000E+00  0.8317E+03  0.0000E+00
 ZT= 65    AT 159    ZP  7    AP  14


             172Lu     171Lu     170Lu     169Lu     168Lu  
 SIG        0.000E+00 0.000E+00 0.000E+00 0.000E+00 0.000E+00
 B-G               0         0         0         0         0
  R-N           5641      6023      6308      6371      6538
 BR-P            691       803       918      1011      1140
 BR-A            409       463       510       535       573
 BR-F           3259      2705      2203      1930      1475
 SIGF       0.167E+02 0.141E+02 0.951E+01 0.652E+01 0.372E+01
 TOTAL      0.514E+02 0.520E+02 0.432E+02 0.338E+02 0.252E+02
 EXCP          252.1     238.5     223.4     209.8     194.9
 SPINP          46.9      45.2      42.7      39.7      35.9
 EXCF          252.3     239.0     224.2     211.0     196.4
 SPINF          48.8      50.1      50.7      52.2      51.6
 DJN           -0.94     -0.91     -0.88     -0.83     -0.78
 DJP           -0.94     -0.91     -0.87     -0.82     -0.77
 DJA           -2.84     -2.76     -2.68     -2.58     -2.47
 AV.E N         6.46      6.30      6.14      5.97      5.80
 AV.E P        14.35     14.20     14.04     13.88     13.70
 AV.E A        24.27     24.08     23.88     23.69     23.48
 SUM GAM         0.0       0.0       0.0       0.0       0.0
 SPIN GAM        0.0       0.0       0.0       0.0       0.0

 TRIM       0.114E-05 0.871E-05 0.124E-04 0.689E-05 0.236E-05
 FLOST      0.000E+00-0.213E-13-0.568E-13 0.426E-13 0.923E-01
 RP         0.000E+00 0.000E+00 0.000E+00 0.000E+00 0.000E+00
 RLOSTG     0.000E+00 0.164E-08 0.362E-05 0.139E-06 0.239E-06
 RLOSTN     0.956E-06 0.147E-01 0.155E+00 0.296E+00 0.375E+00
 RLOSTP     0.350E-06 0.570E-02 0.564E-01 0.122E+00 0.180E+00
 RLOSTA     0.380E-03 0.901E-02 0.542E-01 0.101E+00 0.138E+00
 TIME              0         0         0         0         0

 STORAGE
  1.  1.  3.  3.  3.
  0.  0.  2.  2.  2.
  171.   70.   0.0010    21     1    25    25    35    12    12    20
 DEL     1.0     0.1     4.0    12.0     0.0
 TRANSM  APAR,ZPAR,SIGLOW,UNIT,DEL 171.0  70.0  0.10E-02  21     0.1     4.0    12.0
 SEQIN:PAIR,DELT,CST   4  11.00   1.160 AL=  20.41  20.31  20.31  20.01  23.32 DELTA= -0.79  0.00 -1.12 -0.76 -0.79
 AF/AN=   1.100   BS,BK=   1.2824   1.4950 DPBAR=  30.24 A= 171. Z=  70. Y=   0.388
 SHELL CORRECTIONS        -2.5    -2.3    -2.4    -2.4     0.0
1 NEW ROW

 GRIDS  NROW,NSTEP   3   1
 SUMN,SUMLOW    0.0000E+00    0.0000E+00
 GOT POPP FROM UNIT  11      SUMP  0.3548E+01   M,N,EXMAX  52  78   254.1     171Yb      CN= 173Hf  
 SUMPOP FLOST,SUM,EXMAX,M,N  0.0000E+00  0.3548E+01  254.05  52  78
 SUMPOP FLOST,SUM,EXMAX,M,N  0.0000E+00  0.3548E+01  254.05  52  78
 CUTOFF   NSTEP,TOTAL,TRIM,TRIMJ,TRIME,TRIMLEV   1  0.3548E+01  0.3190E-06  0.0000E+00  0.3190E-06  0.0000E+00
          ICUT,AMX,ALEVEL,IAGAIN  48  0.1381E-01  0.6586E-08  21    CUT,PRCNT  0.100E-06  0.100E+01  M1,N1=  49  72
 CUTOFF OLD,NEW M1  49  56
 DIMENSIONS  56  72   251.1  53  77   244.3  53  77   240.2  53  77   240.6
 DENSTY: JSHAP= 49    JBAR= 84        66.5     7.0
 EVA M1,N1=    56    72
 NOP,NOA,NOF,NOG,KE2MX= 0 0 0 016  NOLEP,NOLJI,NOLJF,JFJI= 1 1 1 1

 EVA  M1*N1  4032    ZEROS    24    CUTS   494    CUTPOP  0.3293E-08    SUM CUTS  0.2155E-06
 LOSS BELOW YRAST LINE  0.0000E+00
 EVA-,STEP  1
 SEQOUT NROW,NSTEP   3   1         PARENT 171Yb      ELAB   309.0    EXCIT   272.7

 SUMP,SUMLOW    0.2404E+00    0.0000E+00
 WROTE POPP ON UNIT  10               170Tm  
 SUMA,SUMLOW    0.1497E+00    0.0000E+00
 WROTE POPA ON UNIT  13               167Er  
 TOTAL    0.3548E+01
 FLOST(SUMPOP),TRIM(CUTOFF),RLOST(POPUL),RP 
   0.0000E+00   0.5345E-06   0.3428E-10   0.1531E-02   0.4009E-03   0.6880E-03   0.0000E+00

 J SPECTRUM OF PARENT 171Yb  
    AVERAGE=  44.033    SUM=   0.355E+01
    0.00      4     13     22     31     40     49     58     67     75     82
   10.00    289    109    115    121    127    132    136    140    143    145
   20.00    147    148    148    148    147    145    143    140    137    133
   30.00    129    124    119    114    108    103     97     91     86     81
   40.00     76     73     69     66     63     61     59     58     57     57
   50.00     58     60     63     68     74     82     93    107    125    148
   60.00    175    208    246    290    339    390    440    488    532    575
   70.00    380      0

 J SPECTRUM OF FISS   171Yb  
    AVERAGE=  51.126    SUM=   0.542E+00
    0.00      1      3      5      8     10     12     15     18     20     23
   10.00     84     34     37     40     42     46     49     52     55     58
   20.00     62     65     69     72     76     80     83     86     90     93
   30.00     96     99    101    103    105    107    108    109    109    110
   40.00    111    112    113    114    115    116    118    120    123    127
   50.00    132    139    148    159    173    190    210    236    265    297
   60.00    331    365    396    425    447    456    456    447    431    414
   70.00    244      0

 E SPECTRUM OF PARENT 171Yb  
    AVERAGE= 232.958    SUM=   0.355E+01
  206.05      0      0      1      1      2      4      6     10     14     20
  216.05     27     37     50     67     87    113    143    177    215    257
  226.05    300    346    394    443    493    541    585    621    647    658
  236.05    653    627    580    513    430    338    245    161     95     48
  246.05     21      7      2      0      0      0

 DJN SPEC
    AVERAGE=  -0.917    SUM=   0.261E+01
   -1.00   9167    832      0      0      0      0      0      0      0      0

 DJP SPEC
    AVERAGE=  -0.911    SUM=   0.240E+00
   -1.00   9106    893      0      0      0      0      0      0      0      0

 DJA SPEC
    AVERAGE=  -2.777    SUM=   0.150E+00
   -9.00      0      0      0      0      0      0   8670    604    553    171

   N   M   EXMAX  AV.EX. NW  MW  EXMAXW      Q      AL   DELTA     AVJ      DJ        TOTAL  BRANCH
  72  56   251.1   233.0  74  33   195.1    0.00   20.41   -0.79   44.03    0.00     0.355E+01 10000    
  77  53   244.3   220.0  80  31   189.3   -6.61   20.31    0.00   41.88    2.15     0.261E+01  7364   N
  77  53   240.2   212.2  80  31   185.2   -6.80   20.31   -1.12   40.59    3.44     0.240E+00   678   P
  77  53   240.6   210.9  80  62   185.6    1.56   20.01   -0.76   41.23    2.81     0.150E+00   422   A
                   233.6  72  34   196.1  -32.21   23.32   -0.79   51.13             0.542E+00  1529   F
                                                                                     0.000E+00     0   G

 SPECTRA N,P,A  AVE    6.23   14.00   23.74         SUMS  0.2609E+01  0.2407E+00  0.1504E+00
 SEQIN:PAIR,DELT,CST   4  11.00   1.160 AL=  20.31  20.21  20.21  19.92  23.21 DELTA=  0.00 -0.89 -0.87  0.00  0.00
 AF/AN=   1.100   BS,BK=   1.2824   1.4947 DPBAR=  29.92 A= 170. Z=  70. Y=   0.387
 SHELL CORRECTIONS        -2.3    -2.1    -2.5    -2.2     0.0

 GRIDS  NROW,NSTEP   3   2
 SUMN,SUMLOW    0.2613E+01    0.0000E+00
 GOT POPP FROM UNIT  11      SUMP  0.4176E+01   M,N,EXMAX  53  77   246.3     170Yb      CN= 173Hf  
 SUMPOP FLOST,SUM,EXMAX,M,N  0.1155E-13  0.6789E+01  246.34  55  74  0.4176E+01  246.34  53  77  0.2613E+01  244.34  53  77  0 -2
 SUMPOP FLOST,SUM,EXMAX,M,N  0.0000E+00  0.6789E+01  246.34  55  74
 CUTOFF   NSTEP,TOTAL,TRIM,TRIMJ,TRIME,TRIMLEV   2  0.6789E+01  0.7482E-06  0.0000E+00  0.8846E-07  0.6597E-06
          ICUT,AMX,ALEVEL,IAGAIN  74  0.2483E-01  0.2368E-07  20    CUT,PRCNT  0.100E-06  0.100E+01  M1,N1=  52  71
 CUTOFF OLD,NEW M1  52  57
 DIMENSIONS  57  71   243.3  53  76   234.8  53  76   232.6  53  76   233.1
 DENSTY: JSHAP= 49    JBAR= 83        66.0     6.8
 EVA M1,N1=    57    71
 NOP,NOA,NOF,NOG,KE2MX= 0 0 0 016  NOLEP,NOLJI,NOLJF,JFJI= 1 1 1 1

 EVA  M1*N1  4047    ZEROS    69    CUTS   130    CUTPOP  0.1184E-07    SUM CUTS  0.7501E-06
 LOSS BELOW YRAST LINE  0.0000E+00
 EVA-,STEP  2
 SEQOUT NROW,NSTEP   3   2         PARENT 170Yb      ELAB   309.0    EXCIT   272.7

 SUMP,SUMLOW    0.5039E+00    0.0000E+00
 WROTE POPP ON UNIT  10               169Tm  
 SUMA,SUMLOW    0.3042E+00    0.0000E+00
 WROTE POPA ON UNIT  13               166Er  
 TOTAL    0.6789E+01
 FLOST(SUMPOP),TRIM(CUTOFF),RLOST(POPUL),RP 
   0.1155E-13   0.1498E-05   0.3503E-06   0.3619E-01   0.8873E-02   0.9020E-02   0.0000E+00

 J SPECTRUM OF PARENT 170Yb  
    AVERAGE=  41.588    SUM=   0.679E+01
    0.00      5     16     28     39     50     60     72     82     92    101
   10.00    484    139    145    151    156    160    164    166    168    168
   20.00    168    167    165    162    158    153    148    142    136    130
   30.00    123    116    108    101     93     86     79     72     66     61
   40.00     56     52     48     45     42     40     38     37     37     37
   50.00     38     39     42     46     52     60     71     86    106    132
   60.00    165    205    254    314    380    449    520    589    656    447

 J SPECTRUM OF FISS   170Yb  
    AVERAGE=  51.966    SUM=   0.827E+00
    0.00      1      3      6      9     11     14     17     20     23     26
   10.00    128     39     42     45     48     51     54     57     60     63
   20.00     66     69     71     74     77     79     81     83     85     87
   30.00     88     89     90     90     90     89     88     87     85     84
   40.00     84     83     82     82     81     82     82     83     86     89
   50.00     94    101    110    121    137    156    182    214    253    298
   60.00    349    404    461    517    562    593    611    615    611    373

 E SPECTRUM OF PARENT 170Yb  
    AVERAGE= 219.946    SUM=   0.679E+01
  187.34      0      0      0      0      0      1      1      5      7      9
  197.34     12     17     22     28     36     45     57     71     87    106
  207.34    127    152    179    209    242    276    312    349    385    420
  217.34    452    481    506    525    536    539    532    515    488    450
  227.34    404    351    294    236    180    130     88     55     31     16
  237.34      7      2      0      0      0      0      0

 DJN SPEC
    AVERAGE=  -0.886    SUM=   0.510E+01
   -1.00   8859   1140      0      0      0      0      0      0      0      0

 DJP SPEC
    AVERAGE=  -0.878    SUM=   0.504E+00
   -1.00   8784   1215      0      0      0      0      0      0      0      0

 DJA SPEC
    AVERAGE=  -2.706    SUM=   0.304E+00
   -9.00      0      0      0      0      0      0   8265    737    790    206

   N   M   EXMAX  AV.EX. NW  MW  EXMAXW      Q      AL   DELTA     AVJ      DJ        TOTAL  BRANCH
  71  57   243.3   219.9  73  34   186.3    0.00   20.31    0.00   41.59    0.00     0.679E+01 10000    
  76  53   234.8   205.4  80  31   178.8   -8.46   20.21   -0.89   39.35    2.24     0.510E+01  7512   N
  76  53   232.6   199.8  80  31   176.6   -6.78   20.21   -0.87   38.03    3.56     0.504E+00   742   P
  76  53   233.1   198.8  80  62   177.1    1.74   19.92    0.00   38.99    2.59     0.304E+00   448   A
                   221.0  71  35   187.3  -31.65   23.21    0.00   51.97             0.827E+00  1218   F
                                                                                     0.000E+00     0   G

 SPECTRA N,P,A  AVE    6.07   13.85   23.54         SUMS  0.5126E+01  0.5126E+00  0.3132E+00
 SEQIN:PAIR,DELT,CST   4  11.00   1.160 AL=  20.21  20.11  20.11  19.82  23.10 DELTA= -0.89  0.00 -1.48 -1.01 -0.89
 AF/AN=   1.100   BS,BK=   1.2823   1.4942 DPBAR=  29.58 A= 169. Z=  70. Y=   0.387
 SHELL CORRECTIONS        -2.1    -1.9    -2.1    -1.9     0.0

 GRIDS  NROW,NSTEP   3   3
 SUMN,SUMLOW    0.5100E+01    0.0000E+00
 GOT POPP FROM UNIT  11      SUMP  0.3965E+01   M,N,EXMAX  53  76   236.8     169Yb      CN= 173Hf  
 SUMPOP FLOST,SUM,EXMAX,M,N  0.1170E-01  0.9053E+01  236.78  54  75  0.3965E+01  236.78  53  76  0.5100E+01  234.78  53  76  0 -2
 GOT POPA FROM UNIT  12      SUMA  0.2879E+02   M,N,EXMAX  51  79   262.3     169Yb  
 SUMPOP FLOST,SUM,EXMAX,M,N  0.2385E+01  0.3545E+02  258.28  58  70  0.9053E+01  236.78  54  75  0.2879E+02  262.28  51  79-21  3
 CUTOFF   NSTEP,TOTAL,TRIM,TRIMJ,TRIME,TRIMLEV   3  0.3545E+02  0.0000E+00  0.0000E+00  0.0000E+00  0.0000E+00
          ICUT,AMX,ALEVEL,IAGAIN   0  0.1518E+00  0.5790E-06  18    CUT,PRCNT  0.100E-06  0.100E+01  M1,N1=  58  70
 DIMENSIONS  58  70   258.3  54  75   251.3  54  75   247.9  54  75   248.0
 DENSTY: JSHAP= 49    JBAR= 83        66.0     6.8
 EVA M1,N1=    58    70
 NOP,NOA,NOF,NOG,KE2MX= 0 0 0 016  NOLEP,NOLJI,NOLJF,JFJI= 1 1 1 1

 EVA  M1*N1  4060    ZEROS     0    CUTS     0    CUTPOP  0.1773E-06    SUM CUTS  0.0000E+00
 LOSS BELOW YRAST LINE  0.0000E+00
 EVA-,STEP  3
 SEQOUT NROW,NSTEP   3   3         PARENT 169Yb      ELAB   309.0    EXCIT   272.7

 SUMP,SUMLOW    0.2368E+01    0.0000E+00
 WROTE POPP ON UNIT  10               168Tm  
 SUMA,SUMLOW    0.1372E+01    0.0000E+00
 WROTE POPA ON UNIT  13               165Er  
 TOTAL    0.3545E+02
 FLOST(SUMPOP),TRIM(CUTOFF),RLOST(POPUL),RP 
   0.2396E+01   0.0000E+00   0.1062E-02   0.2885E+01   0.4271E+00   0.2741E+00   0.0000E+00

 J SPECTRUM OF PARENT 169Yb  
    AVERAGE=  45.337    SUM=   0.355E+02
    0.00      3     10     17     24     31     63     45     52     58    111
   10.00    184     85     90    159    102    106    110    113    116    118
   20.00    120    122    123    123    123    123    122    120    119    117
   30.00    115    112    110    107    104    101     97     94     92     89
   40.00     88     86     85     84     83     83     83     84     86     88
   50.00     92     96    102    110    120    132    147    166    189    215
   60.00    246    281    321    365    410    456    500    542    522    274

 J SPECTRUM OF FISS   169Yb  
    AVERAGE=  50.442    SUM=   0.909E+01
    0.00      0      2      4      6      8     18     12     14     16     35
   10.00     33     25     28     58     34     36     39     42     45     48
   20.00     52     55     59     62     66     70     74     78     82     86
   30.00     90     94     98    102    105    109    112    116    119    123
   40.00    127    131    135    139    144    149    154    160    167    175
   50.00    184    195    208    223    240    260    282    306    331    355
   60.00    378    396    411    418    416    405    388    367    316    152

 E SPECTRUM OF PARENT 169Yb  
    AVERAGE= 241.955    SUM=   0.355E+02
  201.28     94    101    107    112    117    120    121    121    119    116
  211.28    111    104     96     87     76     66     55     44     34     26
  221.28     18     12      8      5      2      1      4      4      6      8
  231.28     11     14     19     25     32     41     53     68     86    108
  241.28    136    170    212    261    319    387    463    546    631    712
  251.28    776    802    766    643    444    233     90     26

 DJN SPEC
    AVERAGE=  -0.935    SUM=   0.190E+02
   -1.00   9349    650      0      0      0      0      0      0      0      0

 DJP SPEC
    AVERAGE=  -0.936    SUM=   0.237E+01
   -1.00   9360    639      0      0      0      0      0      0      0      0

 DJA SPEC
    AVERAGE=  -2.831    SUM=   0.137E+01
   -9.00      0      0      0      0      0      0   8970    523    347    158

   N   M   EXMAX  AV.EX. NW  MW  EXMAXW      Q      AL   DELTA     AVJ      DJ        TOTAL  BRANCH
  70  58   258.3   242.0  72  34   200.3    0.00   20.21   -0.89   45.34    0.00     0.355E+02 10000    
  75  54   251.3   232.3  80  31   194.3   -6.87   20.11    0.00   43.63    1.71     0.190E+02  5369   N
  75  54   247.9   227.1  80  31   190.9   -6.35   20.11   -1.48   43.05    2.28     0.237E+01   668   P
  75  54   248.0   225.9  80  62   191.0    1.72   19.82   -1.01   43.34    2.00     0.137E+01   387   A
                   246.5  70  35   201.3  -31.12   23.10   -0.89   50.44             0.909E+01  2565   F
                                                                                     0.000E+00     0   G

 SPECTRA N,P,A  AVE    6.35   14.14   23.90         SUMS  0.2188E+02  0.2794E+01  0.1646E+01
 SEQIN:PAIR,DELT,CST   4  11.00   1.160 AL=  20.11  20.01  20.01  19.72  22.99 DELTA=  0.00 -1.09 -0.98  0.00  0.00
 AF/AN=   1.100   BS,BK=   1.2822   1.4938 DPBAR=  29.23 A= 168. Z=  70. Y=   0.386
 SHELL CORRECTIONS        -1.9    -1.6    -2.0    -1.6     0.0

 GRIDS  NROW,NSTEP   3   4
 SUMN,SUMLOW    0.1903E+02    0.0000E+00
 GOT POPP FROM UNIT  11      SUMP  0.3416E+01   M,N,EXMAX  54  75   227.8     168Yb      CN= 173Hf  
 SUMPOP FLOST,SUM,EXMAX,M,N  0.1065E+01  0.2139E+02  247.31  59  69  0.3416E+01  227.82  54  75  0.1903E+02  251.31  54  75-19  3
 GOT POPA FROM UNIT  12      SUMA  0.1260E+02   M,N,EXMAX  52  78   255.3     168Yb  
 SUMPOP FLOST,SUM,EXMAX,M,N  0.1571E+00  0.3383E+02  248.31  59  69  0.2139E+02  247.31  59  69  0.1260E+02  255.31  52  78 -1  6
 CUTOFF   NSTEP,TOTAL,TRIM,TRIMJ,TRIME,TRIMLEV   4  0.3383E+02  0.0000E+00  0.0000E+00  0.0000E+00  0.0000E+00
          ICUT,AMX,ALEVEL,IAGAIN   0  0.1350E+00  0.8237E-05  14    CUT,PRCNT  0.100E-06  0.100E+01  M1,N1=  59  69
 DIMENSIONS  59  69   248.3  55  74   239.1  55  74   238.0  55  74   238.2
 DENSTY: JSHAP= 48    JBAR= 82        65.0     6.8
 EVA M1,N1=    59    69
 NOP,NOA,NOF,NOG,KE2MX= 0 0 0 016  NOLEP,NOLJI,NOLJF,JFJI= 1 1 1 1

 EVA  M1*N1  4071    ZEROS     0    CUTS     0    CUTPOP  0.1691E-06    SUM CUTS  0.0000E+00
 LOSS BELOW YRAST LINE  0.0000E+00
 EVA-,STEP  4
 SEQOUT NROW,NSTEP   3   4         PARENT 168Yb      ELAB   309.0    EXCIT   272.7

 SUMP,SUMLOW    0.2846E+01    0.0000E+00
 WROTE POPP ON UNIT  10               167Tm  
 SUMA,SUMLOW    0.1620E+01    0.0000E+00
 WROTE POPA ON UNIT  13               164Er  
 TOTAL    0.3383E+02
 FLOST(SUMPOP),TRIM(CUTOFF),RLOST(POPUL),RP 
   0.1222E+01   0.0000E+00   0.4244E-03   0.1550E+01   0.2929E+00   0.1883E+00   0.0000E+00

 J SPECTRUM OF PARENT 168Yb  
    AVERAGE=  43.886    SUM=   0.338E+02
    0.00      4     13     21     30     38     84     56     64     72    177
   10.00    246    106    161    159    124    128    131    134    136    137
   20.00    138    138    137    135    133    130    127    123    119    115
   30.00    110    105    100     95     89     84     79     75     71     67
   40.00     64     61     59     56     55     54     53     53     54     55
   50.00     58     62     68     76     86     99    117    140    169    205
   60.00    248    301    362    430    502    575    647    670    398

 J SPECTRUM OF FISS   168Yb  
    AVERAGE=  50.420    SUM=   0.664E+01
    0.00      1      3      5      8     10     25     15     18     21     59
   10.00     56     34     57     58     44     47     51     54     57     60
   20.00     64     67     70     74     77     80     83     86     88     91
   30.00     93     95     96     98     99     99    100    100    101    101
   40.00    102    103    104    105    106    108    110    114    118    124
   50.00    132    142    155    171    191    215    246    281    320    363
   60.00    406    449    487    517    533    537    531    491    265

 E SPECTRUM OF PARENT 168Yb  
    AVERAGE= 230.811    SUM=   0.338E+02
  190.31     40     42     43     44     44     44     43    124    118    111
  200.31    103     94     84     74     64     54     44     36     29     23
  210.31     18     15     13     13     14     17     21     27     34     43
  220.31     54     67     82     99    120    142    168    198    230    266
  230.31    305    346    388    431    471    508    538    559    567    559
  240.31    533    488    424    346    260    176    104     52     14

 DJN SPEC
    AVERAGE=  -0.912    SUM=   0.207E+02
   -1.00   9121    878      0      0      0      0      0      0      0      0

 DJP SPEC
    AVERAGE=  -0.912    SUM=   0.285E+01
   -1.00   9115    884      0      0      0      0      0      0      0      0

 DJA SPEC
    AVERAGE=  -2.773    SUM=   0.162E+01
   -9.00      0      0      0      0      0      0   8635    655    511    198

   N   M   EXMAX  AV.EX. NW  MW  EXMAXW      Q      AL   DELTA     AVJ      DJ        TOTAL  BRANCH
  69  59   248.3   230.8  71  35   189.3    0.00   20.11    0.00   43.89    0.00     0.338E+02 10000    
  74  55   239.1   217.2  80  31   181.1   -9.06   20.01   -1.09   41.99    1.89     0.207E+02  6117   N
  74  55   238.0   213.8  80  31   180.0   -6.33   20.01   -0.98   41.28    2.60     0.285E+01   841   P
  74  55   238.2   212.7  80  62   180.2    1.94   19.72    0.00   41.91    1.98     0.162E+01   479   A
                   234.0  69  36   190.3  -30.57   22.99    0.00   50.42             0.664E+01  1962   F
                                                                                     0.000E+00     0   G

 SPECTRA N,P,A  AVE    6.22   14.02   23.75         SUMS  0.2220E+02  0.3138E+01  0.1808E+01
 SEQIN:PAIR,DELT,CST   4  11.00   1.160 AL=  20.01  19.92  19.92  19.62  22.88 DELTA= -1.09  0.00 -1.88 -1.07 -1.09
 AF/AN=   1.100   BS,BK=   1.2821   1.4933 DPBAR=  28.86 A= 167. Z=  70. Y=   0.385
 SHELL CORRECTIONS        -1.6    -1.4    -1.7    -1.4     0.0

 GRIDS  NROW,NSTEP   3   5
 SUMN,SUMLOW    0.2069E+02    0.0000E+00
 GOT POPP FROM UNIT  11      SUMP  0.2877E+01   M,N,EXMAX  55  74   216.7     167Yb      CN= 173Hf  
 SUMPOP FLOST,SUM,EXMAX,M,N  0.9783E+00  0.2259E+02  234.15  60  68  0.2877E+01  216.65  55  74  0.2069E+02  239.15  55  74-17  4
 GOT POPA FROM UNIT  12      SUMA  0.6297E+01   M,N,EXMAX  53  77   246.2     167Yb  
 SUMPOP FLOST,SUM,EXMAX,M,N  0.6545E-01  0.2882E+02  234.15  60  68  0.2259E+02  234.15  60  68  0.6297E+01  246.15  53  77  0 11
 CUTOFF   NSTEP,TOTAL,TRIM,TRIMJ,TRIME,TRIMLEV   5  0.2882E+02  0.0000E+00  0.0000E+00  0.0000E+00  0.0000E+00
          ICUT,AMX,ALEVEL,IAGAIN   0  0.1092E+00  0.6668E-05  14    CUT,PRCNT  0.100E-06  0.100E+01  M1,N1=  60  68
 DIMENSIONS  60  68   234.2  56  73   227.0  56  73   224.2  56  73   224.3
 DENSTY: JSHAP= 48    JBAR= 82        65.0     6.8
 EVA M1,N1=    60    68
 NOP,NOA,NOF,NOG,KE2MX= 0 0 0 016  NOLEP,NOLJI,NOLJF,JFJI= 1 1 1 1

 EVA  M1*N1  4080    ZEROS     0    CUTS     0    CUTPOP  0.1441E-06    SUM CUTS  0.0000E+00
 LOSS BELOW YRAST LINE  0.0000E+00
 EVA-,STEP  5
 SEQOUT NROW,NSTEP   3   5         PARENT 167Yb      ELAB   309.0    EXCIT   272.7

 SUMP,SUMLOW    0.2759E+01    0.0000E+00
 WROTE POPP ON UNIT  10               166Tm  
 SUMA,SUMLOW    0.1521E+01    0.0000E+00
 WROTE POPA ON UNIT  13               163Er  
 TOTAL    0.2882E+02
 FLOST(SUMPOP),TRIM(CUTOFF),RLOST(POPUL),RP 
   0.1044E+01   0.0000E+00   0.3631E-03   0.1101E+01   0.2397E+00   0.1536E+00   0.0000E+00

 J SPECTRUM OF PARENT 167Yb  
    AVERAGE=  41.734    SUM=   0.288E+02
    0.00      5     16     26     37     47    103     69     78     88    254
   10.00    378    176    175    175    149    152    154    155    155    154
   20.00    153    150    147    142    138    132    126    120    113    107
   30.00    100     93     86     80     73     67     61     56     52     48
   40.00     45     42     39     37     36     34     34     34     34     36
   50.00     38     42     47     54     65     79     99    125    160    204
   60.00    261    332    416    511    611    714    770    477

 J SPECTRUM OF FISS   167Yb  
    AVERAGE=  52.160    SUM=   0.486E+01
    0.00      1      3      5      8     10     25     16     19     21     71
   10.00     76     50     51     53     45     48     50     53     56     58
   20.00     61     63     65     67     69     71     72     73     74     75
   30.00     75     75     75     74     74     72     71     70     70     69
   40.00     69     68     67     67     68     69     70     72     76     82
   50.00     89     99    112    130    153    183    222    271    329    397
   60.00    474    556    637    706    758    792    773    439

 E SPECTRUM OF PARENT 167Yb  
    AVERAGE= 214.888    SUM=   0.288E+02
  175.15     39     41     42     42     42     42     42     41     39    112
  185.15    113    110    101     90     80     70     60     52     45     39
  195.15     35     32     31     32     34     39     45     53     63     75
  205.15     90    106    124    144    166    190    216    243    271    300
  215.15    329    357    384    409    430    446    456    459    454    440
  225.15    417    385    346    301    251    201    152    108     71     43

 DJN SPEC
    AVERAGE=  -0.879    SUM=   0.182E+02
   -1.00   8794   1205      0      0      0      0      0      0      0      0

 DJP SPEC
    AVERAGE=  -0.878    SUM=   0.276E+01
   -1.00   8776   1223      0      0      0      0      0      0      0      0

 DJA SPEC
    AVERAGE=  -2.697    SUM=   0.152E+01
   -9.00      0      0      0      0      0      0   8200    807    747    243

   N   M   EXMAX  AV.EX. NW  MW  EXMAXW      Q      AL   DELTA     AVJ      DJ        TOTAL  BRANCH
  68  60   234.2   214.9  70  35   174.2    0.00   20.01   -1.09   41.73    0.00     0.288E+02 10000    
  73  56   227.0   203.1  79  31   168.0   -7.07   19.92    0.00   39.29    2.44     0.182E+02  6309   N
  73  56   224.2   197.8  79  31   165.2   -5.99   19.92   -1.88   38.51    3.22     0.276E+01   957   P
  73  56   224.3   196.7  80  62   165.3    2.15   19.62   -1.07   39.51    2.23     0.152E+01   528   A
                   218.1  68  36   175.2  -29.99   22.88   -1.09   52.16             0.486E+01  1688   F
                                                                                     0.000E+00     0   G

 SPECTRA N,P,A  AVE    6.05   13.84   23.54         SUMS  0.1925E+02  0.2997E+01  0.1674E+01
1    ROW  3      ELEMENT Yb      X-SECTION   0.000E+00
(14)N+(159)Tb -> (173)Hf                                                
 ELAB(MEV)  309.000     Q-VALUE  -11.257    EXCIT  272.737
 SIGFUS,SIGEVA,SIGFIS,SIGMXZ  0.9476E+03  0.0000E+00  0.8537E+03  0.0000E+00
 ZT= 65    AT 159    ZP  7    AP  14


             171Yb     170Yb     169Yb     168Yb     167Yb  
 SIG        0.000E+00 0.000E+00 0.000E+00 0.000E+00 0.000E+00
 B-G               0         0         0         0         0
  R-N           7364      7512      5369      6117      6309
 BR-P            678       742       668       841       957
 BR-A            422       448       387       479       528
 BR-F           1529      1218      2565      1962      1688
 SIGF       0.542E+00 0.827E+00 0.909E+01 0.664E+01 0.486E+01
 TOTAL      0.355E+01 0.679E+01 0.355E+02 0.338E+02 0.288E+02
 EXCP          233.0     219.9     242.0     230.8     214.9
 SPINP          44.0      41.6      45.3      43.9      41.7
 EXCF          233.6     221.0     246.5     234.0     218.1
 SPINF          51.1      52.0      50.4      50.4      52.2
 DJN           -0.92     -0.89     -0.93     -0.91     -0.88
 DJP           -0.91     -0.88     -0.94     -0.91     -0.88
 DJA           -2.78     -2.71     -2.83     -2.77     -2.70
 AV.E N         6.23      6.07      6.35      6.22      6.05
 AV.E P        14.00     13.85     14.14     14.02     13.84
 AV.E A        23.74     23.54     23.90     23.75     23.54
 SUM GAM         0.0       0.0       0.0       0.0       0.0
 SPIN GAM        0.0       0.0       0.0       0.0       0.0

 TRIM       0.535E-06 0.150E-05 0.000E+00 0.000E+00 0.000E+00
 FLOST      0.000E+00 0.115E-13 0.240E+01 0.122E+01 0.104E+01
 RP         0.000E+00 0.000E+00 0.000E+00 0.000E+00 0.000E+00
 RLOSTG     0.343E-10 0.350E-06 0.106E-02 0.424E-03 0.363E-03
 RLOSTN     0.153E-02 0.362E-01 0.288E+01 0.155E+01 0.110E+01
 RLOSTP     0.401E-03 0.887E-02 0.427E+00 0.293E+00 0.240E+00
 RLOSTA     0.688E-03 0.902E-02 0.274E+00 0.188E+00 0.154E+00
 TIME              0         0         0         0         0

 STORAGE
  1.  1.  3.  3.  3.
  0.  0.  2.  2.  2.
  170.   69.   0.0010    21     1    25    25    35    12    12    20
 DEL     1.0     0.1     4.0    12.0     0.0
 TRANSM  APAR,ZPAR,SIGLOW,UNIT,DEL 170.0  69.0  0.10E-02  21     0.1     4.0    12.0
 SEQIN:PAIR,DELT,CST   4  11.00   1.160 AL=  20.31  20.21  20.21  19.92  23.28 DELTA= -1.12 -0.87 -0.72 -1.27 -1.12
 AF/AN=   1.100   BS,BK=   1.2848   1.5191 DPBAR=  32.08 A= 170. Z=  69. Y=   0.428
 SHELL CORRECTIONS        -2.4    -2.5    -2.7    -2.3    -0.0
1 NEW ROW

 GRIDS  NROW,NSTEP   4   1
 SUMN,SUMLOW    0.0000E+00    0.0000E+00
 GOT POPP FROM UNIT  10      SUMP  0.2404E+00   M,N,EXMAX  53  77   240.2     170Tm      CN= 173Hf  
 SUMPOP FLOST,SUM,EXMAX,M,N  0.0000E+00  0.2404E+00  240.25  53  77
 SUMPOP FLOST,SUM,EXMAX,M,N  0.0000E+00  0.2404E+00  240.25  53  77
 CUTOFF   NSTEP,TOTAL,TRIM,TRIMJ,TRIME,TRIMLEV   1  0.2404E+00  0.2966E-07  0.0000E+00  0.1574E-07  0.1392E-07
          ICUT,AMX,ALEVEL,IAGAIN  37  0.7508E-03  0.7160E-09  20    CUT,PRCNT  0.100E-06  0.100E+01  M1,N1=  49  71
 CUTOFF OLD,NEW M1  49  57
 DIMENSIONS  57  71   236.2  53  76   229.6  53  76   226.1  53  76   225.1
 DENSTY: JSHAP= 49    JBAR= 94        71.5     9.0
 EVA M1,N1=    57    71
 NOP,NOA,NOF,NOG,KE2MX= 0 0 0 016  NOLEP,NOLJI,NOLJF,JFJI= 1 1 1 1

 EVA  M1*N1  4047    ZEROS    36    CUTS   178    CUTPOP  0.3580E-09    SUM CUTS  0.1802E-07
 LOSS BELOW YRAST LINE  0.0000E+00
 EVA-,STEP  1
 SEQOUT NROW,NSTEP   4   1         PARENT 170Tm      ELAB   309.0    EXCIT   272.7

 SUMP,SUMLOW    0.1264E-01    0.0000E+00
 WROTE POPP ON UNIT  11               169Er  
 SUMA,SUMLOW    0.8279E-02    0.0000E+00
 WROTE POPA ON UNIT  12               166Ho  
 TOTAL    0.2404E+00
 FLOST(SUMPOP),TRIM(CUTOFF),RLOST(POPUL),RP 
   0.0000E+00   0.4768E-07   0.2635E-09   0.1291E-02   0.2144E-03   0.2347E-03   0.0000E+00

 J SPECTRUM OF PARENT 170Tm  
    AVERAGE=  40.589    SUM=   0.240E+00
    0.00      5     16     27     38     49     60     71     81     91    100
   10.00    481    139    145    152    157    162    166    168    171    172
   20.00    172    172    170    168    165    161    157    152    146    140
   30.00    134    127    120    112    105     97     90     83     77     71
   40.00     66     62     58     54     51     48     46     45     44     44
   50.00     45     47     50     54     61     69     81     96    116    141
   60.00    172    209    253    304    357    411    463    512    559    373

 J SPECTRUM OF FISS   170Tm  
    AVERAGE=  58.067    SUM=   0.267E-01
    0.00      0      1      2      4      5      6      8      9     10     11
   10.00     58     18     19     21     22     23     25     26     28     29
   20.00     31     32     34     35     37     38     39     41     42     43
   30.00     44     45     46     47     47     47     47     47     47     48
   40.00     48     49     49     49     50     51     53     55     57     61
   50.00     66     73     82     93    108    128    154    189    232    286
   60.00    351    427    516    614    709    798    876    941    994    642

 E SPECTRUM OF PARENT 170Tm  
    AVERAGE= 212.229    SUM=   0.240E+00
  180.25      0      0      0      0      0      0      0      0      7      9
  190.25     13     18     23     30     39     50     63     79     97    119
  200.25    143    171    201    234    269    306    343    380    416    450
  210.25    480    505    525    537    541    535    520    493    457    413
  220.25    362    306    249    195    145    102     67     41     23     12
  230.25      5      2      0      0      0      0      0

 DJN SPEC
    AVERAGE=  -0.886    SUM=   0.191E+00
   -1.00   8862   1137      0      0      0      0      0      0      0      0

 DJP SPEC
    AVERAGE=  -0.878    SUM=   0.126E-01
   -1.00   8777   1222      0      0      0      0      0      0      0      0

 DJA SPEC
    AVERAGE=  -2.703    SUM=   0.828E-02
   -9.00      0      0      0      0      0      0   8238    755    798    207

   N   M   EXMAX  AV.EX. NW  MW  EXMAXW      Q      AL   DELTA     AVJ      DJ        TOTAL  BRANCH
  71  57   236.2   212.2  73  34   179.2    0.00   20.31   -1.12   40.59    0.00     0.240E+00 10000    
  76  53   229.6   199.6  80  31   173.6   -6.59   20.21   -0.87   37.60    2.99     0.191E+00  7947   N
  76  53   226.1   192.9  80  31   170.1   -6.16   20.21   -0.72   36.09    4.50     0.126E-01   526   P
  76  53   225.1   190.6  80  62   169.1    0.85   19.92   -1.27   36.95    3.64     0.828E-02   344   A
                   213.6  71  35   180.2  -33.95   23.28   -1.12   58.07             0.267E-01  1111   F
                                                                                     0.000E+00     0   G

 SPECTRA N,P,A  AVE    6.01   13.64   23.19         SUMS  0.1919E+00  0.1285E-01  0.8513E-02
 SEQIN:PAIR,DELT,CST   4  11.00   1.160 AL=  20.21  20.11  20.11  19.82  23.11 DELTA= -0.87 -1.48  0.00 -0.82 -0.87
 AF/AN=   1.100   BS,BK=   1.2827   1.4969 DPBAR=  31.75 A= 169. Z=  69. Y=   0.390
 SHELL CORRECTIONS        -2.5    -2.1    -2.6    -2.3    -0.0

 GRIDS  NROW,NSTEP   4   2
 SUMN,SUMLOW    0.1911E+00    0.0000E+00
 GOT POPP FROM UNIT  10      SUMP  0.5039E+00   M,N,EXMAX  53  76   232.6     169Tm      CN= 173Hf  
 SUMPOP FLOST,SUM,EXMAX,M,N  0.1110E-14  0.6950E+00  232.56  56  73  0.5039E+00  232.56  53  76  0.1911E+00  229.56  53  76  0 -3
 SUMPOP FLOST,SUM,EXMAX,M,N  0.0000E+00  0.6950E+00  232.56  56  73
 CUTOFF   NSTEP,TOTAL,TRIM,TRIMJ,TRIME,TRIMLEV   2  0.6950E+00  0.1002E-06  0.0000E+00  0.3640E-07  0.6381E-07
          ICUT,AMX,ALEVEL,IAGAIN  61  0.2389E-02  0.2278E-08  20    CUT,PRCNT  0.100E-06  0.100E+01  M1,N1=  51  70
 CUTOFF OLD,NEW M1  51  58
 DIMENSIONS  58  70   227.6  54  75   219.4  54  75   218.0  54  75   216.8
 DENSTY: JSHAP= 49    JBAR= 93        71.0     8.8
 EVA M1,N1=    58    70
 NOP,NOA,NOF,NOG,KE2MX= 0 0 0 016  NOLEP,NOLJI,NOLJF,JFJI= 1 1 1 1

 EVA  M1*N1  4060    ZEROS    56    CUTS   114    CUTPOP  0.1139E-08    SUM CUTS  0.5957E-07
 LOSS BELOW YRAST LINE  0.0000E+00
 EVA-,STEP  2
 SEQOUT NROW,NSTEP   4   2         PARENT 169Tm      ELAB   309.0    EXCIT   272.7

 SUMP,SUMLOW    0.3963E-01    0.0000E+00
 WROTE POPP ON UNIT  11               168Er  
 SUMA,SUMLOW    0.2512E-01    0.0000E+00
 WROTE POPA ON UNIT  12               165Ho  
 TOTAL    0.6950E+00
 FLOST(SUMPOP),TRIM(CUTOFF),RLOST(POPUL),RP 
   0.1110E-14   0.1598E-06   0.2380E-08   0.8032E-02   0.1460E-02   0.1434E-02   0.0000E+00

 J SPECTRUM OF PARENT 169Tm  
    AVERAGE=  37.908    SUM=   0.695E+00
    0.00      6     19     32     45     57     70     84     95    106    117
   10.00    718    167    174    179    184    188    190    191    192    191
   20.00    189    186    182    178    172    165    158    151    143    135
   30.00    126    118    109    100     92     83     76     68     62     57
   40.00     52     48     44     41     38     36     34     33     32     33
   50.00     34     36     39     43     50     59     71     88    110    138
   60.00    173    217    270    330    394    459    523    586    400      0

 J SPECTRUM OF FISS   169Tm  
    AVERAGE=  58.809    SUM=   0.569E-01
    0.00      0      1      2      3      4      6      7      8      9     11
   10.00     70     17     18     19     21     22     23     24     25     26
   20.00     27     28     29     30     31     32     33     34     34     35
   30.00     35     36     36     36     35     35     35     34     34     34
   40.00     34     34     34     34     35     35     36     38     41     44
   50.00     49     55     64     75     91    112    142    182    233    300
   60.00    383    485    609    742    878   1011   1132   1243    831      0

 E SPECTRUM OF PARENT 169Tm  
    AVERAGE= 199.747    SUM=   0.695E+00
  170.56      0      0      0      0      0      0      0      6      8     10
  180.56     48     59     72     86    103    122    143    166    191    218
  190.56    246    276    306    336    366    394    419    441    460    473
  200.56    481    482    477    465    447    421    390    354    315    273
  210.56    230    189    150    115     84     59     40     25     15      8
  220.56      4      2      0      0      0      0      0      0

 DJN SPEC
    AVERAGE=  -0.854    SUM=   0.562E+00
   -1.00   8539   1460      0      0      0      0      0      0      0      0

 DJP SPEC
    AVERAGE=  -0.844    SUM=   0.396E-01
   -1.00   8438   1561      0      0      0      0      0      0      0      0

 DJA SPEC
    AVERAGE=  -2.630    SUM=   0.251E-01
   -9.00      0      0      0      0      0      0   7832    871   1059    236

   N   M   EXMAX  AV.EX. NW  MW  EXMAXW      Q      AL   DELTA     AVJ      DJ        TOTAL  BRANCH
  70  58   227.6   199.7  72  34   169.6    0.00   20.21   -0.87   37.91    0.00     0.695E+00 10000    
  75  54   219.4   186.0  80  31   162.4   -8.03   20.11   -1.48   35.30    2.61     0.562E+00  8093   N
  75  54   218.0   181.6  80  31   161.0   -5.57   20.11    0.00   33.80    4.11     0.396E-01   570   P
  75  54   216.8   179.2  80  62   159.8    1.20   19.82   -0.82   34.90    3.01     0.251E-01   361   A
                   201.4  70  35   170.6  -33.70   23.11   -0.87   58.81             0.569E-01   818   F
                                                                                     0.000E+00     0   G

 SPECTRA N,P,A  AVE    5.85   13.48   23.00         SUMS  0.5691E+00  0.4107E-01  0.2655E-01
 SEQIN:PAIR,DELT,CST   4  11.00   1.160 AL=  20.11  20.01  20.01  19.72  23.00 DELTA= -1.48 -0.98 -0.76 -1.49 -1.48
 AF/AN=   1.100   BS,BK=   1.2827   1.4966 DPBAR=  31.43 A= 168. Z=  69. Y=   0.390
 SHELL CORRECTIONS        -2.1    -2.0    -2.4    -1.9     0.0

 GRIDS  NROW,NSTEP   4   3
 SUMN,SUMLOW    0.5625E+00    0.0000E+00
 GOT POPP FROM UNIT  10      SUMP  0.2368E+01   M,N,EXMAX  54  75   247.9     168Tm      CN= 173Hf  
 SUMPOP FLOST,SUM,EXMAX,M,N  0.1883E+00  0.2742E+01  239.93  59  69  0.2368E+01  247.93  54  75  0.5625E+00  219.43  54  75  7-21
 GOT POPA FROM UNIT  13      SUMA  0.2104E+01   M,N,EXMAX  52  78   252.9     168Tm  
 SUMPOP FLOST,SUM,EXMAX,M,N  0.3207E-01  0.4814E+01  240.92  59  69  0.2742E+01  239.93  59  69  0.2104E+01  252.92  52  78 -1 11
 CUTOFF   NSTEP,TOTAL,TRIM,TRIMJ,TRIME,TRIMLEV   3  0.4814E+01  0.0000E+00  0.0000E+00  0.0000E+00  0.0000E+00
          ICUT,AMX,ALEVEL,IAGAIN   0  0.1736E-01  0.5299E-06  15    CUT,PRCNT  0.100E-06  0.100E+01  M1,N1=  59  69
 DIMENSIONS  59  69   240.9  55  74   234.0  55  74   231.6  55  74   230.2
 DENSTY: JSHAP= 49    JBAR= 91        70.0     8.4
 EVA M1,N1=    59    69
 NOP,NOA,NOF,NOG,KE2MX= 0 0 0 016  NOLEP,NOLJI,NOLJF,JFJI= 1 1 1 1

 EVA  M1*N1  4071    ZEROS     0    CUTS     0    CUTPOP  0.2407E-07    SUM CUTS  0.0000E+00
 LOSS BELOW YRAST LINE  0.0000E+00
 EVA-,STEP  3
 SEQOUT NROW,NSTEP   4   3         PARENT 168Tm      ELAB   309.0    EXCIT   272.7

 SUMP,SUMLOW    0.3113E+00    0.0000E+00
 WROTE POPP ON UNIT  11               167Er  
 SUMA,SUMLOW    0.1925E+00    0.0000E+00
 WROTE POPA ON UNIT  12               164Ho  
 TOTAL    0.4814E+01
 FLOST(SUMPOP),TRIM(CUTOFF),RLOST(POPUL),RP 
   0.2204E+00   0.0000E+00   0.6799E-04   0.1973E+00   0.2200E-01   0.1545E-01   0.0000E+00

 J SPECTRUM OF PARENT 168Tm  
    AVERAGE=  43.061    SUM=   0.481E+01
    0.00      4     12     21     29     37     84     55     63     70    183
   10.00    215    104    159    165    124    129    133    136    139    141
   20.00    142    143    143    142    141    139    136    133    129    125
   30.00    121    116    111    106    101     95     90     85     81     77
   40.00     73     70     67     65     63     62     61     61     61     63
   50.00     66     70     76     84     95    109    127    150    178    212
   60.00    252    299    350    405    461    515    565    586    357

 J SPECTRUM OF FISS   168Tm  
    AVERAGE=  56.122    SUM=   0.829E+00
    0.00      0      1      2      3      4     11      7      8      9     28
   10.00     23     16     26     28     21     22     24     26     27     29
   20.00     31     33     35     36     38     40     42     44     46     48
   30.00     49     51     52     54     55     56     58     59     60     62
   40.00     63     65     67     69     71     74     78     82     87     94
   50.00    103    114    128    145    168    196    231    274    325    385
   60.00    451    525    600    671    733    782    818    817    484

 E SPECTRUM OF PARENT 168Tm  
    AVERAGE= 224.585    SUM=   0.481E+01
  182.92     48     50     51     52     52     51     50     48     46     43
  192.92     40     85     76     67     58     49     40     32     26     20
  202.92     16     13     11     11     12     14     18     23     29     37
  212.92     48     60     76     94    116    142    171    203    239    277
  222.92    317    360    403    447    488    524    554    574    580    571
  232.92    544    499    437    362    281    201    131     76     26

 DJN SPEC
    AVERAGE=  -0.913    SUM=   0.325E+01
   -1.00   9129    870      0      0      0      0      0      0      0      0

 DJP SPEC
    AVERAGE=  -0.910    SUM=   0.311E+00
   -1.00   9098    901      0      0      0      0      0      0      0      0

 DJA SPEC
    AVERAGE=  -2.764    SUM=   0.192E+00
   -9.00      0      0      0      0      0      0   8578    691    526    203

   N   M   EXMAX  AV.EX. NW  MW  EXMAXW      Q      AL   DELTA     AVJ      DJ        TOTAL  BRANCH
  69  59   240.9   224.6  71  35   181.9    0.00   20.11   -1.48   43.06    0.00     0.481E+01 10000    
  74  55   234.0   213.1  80  31   176.0   -6.84   20.01   -0.98   39.85    3.21     0.325E+01  6743   N
  74  55   231.6   208.1  80  31   173.6   -5.31   20.01   -0.76   38.85    4.21     0.311E+00   647   P
  74  55   230.2   205.3  80  62   172.2    1.24   19.72   -1.49   39.41    3.65     0.192E+00   400   A
                   227.5  69  36   182.9  -33.04   23.00   -1.48   56.12             0.829E+00  1723   F
                                                                                     0.000E+00     0   G

 SPECTRA N,P,A  AVE    6.18   13.85   23.43         SUMS  0.3436E+01  0.3331E+00  0.2079E+00
 SEQIN:PAIR,DELT,CST   4  11.00   1.160 AL=  20.01  19.92  19.92  19.62  22.89 DELTA= -0.98 -1.88  0.00 -0.96 -0.98
 AF/AN=   1.100   BS,BK=   1.2826   1.4963 DPBAR=  31.10 A= 167. Z=  69. Y=   0.389
 SHELL CORRECTIONS        -2.0    -1.7    -2.2    -1.8     0.0

 GRIDS  NROW,NSTEP   4   4
 SUMN,SUMLOW    0.3246E+01    0.0000E+00
 GOT POPP FROM UNIT  10      SUMP  0.2846E+01   M,N,EXMAX  55  74   238.0     167Tm      CN= 173Hf  
 SUMPOP FLOST,SUM,EXMAX,M,N -0.8882E-15  0.6092E+01  237.98  59  69  0.2846E+01  237.98  55  74  0.3246E+01  233.98  55  74  0 -4
 GOT POPA FROM UNIT  13      SUMA  0.2405E+01   M,N,EXMAX  53  77   245.0     167Tm  
 SUMPOP FLOST,SUM,EXMAX,M,N  0.2167E-05  0.8497E+01  237.98  59  69  0.6092E+01  237.98  59  69  0.2405E+01  244.98  53  77  0  6
 CUTOFF   NSTEP,TOTAL,TRIM,TRIMJ,TRIME,TRIMLEV   4  0.8497E+01  0.3049E-06  0.0000E+00  0.0000E+00  0.3049E-06
          ICUT,AMX,ALEVEL,IAGAIN  18  0.2978E-01  0.2840E-07  20    CUT,PRCNT  0.100E-06  0.100E+01  M1,N1=  59  69
 DIMENSIONS  59  69   238.0  55  74   229.2  55  74   229.1  55  74   227.4
 DENSTY: JSHAP= 48    JBAR= 89        68.5     8.2
 EVA M1,N1=    59    69
 NOP,NOA,NOF,NOG,KE2MX= 0 0 0 016  NOLEP,NOLJI,NOLJF,JFJI= 1 1 1 1

 EVA  M1*N1  4071    ZEROS    14    CUTS     5    CUTPOP  0.1420E-07    SUM CUTS  0.1073E-07
 LOSS BELOW YRAST LINE  0.0000E+00
 EVA-,STEP  4
 SEQOUT NROW,NSTEP   4   4         PARENT 167Tm      ELAB   309.0    EXCIT   272.7

 SUMP,SUMLOW    0.6438E+00    0.0000E+00
 WROTE POPP ON UNIT  11               166Er  
 SUMA,SUMLOW    0.3885E+00    0.0000E+00
 WROTE POPA ON UNIT  12               163Ho  
 TOTAL    0.8497E+01
 FLOST(SUMPOP),TRIM(CUTOFF),RLOST(POPUL),RP 
   0.2167E-05   0.3156E-06   0.7670E-04   0.2242E+00   0.2920E-01   0.2107E-01   0.0000E+00

 J SPECTRUM OF PARENT 167Tm  
    AVERAGE=  40.968    SUM=   0.850E+01
    0.00      5     14     24     34     44    105     65     74     83    277
   10.00    269    171    175    180    146    150    154    156    158    158
   20.00    158    157    155    153    149    145    140    135    129    123
   30.00    117    110    103     97     90     83     77     72     67     63
   40.00     59     55     52     50     48     46     45     45     46     48
   50.00     51     55     61     69     80     95    115    140    173    213
   60.00    263    321    387    458    530    601    659    435      0

 J SPECTRUM OF FISS   167Tm  
    AVERAGE=  55.823    SUM=   0.112E+01
    0.00      0      1      3      4      5     14      8     10     11     41
   10.00     36     27     29     30     25     27     28     30     32     33
   20.00     35     37     38     40     41     43     44     46     47     48
   30.00     49     50     50     51     51     51     51     52     52     53
   40.00     53     54     55     56     57     59     62     65     70     76
   50.00     85     95    109    128    152    184    225    276    338    412
   60.00    499    597    698    793    878    948    992    625      0

 E SPECTRUM OF PARENT 167Tm  
    AVERAGE= 214.067    SUM=   0.850E+01
  179.98     24     24     24     24     51     47     43     38     32     28
  189.98     24     22     24     25     27     31     37     45     54     65
  199.98     79     94    113    133    156    182    209    239    271    303
  209.98    337    370    402    432    458    481    497    507    508    501
  219.98    484    457    420    376    326    272    218    166    119     80
  229.98     49     27     13      5      1      0      0      0      0

 DJN SPEC
    AVERAGE=  -0.890    SUM=   0.607E+01
   -1.00   8900   1099      0      0      0      0      0      0      0      0

 DJP SPEC
    AVERAGE=  -0.884    SUM=   0.644E+00
   -1.00   8840   1159      0      0      0      0      0      0      0      0

 DJA SPEC
    AVERAGE=  -2.704    SUM=   0.388E+00
   -9.00      0      0      0      0      0      0   8231    817    710    240

   N   M   EXMAX  AV.EX. NW  MW  EXMAXW      Q      AL   DELTA     AVJ      DJ        TOTAL  BRANCH
  69  59   238.0   214.1  71  35   179.0    0.00   20.01   -0.98   40.97    0.00     0.850E+01 10000    
  74  55   229.2   200.0  80  31   171.2   -8.73   19.92   -1.88   38.06    2.91     0.607E+01  7145   N
  74  55   229.1   196.8  80  31   171.1   -4.91   19.92    0.00   36.92    4.05     0.644E+00   758   P
  74  55   227.4   193.7  80  62   169.4    1.41   19.62   -0.96   37.73    3.24     0.388E+00   457   A
                   215.9  69  36   180.0  -32.63   22.89   -0.98   55.82             0.112E+01  1317   F
                                                                                     0.000E+00     0   G

 SPECTRA N,P,A  AVE    6.06   13.72   23.28         SUMS  0.6281E+01  0.6727E+00  0.4095E+00
 SEQIN:PAIR,DELT,CST   4  11.00   1.160 AL=  19.92  19.82  19.82  19.52  22.79 DELTA= -1.88 -1.11 -1.01 -1.69 -1.88
 AF/AN=   1.100   BS,BK=   1.2826   1.4960 DPBAR=  30.75 A= 166. Z=  69. Y=   0.389
 SHELL CORRECTIONS        -1.7    -1.5    -1.9    -1.4     0.0

 GRIDS  NROW,NSTEP   4   5
 SUMN,SUMLOW    0.6071E+01    0.0000E+00
 GOT POPP FROM UNIT  10      SUMP  0.2759E+01   M,N,EXMAX  56  73   224.2     166Tm      CN= 173Hf  
 SUMPOP FLOST,SUM,EXMAX,M,N  0.2463E-01  0.8805E+01  229.15  60  68  0.2759E+01  224.16  56  73  0.6071E+01  229.15  55  74 -5  0
 GOT POPA FROM UNIT  13      SUMA  0.2200E+01   M,N,EXMAX  53  76   235.2     166Tm  
 SUMPOP FLOST,SUM,EXMAX,M,N  0.4448E-07  0.1101E+02  229.16  60  68  0.8805E+01  229.15  60  68  0.2200E+01  235.16  53  76  0  5
 CUTOFF   NSTEP,TOTAL,TRIM,TRIMJ,TRIME,TRIMLEV   5  0.1101E+02  0.2746E-06  0.0000E+00  0.2746E-06  0.0000E+00
          ICUT,AMX,ALEVEL,IAGAIN  18  0.3656E-01  0.1743E-07  21    CUT,PRCNT  0.100E-06  0.100E+01  M1,N1=  59  68
 CUTOFF OLD,NEW M1  59  60
 DIMENSIONS  60  68   228.2  56  73   221.0  56  73   219.5  56  73   217.9
 DENSTY: JSHAP= 48    JBAR= 86        67.0     7.6
 EVA M1,N1=    60    68
 NOP,NOA,NOF,NOG,KE2MX= 0 0 0 016  NOLEP,NOLJI,NOLJF,JFJI= 1 1 1 1

 EVA  M1*N1  4080    ZEROS     0    CUTS    36    CUTPOP  0.8716E-08    SUM CUTS  0.1301E-06
 LOSS BELOW YRAST LINE  0.0000E+00
 EVA-,STEP  5
 SEQOUT NROW,NSTEP   4   5         PARENT 166Tm      ELAB   309.0    EXCIT   272.7

 SUMP,SUMLOW    0.9348E+00    0.0000E+00
 WROTE POPP ON UNIT  11               165Er  
 SUMA,SUMLOW    0.5455E+00    0.0000E+00
 WROTE POPA ON UNIT  12               162Ho  
 TOTAL    0.1101E+02
 FLOST(SUMPOP),TRIM(CUTOFF),RLOST(POPUL),RP 
   0.2463E-01   0.4047E-06   0.5562E-04   0.2385E+00   0.4643E-01   0.3624E-01   0.0000E+00

 J SPECTRUM OF PARENT 166Tm  
    AVERAGE=  38.472    SUM=   0.110E+02
    0.00      5     17     29     40     52    126     76     87     97    385
   10.00    423    191    195    199    170    173    175    176    176    174
   20.00    172    169    164    159    153    147    140    133    125    117
   30.00    109    101     93     85     78     71     65     59     54     50
   40.00     46     43     40     38     36     35     34     34     35     37
   50.00     40     44     50     59     71     87    109    138    175    223
   60.00    283    354    435    522    612    697    479      0

 J SPECTRUM OF FISS   166Tm  
    AVERAGE=  55.538    SUM=   0.110E+01
    0.00      0      2      3      4      6     15      9     11     12     53
   10.00     57     29     30     32     28     29     31     32     34     35
   20.00     37     38     39     40     41     42     43     44     45     45
   30.00     45     45     45     45     45     44     44     44     44     44
   40.00     44     44     45     46     47     49     51     55     60     66
   50.00     75     86    102    123    151    189    239    301    379    475
   60.00    587    712    838    955   1058   1138    739      0

 E SPECTRUM OF PARENT 166Tm  
    AVERAGE= 199.776    SUM=   0.110E+02
  169.16      0     21     20     18     16     15     37     35     35     36
  179.16     38     42     48     67     78     90    105    122    141    161
  189.16    184    208    233    259    286    314    340    366    390    412
  199.16    430    444    454    458    456    448    434    413    386    355
  209.16    319    279    239    198    160    124     92     65     44     27
  219.16     16      8      4      1      0      0      0      0      0      0

 DJN SPEC
    AVERAGE=  -0.855    SUM=   0.811E+01
   -1.00   8546   1453      0      0      0      0      0      0      0      0

 DJP SPEC
    AVERAGE=  -0.847    SUM=   0.935E+00
   -1.00   8466   1533      0      0      0      0      0      0      0      0

 DJA SPEC
    AVERAGE=  -2.629    SUM=   0.546E+00
   -9.00      0      0      0      0      0      0   7829    902    991    276

   N   M   EXMAX  AV.EX. NW  MW  EXMAXW      Q      AL   DELTA     AVJ      DJ        TOTAL  BRANCH
  68  60   228.2   199.8  70  35   168.2    0.00   19.92   -1.88   38.47    0.00     0.110E+02 10000    
  73  56   221.0   187.3  79  31   162.0   -7.03   19.82   -1.11   35.90    2.57     0.811E+01  7366   N
  73  56   219.5   182.8  79  31   160.5   -4.66   19.82   -1.01   34.74    3.73     0.935E+00   849   P
  73  56   217.9   180.0  80  62   158.9    1.73   19.52   -1.69   35.80    2.67     0.546E+00   496   A
                   201.6  68  36   169.2  -31.92   22.79   -1.88   55.54             0.110E+01   997   F
                                                                                     0.000E+00     0   G

 SPECTRA N,P,A  AVE    5.89   13.55   23.08         SUMS  0.8324E+01  0.9808E+00  0.5817E+00
1    ROW  4      ELEMENT Tm      X-SECTION   0.000E+00
(14)N+(159)Tb -> (173)Hf                                                
 ELAB(MEV)  309.000     Q-VALUE  -11.257    EXCIT  272.737
 SIGFUS,SIGEVA,SIGFIS,SIGMXZ  0.9476E+03  0.0000E+00  0.8568E+03  0.0000E+00
 ZT= 65    AT 159    ZP  7    AP  14


             170Tm     169Tm     168Tm     167Tm     166Tm  
 SIG        0.000E+00 0.000E+00 0.000E+00 0.000E+00 0.000E+00
 B-G               0         0         0         0         0
  R-N           7947      8093      6743      7145      7366
 BR-P            526       570       647       758       849
 BR-A            344       361       400       457       496
 BR-F           1111       818      1723      1317       997
 SIGF       0.267E-01 0.569E-01 0.829E+00 0.112E+01 0.110E+01
 TOTAL      0.240E+00 0.695E+00 0.481E+01 0.850E+01 0.110E+02
 EXCP          212.2     199.7     224.6     214.1     199.8
 SPINP          40.6      37.9      43.1      41.0      38.5
 EXCF          213.6     201.4     227.5     215.9     201.6
 SPINF          58.1      58.8      56.1      55.8      55.5
 DJN           -0.89     -0.85     -0.91     -0.89     -0.85
 DJP           -0.88     -0.84     -0.91     -0.88     -0.85
 DJA           -2.70     -2.63     -2.76     -2.70     -2.63
 AV.E N         6.01      5.85      6.18      6.06      5.89
 AV.E P        13.64     13.48     13.85     13.72     13.55
 AV.E A        23.19     23.00     23.43     23.28     23.08
 SUM GAM         0.0       0.0       0.0       0.0       0.0
 SPIN GAM        0.0       0.0       0.0       0.0       0.0

 TRIM       0.477E-07 0.160E-06 0.000E+00 0.316E-06 0.405E-06
 FLOST      0.000E+00 0.111E-14 0.220E+00 0.217E-05 0.246E-01
 RP         0.000E+00 0.000E+00 0.000E+00 0.000E+00 0.000E+00
 RLOSTG     0.264E-09 0.238E-08 0.680E-04 0.767E-04 0.556E-04
 RLOSTN     0.129E-02 0.803E-02 0.197E+00 0.224E+00 0.238E+00
 RLOSTP     0.214E-03 0.146E-02 0.220E-01 0.292E-01 0.464E-01
 RLOSTA     0.235E-03 0.143E-02 0.155E-01 0.211E-01 0.362E-01
 TIME              0         0         0         0         0

 STORAGE
  1.  1.  3.  3.  3.
  0.  0.  2.  2.  2.
  169.   68.   0.0010    21     1    25    25    35    12    12    20
 DEL     1.0     0.1     4.0    12.0     0.0
 TRANSM  APAR,ZPAR,SIGLOW,UNIT,DEL 169.0  68.0  0.10E-02  21     0.1     4.0    12.0
 SEQIN:PAIR,DELT,CST   4  11.00   1.160 AL=  20.21  20.11  20.11  19.82  23.17 DELTA= -0.72  0.00 -1.21 -0.75 -0.72
 AF/AN=   1.100   BS,BK=   1.2848   1.5195 DPBAR=  33.84 A= 169. Z=  68. Y=   0.429
 SHELL CORRECTIONS        -2.7    -2.6    -2.5    -2.5     0.0
1 NEW ROW

 GRIDS  NROW,NSTEP   5   1
 SUMN,SUMLOW    0.0000E+00    0.0000E+00
 GOT POPP FROM UNIT  11      SUMP  0.1264E-01   M,N,EXMAX  53  76   226.1     169Er      CN= 173Hf  
 SUMPOP FLOST,SUM,EXMAX,M,N  0.0000E+00  0.1264E-01  226.09  53  76
 SUMPOP FLOST,SUM,EXMAX,M,N  0.0000E+00  0.1264E-01  226.09  53  76
 CUTOFF   NSTEP,TOTAL,TRIM,TRIMJ,TRIME,TRIMLEV   1  0.1264E-01  0.2419E-09  0.0000E+00  0.2419E-09  0.0000E+00
          ICUT,AMX,ALEVEL,IAGAIN  18  0.4519E-04  0.2155E-10  21    CUT,PRCNT  0.100E-06  0.100E+01  M1,N1=  49  70
 CUTOFF OLD,NEW M1  49  58
 DIMENSIONS  58  70   222.1  54  75   216.0  54  75   209.9  54  75   210.4
 DENSTY: JSHAP= 49    JBAR= 96        72.5     9.4
 EVA M1,N1=    58    70
 NOP,NOA,NOF,NOG,KE2MX= 0 0 0 016  NOLEP,NOLJI,NOLJF,JFJI= 1 1 1 1

 EVA  M1*N1  4060    ZEROS     2    CUTS   200    CUTPOP  0.1077E-10    SUM CUTS  0.3229E-09
 LOSS BELOW YRAST LINE  0.0000E+00
 EVA-,STEP  1
 SEQOUT NROW,NSTEP   5   1         PARENT 169Er      ELAB   309.0    EXCIT   272.7

 SUMP,SUMLOW    0.5055E-03    0.0000E+00
 WROTE POPP ON UNIT  10               168Ho  
 SUMA,SUMLOW    0.3463E-03    0.0000E+00
 WROTE POPA ON UNIT  12               165Dy  
 TOTAL    0.1264E-01
 FLOST(SUMPOP),TRIM(CUTOFF),RLOST(POPUL),RP 
   0.0000E+00   0.5648E-09   0.5198E-10   0.1904E-03   0.2175E-04   0.2224E-04   0.0000E+00

 J SPECTRUM OF PARENT 169Er  
    AVERAGE=  36.094    SUM=   0.126E-01
    0.00      6     19     33     46     59     71     85     97    109    119
   10.00    739    173    180    186    191    195    198    200    201    201
   20.00    200    198    194    190    185    179    173    166    158    150
   30.00    141    133    124    115    106     97     89     81     75     69
   40.00     64     59     54     51     48     45     43     41     41     41
   50.00     42     44     48     52     59     68     80     96    116    141
   60.00    170    206    247    290    334    377    417    456    306      0

 J SPECTRUM OF FISS   169Er  
    AVERAGE=  59.189    SUM=   0.488E-03
    0.00      0      1      2      3      3      4      5      6      7      8
   10.00     56     14     15     16     17     18     19     20     21     22
   20.00     23     24     25     25     26     27     28     29     30     31
   30.00     31     32     32     32     33     33     33     33     33     34
   40.00     34     35     35     36     37     38     39     42     45     49
   50.00     55     63     73     86    103    128    160    202    256    323
   60.00    406    507    625    747    872    993   1105   1211    813      0

 E SPECTRUM OF PARENT 169Er  
    AVERAGE= 192.926    SUM=   0.126E-01
  165.09      0      0      0      0      0      0      0      0      0     50
  175.09     62     76     91    109    129    152    177    203    232    262
  185.09    293    324    354    384    411    436    457    472    483    487
  195.09    485    476    460    437    408    374    335    294    251    209
  205.09    169    132    100     73     51     33     21     12      7      3
  215.09      1      0      0      0      0      0      0      0

 DJN SPEC
    AVERAGE=  -0.857    SUM=   0.111E-01
   -1.00   8565   1434      0      0      0      0      0      0      0      0

 DJP SPEC
    AVERAGE=  -0.845    SUM=   0.506E-03
   -1.00   8448   1551      0      0      0      0      0      0      0      0

 DJA SPEC
    AVERAGE=  -2.632    SUM=   0.346E-03
   -9.00      0      0      0      0      0      0   7839    875   1051    233

   N   M   EXMAX  AV.EX. NW  MW  EXMAXW      Q      AL   DELTA     AVJ      DJ        TOTAL  BRANCH
  70  58   222.1   192.9  72  34   164.1    0.00   20.21   -0.72   36.09    0.00     0.126E-01 10000    
  75  54   216.0   181.4  80  31   159.0   -6.00   20.11    0.00   34.43    1.67     0.111E-01  8754   N
  75  54   209.9   172.7  80  31   152.9   -8.15   20.11   -1.21   32.68    3.42     0.506E-03   400   P
  75  54   210.4   172.0  80  62   153.4    0.27   19.82   -0.75   33.71    2.38     0.346E-03   274   A
                   194.9  70  35   165.1  -36.05   23.17   -0.72   59.19             0.488E-03   386   F
                                                                                     0.000E+00     0   G

 SPECTRA N,P,A  AVE    5.75   13.25   22.63         SUMS  0.1123E-01  0.5271E-03  0.3686E-03
 SEQIN:PAIR,DELT,CST   4  11.00   1.160 AL=  20.11  20.01  20.01  19.72  23.07 DELTA=  0.00 -0.76 -0.78  0.00  0.00
 AF/AN=   1.100   BS,BK=   1.2848   1.5195 DPBAR=  33.56 A= 168. Z=  68. Y=   0.429
 SHELL CORRECTIONS        -2.6    -2.4    -2.6    -2.5     0.0

 GRIDS  NROW,NSTEP   5   2
 SUMN,SUMLOW    0.1107E-01    0.0000E+00
 GOT POPP FROM UNIT  11      SUMP  0.3963E-01   M,N,EXMAX  54  75   218.0     168Er      CN= 173Hf  
 SUMPOP FLOST,SUM,EXMAX,M,N -0.5551E-16  0.5069E-01  217.99  56  73  0.3963E-01  217.99  54  75  0.1107E-01  215.99  54  75  0 -2
 SUMPOP FLOST,SUM,EXMAX,M,N  0.0000E+00  0.5069E-01  217.99  56  73
 CUTOFF   NSTEP,TOTAL,TRIM,TRIMJ,TRIME,TRIMLEV   2  0.5069E-01  0.3101E-08  0.0000E+00  0.3101E-08  0.0000E+00
          ICUT,AMX,ALEVEL,IAGAIN  18  0.2320E-03  0.1106E-09  21    CUT,PRCNT  0.100E-06  0.100E+01  M1,N1=  51  69
 CUTOFF OLD,NEW M1  51  59
 DIMENSIONS  59  69   213.0  55  74   205.1  55  74   201.0  55  74   201.5
 DENSTY: JSHAP= 49    JBAR= 95        72.0     9.2
 EVA M1,N1=    59    69
 NOP,NOA,NOF,NOG,KE2MX= 0 0 0 016  NOLEP,NOLJI,NOLJF,JFJI= 1 1 1 1

 EVA  M1*N1  4071    ZEROS     2    CUTS   127    CUTPOP  0.5531E-10    SUM CUTS  0.1474E-08
 LOSS BELOW YRAST LINE  0.0000E+00
 EVA-,STEP  2
 SEQOUT NROW,NSTEP   5   2         PARENT 168Er      ELAB   309.0    EXCIT   272.7

 SUMP,SUMLOW    0.2151E-02    0.0000E+00
 WROTE POPP ON UNIT  10               167Ho  
 SUMA,SUMLOW    0.1437E-02    0.0000E+00
 WROTE POPA ON UNIT  12               164Dy  
 TOTAL    0.5069E-01
 FLOST(SUMPOP),TRIM(CUTOFF),RLOST(POPUL),RP 
  -0.5551E-16   0.4576E-08   0.3220E-09   0.9302E-03   0.1180E-03   0.1164E-03   0.0000E+00

 J SPECTRUM OF PARENT 168Er  
    AVERAGE=  33.938    SUM=   0.507E-01
    0.00      7     22     36     51     65     79     95    108    120    132
   10.00   1003    197    203    208    212    214    216    216    214    212
   20.00    209    204    199    192    184    176    168    159    150    140
   30.00    130    120    110    100     91     82     74     67     61     56
   40.00     51     47     43     40     37     35     34     33     33     33
   50.00     35     37     41     47     54     65     78     96    119    148
   60.00    183    225    272    321    371    420    468    318      0

 J SPECTRUM OF FISS   168Er  
    AVERAGE=  59.384    SUM=   0.155E-02
    0.00      0      1      2      2      3      4      5      6      7      8
   10.00     64     13     14     15     15     16     17     18     19     19
   20.00     20     21     21     22     23     23     24     24     25     25
   30.00     25     25     25     25     25     25     25     25     25     25
   40.00     25     26     26     26     27     28     30     32     35     40
   50.00     45     53     63     78     98    126    164    214    280    364
   60.00    472    605    757    918   1084   1248   1409    970      1

 E SPECTRUM OF PARENT 168Er  
    AVERAGE= 181.582    SUM=   0.507E-01
  154.99      0      0      0      0      0      0      0      0     12     16
  164.99    101    121    143    164    187    212    237    264    291    318
  174.99    344    369    392    413    430    444    453    457    456    450
  184.99    438    421    399    373    343    310    275    240    205    171
  194.99    139    110     85     64     46     32     21     14      8      5
  204.99      2      1      0      0      0      0      0      0      0

 DJN SPEC
    AVERAGE=  -0.823    SUM=   0.444E-01
   -1.00   8232   1767      0      0      0      0      0      0      0      0

 DJP SPEC
    AVERAGE=  -0.810    SUM=   0.215E-02
   -1.00   8096   1903      0      0      0      0      0      0      0      0

 DJA SPEC
    AVERAGE=  -2.559    SUM=   0.144E-02
   -9.00      0      0      0      0      0      0   7434    974   1332    257

   N   M   EXMAX  AV.EX. NW  MW  EXMAXW      Q      AL   DELTA     AVJ      DJ        TOTAL  BRANCH
  69  59   213.0   181.6  71  35   154.0    0.00   20.11    0.00   33.94    0.00     0.507E-01 10000    
  74  55   205.1   168.5  80  31   147.1   -7.77   20.01   -0.76   32.45    1.49     0.444E-01  8757   N
  74  55   201.0   161.9  80  31   143.0   -8.00   20.01   -0.78   30.70    3.24     0.215E-02   424   P
  74  55   201.5   161.4  80  62   143.5    0.55   19.72    0.00   31.88    2.05     0.144E-02   284   A
                   183.9  69  36   155.0  -35.68   23.07    0.00   59.38             0.155E-02   305   F
                                                                                     0.000E+00     0   G

 SPECTRA N,P,A  AVE    5.59   13.08   22.43         SUMS  0.4520E-01  0.2268E-02  0.1554E-02
 SEQIN:PAIR,DELT,CST   4  11.00   1.160 AL=  20.01  19.92  19.92  19.62  22.96 DELTA= -0.76  0.00 -1.27 -0.79 -0.76
 AF/AN=   1.100   BS,BK=   1.2848   1.5194 DPBAR=  33.26 A= 167. Z=  68. Y=   0.429
 SHELL CORRECTIONS        -2.4    -2.2    -2.3    -2.2     0.0

 GRIDS  NROW,NSTEP   5   3
 SUMN,SUMLOW    0.4439E-01    0.0000E+00
 GOT POPP FROM UNIT  11      SUMP  0.3113E+00   M,N,EXMAX  55  74   231.6     167Er      CN= 173Hf  
 SUMPOP FLOST,SUM,EXMAX,M,N  0.1411E-01  0.3416E+00  223.61  60  68  0.3113E+00  231.61  55  74  0.4439E-01  205.12  55  74  7-18
 GOT POPA FROM UNIT  13      SUMA  0.1808E+01   M,N,EXMAX  54  75   226.0     165Tm  
 SUMPOP FLOST,SUM,EXMAX,M,N  0.2876E-11  0.2149E+01  224.03  60  68  0.3416E+00  223.61  60  68  0.1808E+01  226.03  54  75  0  1
 CUTOFF   NSTEP,TOTAL,TRIM,TRIMJ,TRIME,TRIMLEV   3  0.2149E+01  0.1017E-06  0.0000E+00  0.0000E+00  0.1017E-06
          ICUT,AMX,ALEVEL,IAGAIN   2  0.7721E-02  0.5891E-07  17    CUT,PRCNT  0.100E-06  0.100E+01  M1,N1=  60  68
 DIMENSIONS  60  68   224.0  56  73   217.5  56  73   212.5  56  73   212.7
 DENSTY: JSHAP= 49    JBAR= 94        71.5     9.0
 EVA M1,N1=    60    68
 NOP,NOA,NOF,NOG,KE2MX= 0 0 0 016  NOLEP,NOLJI,NOLJF,JFJI= 1 1 1 1

 EVA  M1*N1  4080    ZEROS     0    CUTS     0    CUTPOP  0.1075E-07    SUM CUTS  0.0000E+00
 LOSS BELOW YRAST LINE  0.0000E+00
 EVA-,STEP  3
 SEQOUT NROW,NSTEP   5   3         PARENT 167Er      ELAB   309.0    EXCIT   272.7

 SUMP,SUMLOW    0.1043E+00    0.0000E+00
 WROTE POPP ON UNIT  10               166Ho  
 SUMA,SUMLOW    0.6654E-01    0.0000E+00
 WROTE POPA ON UNIT  12               163Dy  
 TOTAL    0.2149E+01
 FLOST(SUMPOP),TRIM(CUTOFF),RLOST(POPUL),RP 
   0.1411E-01   0.1017E-06   0.5341E-05   0.9725E-01   0.1228E-01   0.1046E-01   0.0000E+00

 J SPECTRUM OF PARENT 167Er  
    AVERAGE=  36.499    SUM=   0.215E+01
    0.00      7     22     36     51     65    160     96    108    120    839
   10.00    219    192    197    358    193    194    193    190    187    182
   20.00    176    169    160    151    142    133    123    113    103     93
   30.00     84     75     67     59     52     46     41     37     33     30
   40.00     27     25     23     21     20     19     19     19     20     21
   50.00     23     27     32     39     50     65     88    120    164    225
   60.00    306    406    524    655    794    612     79     48

 J SPECTRUM OF FISS   167Er  
    AVERAGE=  59.128    SUM=   0.123E+00
    0.00      0      1      2      2      3      9      5      6      7     51
   10.00     15     14     15     25     15     15     16     17     17     18
   20.00     18     18     19     19     19     19     19     19     19     19
   30.00     19     18     18     18     17     17     17     17     16     17
   40.00     17     17     17     17     18     19     20     22     25     29
   50.00     33     40     50     65     87    119    165    232    328    462
   60.00    643    872   1140   1435   1748   1366    226    139

 E SPECTRUM OF PARENT 167Er  
    AVERAGE= 191.127    SUM=   0.215E+01
  165.03      8      8      8      8      9      9      8    108    123    138
  175.03    155    173    199    218    238    258    277    296    314    330
  185.03    346    359    369    377    381    381    378    371    360    346
  195.03    328    307    285    260    236    211    188    166    146    129
  205.03    115    104     95     89     84     81     78     75     71     67
  215.03     61     55     48     40     32     25     18     12      8      4

 DJN SPEC
    AVERAGE=  -0.819    SUM=   0.174E+01
   -1.00   8191   1808      0      0      0      0      0      0      0      0

 DJP SPEC
    AVERAGE=  -0.808    SUM=   0.104E+00
   -1.00   8082   1917      0      0      0      0      0      0      0      0

 DJA SPEC
    AVERAGE=  -2.542    SUM=   0.665E-01
   -9.00      0      0      0      0      0      0   7344   1071   1244    338

   N   M   EXMAX  AV.EX. NW  MW  EXMAXW      Q      AL   DELTA     AVJ      DJ        TOTAL  BRANCH
  68  60   224.0   191.1  70  35   164.0    0.00   20.01   -0.76   36.50    0.00     0.215E+01 10000    
  73  56   217.5   179.8  79  31   158.5   -6.44   19.92    0.00   34.59    1.91     0.174E+01  8076   N
  73  56   212.5   173.0  79  31   153.5   -7.51   19.92   -1.27   33.05    3.45     0.104E+00   485   P
  73  56   212.7   172.3  80  62   153.7    0.67   19.62   -0.79   34.63    1.87     0.665E-01   310   A
                   194.6  68  36   165.0  -35.17   22.96   -0.76   59.13             0.123E+00   571   F
                                                                                     0.000E+00     0   G

 SPECTRA N,P,A  AVE    5.74   13.25   22.62         SUMS  0.1828E+01  0.1166E+00  0.7700E-01
 SEQIN:PAIR,DELT,CST   4  11.00   1.160 AL=  19.92  19.82  19.82  19.52  22.85 DELTA=  0.00 -1.01 -0.82  0.00  0.00
 AF/AN=   1.100   BS,BK=   1.2848   1.5194 DPBAR=  32.95 A= 166. Z=  68. Y=   0.429
 SHELL CORRECTIONS        -2.2    -1.9    -2.3    -1.9     0.0

 GRIDS  NROW,NSTEP   5   4
 SUMN,SUMLOW    0.1736E+01    0.0000E+00
 GOT POPP FROM UNIT  11      SUMP  0.6438E+00   M,N,EXMAX  55  74   229.1     166Er      CN= 173Hf  
 SUMPOP FLOST,SUM,EXMAX,M,N  0.2586E-01  0.2354E+01  222.07  60  68  0.6438E+00  229.07  55  74  0.1736E+01  217.49  56  73  6 -5
 GOT POPA FROM UNIT  13      SUMA  0.1445E+01   M,N,EXMAX  55  74   214.8     164Tm  
 SUMPOP FLOST,SUM,EXMAX,M,N  0.1915E-05  0.3799E+01  220.07  60  68  0.2354E+01  222.07  60  68  0.1445E+01  214.83  55  74  1 -5
 CUTOFF   NSTEP,TOTAL,TRIM,TRIMJ,TRIME,TRIMLEV   4  0.3799E+01  0.5536E-07  0.0000E+00  0.0000E+00  0.5536E-07
          ICUT,AMX,ALEVEL,IAGAIN  12  0.1500E-01  0.1430E-07  20    CUT,PRCNT  0.100E-06  0.100E+01  M1,N1=  60  68
 DIMENSIONS  60  68   220.1  56  73   211.5  56  73   208.8  56  73   208.9
 DENSTY: JSHAP= 48    JBAR= 93        70.5     9.0
 EVA M1,N1=    60    68
 NOP,NOA,NOF,NOG,KE2MX= 0 0 0 016  NOLEP,NOLJI,NOLJF,JFJI= 1 1 1 1

 EVA  M1*N1  4080    ZEROS     3    CUTS    15    CUTPOP  0.7152E-08    SUM CUTS  0.1884E-07
 LOSS BELOW YRAST LINE  0.0000E+00
 EVA-,STEP  4
 SEQOUT NROW,NSTEP   5   4         PARENT 166Er      ELAB   309.0    EXCIT   272.7

 SUMP,SUMLOW    0.1574E+00    0.0000E+00
 WROTE POPP ON UNIT  10               165Ho  
 SUMA,SUMLOW    0.9548E-01    0.0000E+00
 WROTE POPA ON UNIT  12               162Dy  
 TOTAL    0.3799E+01
 FLOST(SUMPOP),TRIM(CUTOFF),RLOST(POPUL),RP 
   0.2586E-01   0.7420E-07   0.1986E-03   0.6977E+00   0.6817E-01   0.5045E-01   0.0000E+00

 J SPECTRUM OF PARENT 166Er  
    AVERAGE=  34.413    SUM=   0.380E+01
    0.00      7     23     39     54     69    172    103    116    129    951
   10.00    354    212    289    289    204    203    201    197    192    185
   20.00    177    169    159    150    139    129    119    108     98     88
   30.00     79     70     62     55     49     43     39     34     31     28
   40.00     25     23     22     20     19     19     19     19     20     22
   50.00     24     29     35     44     57     76    103    141    195    267
   60.00    359    470    597    736    592    130     86      0

 J SPECTRUM OF FISS   166Er  
    AVERAGE=  58.503    SUM=   0.161E+00
    0.00      0      1      2      2      3      9      5      6      7     51
   10.00     25     15     19     19     15     15     16     17     17     17
   20.00     18     18     18     18     19     19     19     19     18     18
   30.00     18     18     17     17     17     17     16     16     16     17
   40.00     17     17     17     18     19     20     21     24     27     31
   50.00     37     46     59     77    105    146    205    290    413    583
   60.00    806   1082   1397   1745   1456    417    278      0

 E SPECTRUM OF PARENT 166Er  
    AVERAGE= 180.266    SUM=   0.380E+01
  161.07     73    162    184    202    219    237    255    271    287    301
  171.07    313    324    339    346    350    351    350    346    340    330
  181.07    319    305    290    274    257    239    222    206    191    178
  191.07    165    155    146    138    132    126    121    116    110    104
  201.07     97     89     80     71     61     51     42     33     25     18
  211.07     13      8      5      3      1      0      0      0      0      0

 DJN SPEC
    AVERAGE=  -0.799    SUM=   0.257E+01
   -1.00   7986   2013      0      0      0      0      0      0      0      0

 DJP SPEC
    AVERAGE=  -0.791    SUM=   0.157E+00
   -1.00   7912   2087      0      0      0      0      0      0      0      0

 DJA SPEC
    AVERAGE=  -2.517    SUM=   0.955E-01
   -9.00      0      0      0      0      0      0   7221   1061   1378    338

   N   M   EXMAX  AV.EX. NW  MW  EXMAXW      Q      AL   DELTA     AVJ      DJ        TOTAL  BRANCH
  68  60   220.1   180.3  70  35   160.1    0.00   19.92    0.00   34.41    0.00     0.380E+01 10000    
  73  56   211.5   169.9  79  31   152.5   -8.48   19.82   -1.01   33.39    1.02     0.257E+01  6760   N
  73  56   208.8   166.2  79  31   149.8   -7.32   19.82   -0.82   32.07    2.34     0.157E+00   414   P
  73  56   208.9   165.8  80  62   149.9    0.83   19.52    0.00   33.67    0.74     0.955E-01   251   A
                   184.3  68  36   161.1  -34.66   22.85    0.00   58.50             0.161E+00   425   F
                                                                                     0.000E+00     0   G

 SPECTRA N,P,A  AVE    5.58   13.09   22.44         SUMS  0.3257E+01  0.2255E+00  0.1459E+00
 SEQIN:PAIR,DELT,CST   4  11.00   1.160 AL=  19.82  19.72  19.72  19.42  22.74 DELTA= -1.01  0.00 -1.49 -0.97 -1.01
 AF/AN=   1.100   BS,BK=   1.2848   1.5193 DPBAR=  32.62 A= 165. Z=  68. Y=   0.429
 SHELL CORRECTIONS        -1.9    -1.6    -1.9    -1.7     0.0

 GRIDS  NROW,NSTEP   5   5
 SUMN,SUMLOW    0.2568E+01    0.0000E+00
 GOT POPP FROM UNIT  11      SUMP  0.9348E+00   M,N,EXMAX  56  73   219.5     165Er      CN= 173Hf  
 SUMPOP FLOST,SUM,EXMAX,M,N  0.8506E-10  0.3503E+01  216.50  61  67  0.9348E+00  219.50  56  73  0.2568E+01  211.49  56  73  2 -5
 GOT POPA FROM UNIT  13      SUMA  0.1497E+00   M,N,EXMAX  53  77   240.6     167Er  
 SUMPOP FLOST,SUM,EXMAX,M,N  0.3012E-01  0.3623E+01  216.61  61  67  0.3503E+01  216.50  61  67  0.1497E+00  240.61  53  77  0 23
 CUTOFF   NSTEP,TOTAL,TRIM,TRIMJ,TRIME,TRIMLEV   5  0.3623E+01  0.1994E-06  0.0000E+00  0.0000E+00  0.1994E-06
          ICUT,AMX,ALEVEL,IAGAIN   3  0.1282E-01  0.9785E-07  17    CUT,PRCNT  0.100E-06  0.100E+01  M1,N1=  61  67
 DIMENSIONS  61  67   216.6  56  72   209.9  56  72   205.8  56  72   205.7
 DENSTY: JSHAP= 48    JBAR= 93        70.5     9.0
 EVA M1,N1=    61    67
 NOP,NOA,NOF,NOG,KE2MX= 0 0 0 016  NOLEP,NOLJI,NOLJF,JFJI= 1 1 1 1

 EVA  M1*N1  4087    ZEROS     0    CUTS     0    CUTPOP  0.1811E-07    SUM CUTS  0.0000E+00
 LOSS BELOW YRAST LINE  0.0000E+00
 EVA-,STEP  5
 SEQOUT NROW,NSTEP   5   5         PARENT 165Er      ELAB   309.0    EXCIT   272.7

 SUMP,SUMLOW    0.1457E+00    0.0000E+00
 WROTE POPP ON UNIT  10               164Ho  
 SUMA,SUMLOW    0.8543E-01    0.0000E+00
 WROTE POPA ON UNIT  12               161Dy  
 TOTAL    0.3623E+01
 FLOST(SUMPOP),TRIM(CUTOFF),RLOST(POPUL),RP 
   0.3012E-01   0.1994E-06   0.3444E-03   0.9832E+00   0.9778E-01   0.6759E-01   0.0000E+00

 J SPECTRUM OF PARENT 165Er  
    AVERAGE=  33.949    SUM=   0.362E+01
    0.00      7     22     37     52     66    164     98    111    123    784
   10.00    597    267    264    205    201    200    198    194    189    183
   20.00    176    169    160    151    142    132    122    113    103     94
   30.00     85     77     69     62     55     50     45     41     37     34
   40.00     31     29     27     26     25     24     24     25     27     29
   50.00     33     38     46     58     75     98    131    176    237    314
   60.00    407    514    631    562    278    199     21

 J SPECTRUM OF FISS   165Er  
    AVERAGE=  58.028    SUM=   0.161E+00
    0.00      0      1      1      2      3      8      5      5      6     37
   10.00     36     16     16     14     14     14     15     16     16     17
   20.00     17     17     18     18     18     19     19     19     19     19
   30.00     19     19     19     19     19     19     19     19     19     19
   40.00     20     20     21     21     23     24     26     30     34     40
   50.00     48     59     76    100    136    187    259    361    503    689
   60.00    925   1204   1514   1434    868    637     93

 E SPECTRUM OF PARENT 165Er  
    AVERAGE= 174.363    SUM=   0.362E+01
  156.61    274    284    292    299    304    307    307    328    327    324
  166.61    320    315    309    302    295    287    279    271    264    258
  176.61    252    246    241    236    232    227    221    215    207    199
  186.61    189    178    165    151    137    122    106     91     77     64
  196.61     52     42     33     27     22     19     17     16     16     16
  206.61     17     18     19     20     20     21     21     20     19     18
  216.61     16

 DJN SPEC
    AVERAGE=  -0.803    SUM=   0.208E+01
   -1.00   8034   1965      0      0      0      0      0      0      0      0

 DJP SPEC
    AVERAGE=  -0.799    SUM=   0.146E+00
   -1.00   7992   2007      0      0      0      0      0      0      0      0

 DJA SPEC
    AVERAGE=  -2.542    SUM=   0.854E-01
   -9.00      0      0      0      0      0      0   7373    976   1341    307

   N   M   EXMAX  AV.EX. NW  MW  EXMAXW      Q      AL   DELTA     AVJ      DJ        TOTAL  BRANCH
  67  61   216.6   174.4  69  36   155.6    0.00   19.82   -1.01   33.95    0.00     0.362E+01 10000    
  72  56   209.9   168.1  78  32   149.9   -6.65   19.72    0.00   33.00    0.95     0.208E+01  5746   N
  72  56   205.8   163.4  78  32   145.8   -6.83   19.72   -1.49   31.76    2.19     0.146E+00   402   P
  72  56   205.7   162.8  80  62   145.7    1.11   19.42   -0.97   33.11    0.84     0.854E-01   236   A
                   179.3  67  37   156.6  -34.04   22.74   -1.01   58.03             0.161E+00   444   F
                                                                                     0.000E+00     0   G

 SPECTRA N,P,A  AVE    5.52   13.03   22.37         SUMS  0.3056E+01  0.2434E+00  0.1530E+00
1    ROW  5      ELEMENT Er      X-SECTION   0.000E+00
(14)N+(159)Tb -> (173)Hf                                                
 ELAB(MEV)  309.000     Q-VALUE  -11.257    EXCIT  272.737
 SIGFUS,SIGEVA,SIGFIS,SIGMXZ  0.9476E+03  0.0000E+00  0.8573E+03  0.0000E+00
 ZT= 65    AT 159    ZP  7    AP  14


             169Er     168Er     167Er     166Er     165Er  
 SIG        0.000E+00 0.000E+00 0.000E+00 0.000E+00 0.000E+00
 B-G               0         0         0         0         0
  R-N           8754      8757      8076      6760      5746
 BR-P            400       424       485       414       402
 BR-A            274       284       310       251       236
 BR-F            386       305       571       425       444
 SIGF       0.488E-03 0.155E-02 0.123E+00 0.161E+00 0.161E+00
 TOTAL      0.126E-01 0.507E-01 0.215E+01 0.380E+01 0.362E+01
 EXCP          192.9     181.6     191.1     180.3     174.4
 SPINP          36.1      33.9      36.5      34.4      33.9
 EXCF          194.9     183.9     194.6     184.3     179.3
 SPINF          59.2      59.4      59.1      58.5      58.0
 DJN           -0.86     -0.82     -0.82     -0.80     -0.80
 DJP           -0.84     -0.81     -0.81     -0.79     -0.80
 DJA           -2.63     -2.56     -2.54     -2.52     -2.54
 AV.E N         5.75      5.59      5.74      5.58      5.52
 AV.E P        13.25     13.08     13.25     13.09     13.03
 AV.E A        22.63     22.43     22.62     22.44     22.37
 SUM GAM         0.0       0.0       0.0       0.0       0.0
 SPIN GAM        0.0       0.0       0.0       0.0       0.0

 TRIM       0.565E-09 0.458E-08 0.102E-06 0.742E-07 0.199E-06
 FLOST      0.000E+00-0.555E-16 0.141E-01 0.259E-01 0.301E-01
 RP         0.000E+00 0.000E+00 0.000E+00 0.000E+00 0.000E+00
 RLOSTG     0.520E-10 0.322E-09 0.534E-05 0.199E-03 0.344E-03
 RLOSTN     0.190E-03 0.930E-03 0.972E-01 0.698E+00 0.983E+00
 RLOSTP     0.218E-04 0.118E-03 0.123E-01 0.682E-01 0.978E-01
 RLOSTA     0.222E-04 0.116E-03 0.105E-01 0.505E-01 0.676E-01
 TIME              0         0         0         0         0

 STORAGE
  1.  1.  3.  3.  3.
  0.  0.  2.  2.  2.
1     ENERGY   309.000     0.000

 HIVAP  ENGOUT

(14)N+(159)Tb -> (173)Hf                                                
    ELAB=   309.0      EXCIT=   272.7      CN= 173Hf  
    FUSION X-SECT=  0.9476E+03      LCRIT=  72.0
    EVAP SO FAR  0.0000E+00      FISSION  0.8573E+03

 MASS DISTRIBUTION
        3           2           1           0           9                 8           7           6           5           4
 173  0.0000E+00  0.0000E+00  0.0000E+00  0.0000E+00  0.0000E+00        0.0000E+00  0.0000E+00  0.0000E+00  0.0000E+00  0.0000E+00

 Z-DISTIBUTION
    Er         Tm         Yb         Lu         Hf  
  0.000E+00  0.000E+00  0.000E+00  0.000E+00  0.000E+00

  CROSS SECTIONS (MB)
  169Hf      170Hf      171Hf      172Hf      173Hf  
  0.000E+00  0.000E+00  0.000E+00  0.000E+00  0.000E+00
  168Lu      169Lu      170Lu      171Lu      172Lu  
  0.000E+00  0.000E+00  0.000E+00  0.000E+00  0.000E+00
  167Yb      168Yb      169Yb      170Yb      171Yb  
  0.000E+00  0.000E+00  0.000E+00  0.000E+00  0.000E+00
  166Tm      167Tm      168Tm      169Tm      170Tm  
  0.000E+00  0.000E+00  0.000E+00  0.000E+00  0.000E+00
  165Er      166Er      167Er      168Er      169Er  
  0.000E+00  0.000E+00  0.000E+00  0.000E+00  0.000E+00

 HALFLIFE FIRST STEP IN UNITS OF 10**(-22) SEC AS FUNTION OF J
   0.230E+01   0.176E+01   0.175E+01   0.175E+01   0.175E+01   0.174E+01   0.174E+01   0.173E+01   0.172E+01   0.171E+01
   0.170E+01   0.174E+01   0.171E+01   0.168E+01   0.165E+01   0.163E+01   0.160E+01   0.157E+01   0.153E+01   0.150E+01
   0.147E+01   0.143E+01   0.140E+01   0.136E+01   0.132E+01   0.129E+01   0.125E+01   0.121E+01   0.116E+01   0.112E+01
   0.108E+01   0.104E+01   0.100E+01   0.961E+00   0.920E+00   0.880E+00   0.840E+00   0.801E+00   0.764E+00   0.727E+00
   0.692E+00   0.662E+00   0.636E+00   0.613E+00   0.592E+00   0.573E+00   0.557E+00   0.543E+00   0.533E+00   0.526E+00
   0.523E+00   0.525E+00   0.532E+00   0.544E+00   0.561E+00   0.586E+00   0.619E+00   0.661E+00   0.715E+00   0.781E+00
   0.860E+00   0.951E+00   0.106E+01   0.117E+01   0.129E+01   0.143E+01   0.157E+01   0.171E+01   0.184E+01   0.195E+01
   0.206E+01   0.216E+01   0.225E+01   0.232E+01   0.000E+00   0.000E+00   0.000E+00   0.000E+00   0.000E+00   0.000E+00
1     ENERGY   309.000     0.000
  173.   72.   0.0010    21     1    25    25    35    12    12    20
 DEL     1.0     0.1     4.0    12.0     0.0
 TRANSM  APAR,ZPAR,SIGLOW,UNIT,DEL 173.0  72.0  0.10E-02  21     0.1     4.0    13.0
 SEQIN:PAIR,DELT,CST   4  11.00   1.160 AL=  20.60  20.51  20.51  20.21  23.51 DELTA= -0.80  0.00 -1.60 -0.89 -0.80
 AF/AN=   1.100   BS,BK=   1.2809   1.4870 DPBAR=  26.45 A= 173. Z=  72. Y=   0.378
 SHELL CORRECTIONS        -2.1    -1.9    -2.2    -2.1     0.0
1 NEW ROW

 GRIDS  NROW,NSTEP   1   1
 SUMN,SUMLOW    0.9476E+03    0.0000E+00
 SUMPOP FLOST,SUM,EXMAX,M,N  0.0000E+00  0.9476E+03  272.74   1  74
 SUMPOP FLOST,SUM,EXMAX,M,N  0.0000E+00  0.9476E+03  272.74   1  74
 CUTOFF   NSTEP,TOTAL,TRIM,TRIMJ,TRIME,TRIMLEV   1  0.9476E+03  0.0000E+00  0.0000E+00  0.0000E+00  0.0000E+00
          ICUT,AMX,ALEVEL,IAGAIN   0  0.2569E+02  0.1568E-02  14    CUT,PRCNT  0.100E-07  0.100E+01  M1,N1=   1  74
 CUTOFF OLD,NEW M1   1  55
 DIMENSIONS  55  74   272.7  51  79   265.6  51  79   262.8  51  79   262.3
 DENSTY: JSHAP= 49    JBAR= 84        66.5     7.0
 EVA M1,N1=    55    74
 NOP,NOA,NOF,NOG,KE2MX= 0 0 0 016  NOLEP,NOLJI,NOLJF,JFJI= 1 1 1 1

 EVA  M1*N1  4070    ZEROS  2963    CUTS   560    CUTPOP  0.4738E-05    SUM CUTS  0.1490E-03
 LOSS BELOW YRAST LINE  0.0000E+00
 EVA-,STEP  1
 SEQOUT NROW,NSTEP   1   1         PARENT 173Hf      ELAB   309.0    EXCIT   272.7

 SUMP,SUMLOW    0.5137E+02    0.0000E+00
 WROTE POPP ON UNIT  10               172Lu  
 SUMA,SUMLOW    0.2879E+02    0.0000E+00
 WROTE POPA ON UNIT  12               169Yb  
 TOTAL    0.9476E+03
 FLOST(SUMPOP),TRIM(CUTOFF),RLOST(POPUL),RP 
   0.0000E+00   0.1490E-03   0.0000E+00   0.0000E+00   0.0000E+00   0.0000E+00   0.0000E+00

 J SPECTRUM OF PARENT 173Hf  
    AVERAGE=  47.914    SUM=   0.948E+03
    0.00      1      5      9     13     17     20     24     28     32     36
   10.00     39     43     47     51     54     58     62     66     70     73
   20.00     77     81     85     89     92     96    100    104    108    111
   30.00    115    119    123    127    130    134    138    142    146    149
   40.00    153    157    161    164    168    172    176    180    183    187
   50.00    191    195    199    202    206    210    214    218    221    225
   60.00    229    233    237    240    244    248    252    255    259    263
   70.00    267    271    170      0

 J SPECTRUM OF FISS   173Hf  
    AVERAGE=  47.414    SUM=   0.545E+03
    0.00      0      2      4      7      9     11     13     15     18     20
   10.00     23     26     29     32     35     38     41     44     48     52
   20.00     56     60     65     70     75     81     86     92     99    105
   30.00    112    119    126    134    142    150    158    166    174    183
   40.00    191    199    207    215    222    230    237    244    250    257
   50.00    262    268    272    276    279    280    281    280    277    272
   60.00    265    255    243    229    213    195    176    157    139    122
   70.00    108     94     50      0

 E SPECTRUM OF PARENT 173Hf  
    AVERAGE= 272.737    SUM=   0.948E+03
  268.74      0      0      0      0  10000

 DJN SPEC
    AVERAGE=  -0.963    SUM=   0.322E+03
   -1.00   9630    369      0      0      0      0      0      0      0      0

 DJP SPEC
    AVERAGE=  -0.961    SUM=   0.514E+02
   -1.00   9609    390      0      0      0      0      0      0      0      0

 DJA SPEC
    AVERAGE=  -2.894    SUM=   0.288E+02
   -9.00      0      0      0      0      0      0   9351    334    212    101

   N   M   EXMAX  AV.EX. NW  MW  EXMAXW      Q      AL   DELTA     AVJ      DJ        TOTAL  BRANCH
  74  55   272.7   272.7  76  32   217.7    0.00   20.60   -0.80   47.91    0.00     0.948E+03 10000    
  79  51   265.6   259.0  80  31   211.6   -7.08   20.51    0.00   47.66    0.25     0.322E+03  3403   N
  79  51   262.8   252.1  80  31   208.8   -5.97   20.51   -1.60   46.90    1.01     0.514E+02   542   P
  79  51   262.3   250.5  80  62   208.3    2.54   20.21   -0.89   46.64    1.27     0.288E+02   304   A
                   272.7  74  33   218.7  -28.06   23.51   -0.80   47.41             0.545E+03  5751   F
                                                                                     0.000E+00     0   G

 SPECTRA N,P,A  AVE    6.67   14.68   24.79         SUMS  0.3220E+03  0.5134E+02  0.2878E+02
 SEQIN:PAIR,DELT,CST   4  11.00   1.160 AL=  20.51  20.41  20.41  20.11  23.40 DELTA=  0.00 -0.99 -1.02  0.00  0.00
 AF/AN=   1.100   BS,BK=   1.2807   1.4859 DPBAR=  26.08 A= 172. Z=  72. Y=   0.377
 SHELL CORRECTIONS        -1.9    -1.8    -2.1    -1.9     0.0

 GRIDS  NROW,NSTEP   1   2
 SUMN,SUMLOW    0.3225E+03    0.0000E+00
 SUMPOP FLOST,SUM,EXMAX,M,N  0.0000E+00  0.3225E+03  265.56  51  79
 SUMPOP FLOST,SUM,EXMAX,M,N  0.0000E+00  0.3225E+03  265.56  51  79
 CUTOFF   NSTEP,TOTAL,TRIM,TRIMJ,TRIME,TRIMLEV   2  0.3225E+03  0.0000E+00  0.0000E+00  0.0000E+00  0.0000E+00
          ICUT,AMX,ALEVEL,IAGAIN   0  0.1867E+01  0.8903E-06  21    CUT,PRCNT  0.100E-06  0.100E+01  M1,N1=  51  73
 CUTOFF OLD,NEW M1  51  56
 DIMENSIONS  56  73   265.6  52  78   256.4  52  78   255.7  52  78   255.3
 DENSTY: JSHAP= 49    JBAR= 84        66.5     7.0
 EVA M1,N1=    56    73
 NOP,NOA,NOF,NOG,KE2MX= 0 0 0 016  NOLEP,NOLJI,NOLJF,JFJI= 1 1 1 1

 EVA  M1*N1  4088    ZEROS  1288    CUTS   518    CUTPOP  0.4451E-06    SUM CUTS  0.9503E-05
 LOSS BELOW YRAST LINE  0.0000E+00
 EVA-,STEP  2
 SEQOUT NROW,NSTEP   1   2         PARENT 172Hf      ELAB   309.0    EXCIT   272.7

 SUMP,SUMLOW    0.2301E+02    0.0000E+00
 WROTE POPP ON UNIT  10               171Lu  
 SUMA,SUMLOW    0.1260E+02    0.0000E+00
 WROTE POPA ON UNIT  12               168Yb  
 TOTAL    0.3225E+03
 FLOST(SUMPOP),TRIM(CUTOFF),RLOST(POPUL),RP 
   0.0000E+00   0.9503E-05   0.0000E+00   0.1419E-05   0.7762E-06   0.6315E-03   0.0000E+00

 J SPECTRUM OF PARENT 172Hf  
    AVERAGE=  47.659    SUM=   0.322E+03
    0.00      3      9     15     21     27     33     40     45     51     57
   10.00    129     72     77     82     86     91     95     99    103    106
   20.00    109    111    114    116    117    118    119    119    119    119
   30.00    118    117    116    115    113    111    108    106    104    101
   40.00     99     97     96     94     93     93     92     92     93     94
   50.00     96     99    103    108    114    123    133    146    161    180
   60.00    202    227    256    286    320    355    390    424    456    485
   70.00    513    333      0

 J SPECTRUM OF FISS   172Hf  
    AVERAGE=  48.104    SUM=   0.155E+03
    0.00      1      4      7     11     14     17     21     24     28     32
   10.00     73     43     47     51     55     59     63     67     71     76
   20.00     80     85     89     94     98    103    107    111    115    119
   30.00    123    126    129    131    133    135    137    138    138    138
   40.00    139    139    140    140    141    141    142    144    146    149
   50.00    152    157    163    171    180    191    204    219    236    255
   60.00    275    294    311    325    334    336    331    319    303    283
   70.00    263    147      0

 E SPECTRUM OF PARENT 172Hf  
    AVERAGE= 258.981    SUM=   0.322E+03
  240.56      0     17     21     28     35     45     58     74     95    120
  250.56    152    192    240    298    368    450    547    656    773    896
  260.56   1008   1082   1098    986    665     84

 DJN SPEC
    AVERAGE=  -0.938    SUM=   0.132E+03
   -1.00   9379    620      0      0      0      0      0      0      0      0

 DJP SPEC
    AVERAGE=  -0.934    SUM=   0.230E+02
   -1.00   9343    656      0      0      0      0      0      0      0      0

 DJA SPEC
    AVERAGE=  -2.831    SUM=   0.126E+02
   -9.00      0      0      0      0      0      0   8984    483    384    147

   N   M   EXMAX  AV.EX. NW  MW  EXMAXW      Q      AL   DELTA     AVJ      DJ        TOTAL  BRANCH
  73  56   265.6   259.0  75  33   209.6    0.00   20.51    0.00   47.66    0.00     0.322E+03 10000    
  78  52   256.4   243.3  80  31   201.4   -9.04   20.41   -0.99   46.34    1.32     0.132E+03  4097   N
  78  52   255.7   238.5  80  31   200.7   -5.86   20.41   -1.02   45.44    2.22     0.230E+02   714   P
  78  52   255.3   237.0  80  62   200.3    2.76   20.11    0.00   45.70    1.96     0.126E+02   391   A
                   259.1  73  34   210.6  -27.55   23.40    0.00   48.10             0.155E+03  4799   F
                                                                                     0.000E+00     0   G

 SPECTRA N,P,A  AVE    6.51   14.53   24.60         SUMS  0.1319E+03  0.2300E+02  0.1260E+02
 SEQIN:PAIR,DELT,CST   4  11.00   1.160 AL=  20.41  20.31  20.31  20.01  23.29 DELTA= -0.99  0.00 -1.61 -1.09 -0.99
 AF/AN=   1.100   BS,BK=   1.2805   1.4847 DPBAR=  25.70 A= 171. Z=  72. Y=   0.376
 SHELL CORRECTIONS        -1.8    -1.7    -1.7    -1.6     0.0

 GRIDS  NROW,NSTEP   1   3
 SUMN,SUMLOW    0.1321E+03    0.0000E+00
 SUMPOP FLOST,SUM,EXMAX,M,N  0.0000E+00  0.1321E+03  256.41  52  78
 SUMPOP FLOST,SUM,EXMAX,M,N  0.0000E+00  0.1321E+03  256.41  52  78
 CUTOFF   NSTEP,TOTAL,TRIM,TRIMJ,TRIME,TRIMLEV   3  0.1321E+03  0.1008E-04  0.0000E+00  0.0000E+00  0.1008E-04
          ICUT,AMX,ALEVEL,IAGAIN 209  0.6899E+00  0.6579E-06  20    CUT,PRCNT  0.100E-06  0.100E+01  M1,N1=  52  72
 CUTOFF OLD,NEW M1  52  56
 DIMENSIONS  56  72   256.4  53  77   249.1  53  77   247.0  53  77   246.1
 DENSTY: JSHAP= 49    JBAR= 83        66.0     6.8
 EVA M1,N1=    56    72
 NOP,NOA,NOF,NOG,KE2MX= 0 0 0 016  NOLEP,NOLJI,NOLJF,JFJI= 1 1 1 1

 EVA  M1*N1  4032    ZEROS     2    CUTS   510    CUTPOP  0.3290E-06    SUM CUTS  0.7393E-05
 LOSS BELOW YRAST LINE  0.0000E+00
 EVA-,STEP  3
 SEQOUT NROW,NSTEP   1   3         PARENT 171Hf      ELAB   309.0    EXCIT   272.7

 SUMP,SUMLOW    0.1186E+02    0.0000E+00
 WROTE POPP ON UNIT  10               170Lu  
 SUMA,SUMLOW    0.6297E+01    0.0000E+00
 WROTE POPA ON UNIT  12               167Yb  
 TOTAL    0.1321E+03
 FLOST(SUMPOP),TRIM(CUTOFF),RLOST(POPUL),RP 
   0.0000E+00   0.1748E-04   0.0000E+00   0.1558E-01   0.8987E-02   0.1063E-01   0.0000E+00

 J SPECTRUM OF PARENT 171Hf  
    AVERAGE=  46.342    SUM=   0.132E+03
    0.00      4     13     22     31     40     48     57     65     73     80
   10.00    280    105    111    116    121    125    129    131    134    135
   20.00    136    136    135    134    132    129    126    122    118    113
   30.00    109    104     98     93     87     82     77     71     66     62
   40.00     58     55     52     49     47     46     44     43     43     43
   50.00     45     47     50     54     60     67     78     92    111    135
   60.00    166    205    251    307    373    446    522    599    673    746
   70.00    507      0

 J SPECTRUM OF FISS   171Hf  
    AVERAGE=  48.486    SUM=   0.522E+02
    0.00      2      6     11     15     20     24     29     34     39     43
   10.00    155     61     66     70     75     80     84     88     93     97
   20.00    101    104    108    111    113    116    117    119    119    120
   30.00    120    119    117    115    113    110    106    102     98     95
   40.00     92     89     86     84     82     80     79     79     79     80
   50.00     83     87     92    100    110    123    139    161    189    222
   60.00    260    304    349    397    442    476    498    506    502    491
   70.00    292      0

 E SPECTRUM OF PARENT 171Hf  
    AVERAGE= 243.264    SUM=   0.132E+03
  211.41      0      0      0      0      1      1      2      3      4      6
  221.41      8     12     16     21     28     37     48     62     78     98
  231.41    119    143    169    200    235    274    316    363    412    463
  241.41    514    563    607    643    668    676    664    628    566    480
  251.41    374    258    147     59     11      0

 DJN SPEC
    AVERAGE=  -0.906    SUM=   0.617E+02
   -1.00   9058    941      0      0      0      0      0      0      0      0

 DJP SPEC
    AVERAGE=  -0.901    SUM=   0.119E+02
   -1.00   9006    993      0      0      0      0      0      0      0      0

 DJA SPEC
    AVERAGE=  -2.754    SUM=   0.630E+01
   -9.00      0      0      0      0      0      0   8546    640    616    196

   N   M   EXMAX  AV.EX. NW  MW  EXMAXW      Q      AL   DELTA     AVJ      DJ        TOTAL  BRANCH
  72  56   256.4   243.3  74  33   200.4    0.00   20.41   -0.99   46.34    0.00     0.132E+03 10000    
  77  53   249.1   229.4  80  31   194.1   -7.25   20.31    0.00   44.07    2.28     0.617E+02  4673   N
  77  53   247.0   223.3  80  31   192.0   -5.41   20.31   -1.61   43.05    3.29     0.119E+02   898   P
  77  53   246.1   221.5  80  62   191.1    2.74   20.01   -1.09   43.81    2.54     0.630E+01   477   A
                   243.6  72  34   201.4  -27.05   23.29   -0.99   48.49             0.522E+02  3950   F
                                                                                     0.000E+00     0   G

 SPECTRA N,P,A  AVE    6.35   14.37   24.40         SUMS  0.6164E+02  0.1186E+02  0.6307E+01
 SEQIN:PAIR,DELT,CST   4  11.00   1.160 AL=  20.31  20.21  20.21  19.92  23.17 DELTA=  0.00 -1.19 -1.10  0.00  0.00
 AF/AN=   1.100   BS,BK=   1.2802   1.4834 DPBAR=  25.31 A= 170. Z=  72. Y=   0.375
 SHELL CORRECTIONS        -1.7    -1.5    -1.8    -1.4     0.0

 GRIDS  NROW,NSTEP   1   4
 SUMN,SUMLOW    0.6174E+02    0.0000E+00
 SUMPOP FLOST,SUM,EXMAX,M,N  0.0000E+00  0.6174E+02  249.06  53  77
 SUMPOP FLOST,SUM,EXMAX,M,N  0.0000E+00  0.6174E+02  249.06  53  77
 CUTOFF   NSTEP,TOTAL,TRIM,TRIMJ,TRIME,TRIMLEV   4  0.6174E+02  0.5511E-05  0.0000E+00  0.0000E+00  0.5511E-05
          ICUT,AMX,ALEVEL,IAGAIN  42  0.3163E+00  0.3016E-06  20    CUT,PRCNT  0.100E-06  0.100E+01  M1,N1=  53  71
 CUTOFF OLD,NEW M1  53  57
 DIMENSIONS  57  71   249.1  53  76   239.4  53  76   239.6  53  76   239.0
 DENSTY: JSHAP= 49    JBAR= 82        65.5     6.6
 EVA M1,N1=    57    71
 NOP,NOA,NOF,NOG,KE2MX= 0 0 0 016  NOLEP,NOLJI,NOLJF,JFJI= 1 1 1 1

 EVA  M1*N1  4047    ZEROS    41    CUTS   231    CUTPOP  0.1508E-06    SUM CUTS  0.1295E-04
 LOSS BELOW YRAST LINE  0.0000E+00
 EVA-,STEP  4
 SEQOUT NROW,NSTEP   1   4         PARENT 170Hf      ELAB   309.0    EXCIT   272.7

 SUMP,SUMLOW    0.6572E+01    0.0000E+00
 WROTE POPP ON UNIT  10               169Lu  
 SUMA,SUMLOW    0.3362E+01    0.0000E+00
 WROTE POPA ON UNIT  12               166Yb  
 TOTAL    0.6174E+02
 FLOST(SUMPOP),TRIM(CUTOFF),RLOST(POPUL),RP 
   0.0000E+00   0.1846E-04   0.6596E-05   0.1363E+00   0.7314E-01   0.5334E-01   0.0000E+00

 J SPECTRUM OF PARENT 170Hf  
    AVERAGE=  44.066    SUM=   0.617E+02
    0.00      6     17     29     41     53     64     76     86     96    105
   10.00    497    140    146    151    155    158    159    160    160    158
   20.00    156    153    148    143    137    131    124    116    109    101
   30.00     93     86     78     71     64     57     51     45     40     36
   40.00     32     29     27     25     23     21     20     20     19     20
   50.00     20     22     24     27     31     38     47     60     79    104
   60.00    140    187    248    329    427    539    661    787    915    649

 J SPECTRUM OF FISS   170Hf  
    AVERAGE=  48.944    SUM=   0.205E+02
    0.00      2      8     13     18     24     29     36     42     47     53
   10.00    256     77     81     86     90     95     99    102    105    108
   20.00    111    113    114    115    116    115    114    112    110    108
   30.00    104    100     95     91     85     80     74     69     63     59
   40.00     55     52     49     46     44     42     41     40     40     41
   50.00     43     46     50     57     66     78     96    120    152    194
   60.00    247    312    388    475    562    638    697    737    759    479

 E SPECTRUM OF PARENT 170Hf  
    AVERAGE= 229.410    SUM=   0.617E+02
  193.06      0      0      0      0      1      1      2      2      3      4
  203.06      6      8     10     14     17     22     28     35     44     54
  213.06     66     80     96    114    135    158    183    211    240    271
  223.06    304    337    371    405    437    467    493    514    529    536
  233.06    533    520    496    461    416    362    302    240    179    124
  243.06     77     42     18      6      1      0      0

 DJN SPEC
    AVERAGE=  -0.865    SUM=   0.311E+02
   -1.00   8652   1347      0      0      0      0      0      0      0      0

 DJP SPEC
    AVERAGE=  -0.859    SUM=   0.657E+01
   -1.00   8588   1411      0      0      0      0      0      0      0      0

 DJA SPEC
    AVERAGE=  -2.660    SUM=   0.336E+01
   -9.00      0      0      0      0      0      0   8021    807    921    249

   N   M   EXMAX  AV.EX. NW  MW  EXMAXW      Q      AL   DELTA     AVJ      DJ        TOTAL  BRANCH
  71  57   249.1   229.4  73  34   192.1    0.00   20.31    0.00   44.07    0.00     0.617E+02 10000    
  76  53   239.4   213.4  80  31   183.4   -9.61   20.21   -1.19   40.83    3.24     0.311E+02  5031   N
  76  53   239.6   209.8  80  31   183.6   -5.46   20.21   -1.10   39.83    4.24     0.657E+01  1065   P
  76  53   239.0   208.4  80  62   183.0    2.92   19.92    0.00   40.97    3.09     0.336E+01   545   A
                   230.0  71  35   193.1  -26.53   23.17    0.00   48.94             0.205E+02  3318   F
                                                                                     0.000E+00     0   G

 SPECTRA N,P,A  AVE    6.18   14.21   24.20         SUMS  0.3113E+02  0.6642E+01  0.3415E+01
 SEQIN:PAIR,DELT,CST   4  11.00   1.160 AL=  20.21  20.11  20.11  19.82  23.06 DELTA= -1.19  0.00 -1.67 -1.11 -1.19
 AF/AN=   1.100   BS,BK=   1.2798   1.4818 DPBAR=  24.90 A= 169. Z=  72. Y=   0.373
 SHELL CORRECTIONS        -1.5    -1.4    -1.3    -1.3     0.0

 GRIDS  NROW,NSTEP   1   5
 SUMN,SUMLOW    0.3106E+02    0.0000E+00
 SUMPOP FLOST,SUM,EXMAX,M,N  0.0000E+00  0.3106E+02  239.35  53  76
 SUMPOP FLOST,SUM,EXMAX,M,N  0.0000E+00  0.3106E+02  239.35  53  76
 CUTOFF   NSTEP,TOTAL,TRIM,TRIMJ,TRIME,TRIMLEV   5  0.3106E+02  0.1307E-06  0.0000E+00  0.1307E-06  0.0000E+00
          ICUT,AMX,ALEVEL,IAGAIN  42  0.1506E+00  0.7184E-07  21    CUT,PRCNT  0.100E-06  0.100E+01  M1,N1=  52  70
 CUTOFF OLD,NEW M1  52  58
 DIMENSIONS  58  70   238.4  54  75   230.8  54  75   229.4  54  75   228.5
 DENSTY: JSHAP= 48    JBAR= 82        65.0     6.8
 EVA M1,N1=    58    70
 NOP,NOA,NOF,NOG,KE2MX= 0 0 0 016  NOLEP,NOLJI,NOLJF,JFJI= 1 1 1 1

 EVA  M1*N1  4060    ZEROS     1    CUTS    98    CUTPOP  0.3592E-07    SUM CUTS  0.1489E-05
 LOSS BELOW YRAST LINE  0.0000E+00
 EVA-,STEP  5
 SEQOUT NROW,NSTEP   1   5         PARENT 169Hf      ELAB   309.0    EXCIT   272.7

 SUMP,SUMLOW    0.3796E+01    0.0000E+00
 WROTE POPP ON UNIT  10               168Lu  
 SUMA,SUMLOW    0.1844E+01    0.0000E+00
 WROTE POPA ON UNIT  12               165Yb  
 TOTAL    0.3106E+02
 FLOST(SUMPOP),TRIM(CUTOFF),RLOST(POPUL),RP 
   0.0000E+00   0.1620E-05   0.6097E-05   0.2370E+00   0.1406E+00   0.8695E-01   0.0000E+00

 J SPECTRUM OF PARENT 169Hf  
    AVERAGE=  40.830    SUM=   0.311E+02
    0.00      7     22     37     52     67     80     97    109    121    131
   10.00    790    178    183    187    189    190    189    186    183    178
   20.00    172    164    156    147    138    127    117    107     97     87
   30.00     78     69     60     52     45     38     33     28     24     20
   40.00     18     16     14     12     11     10      9      9      9      9
   50.00     10     10     12     14     17     23     30     42     60     86
   60.00    124    179    256    361    492    645    815    997    738      0

 J SPECTRUM OF FISS   169Hf  
    AVERAGE=  49.303    SUM=   0.873E+01
    0.00      3      9     15     21     27     33     41     47     53     59
   10.00    366     88     92     96    100    104    106    109    111    112
   20.00    113    113    112    111    109    106    103     99     95     90
   30.00     84     79     73     66     60     54     49     43     39     35
   40.00     32     29     27     24     23     21     20     20     20     21
   50.00     22     24     28     33     40     51     67     91    125    172
   60.00    237    323    433    567    707    843    963   1064    712      0

 E SPECTRUM OF PARENT 169Hf  
    AVERAGE= 213.390    SUM=   0.311E+02
  181.35      0      0      0      0      0      0     13     16     20     25
  191.35     30     37     45     54     65     77     90    106    123    142
  201.35    162    185    208    233    259    286    313    339    365    389
  211.35    411    430    446    457    463    463    457    445    426    401
  221.35    369    333    293    251    209    167    128     94     65     42
  231.35     24     13      6      2      0      0      0      0

 DJN SPEC
    AVERAGE=  -0.815    SUM=   0.162E+02
   -1.00   8152   1847      0      0      0      0      0      0      0      0

 DJP SPEC
    AVERAGE=  -0.808    SUM=   0.380E+01
   -1.00   8078   1921      0      0      0      0      0      0      0      0

 DJA SPEC
    AVERAGE=  -2.547    SUM=   0.184E+01
   -9.00      0      0      0      0      0      0   7398    983   1310    307

   N   M   EXMAX  AV.EX. NW  MW  EXMAXW      Q      AL   DELTA     AVJ      DJ        TOTAL  BRANCH
  70  58   238.4   213.4  72  34   180.4    0.00   20.21   -1.19   40.83    0.00     0.311E+02 10000    
  75  54   230.8   199.9  80  31   173.8   -7.43   20.11    0.00   36.81    4.02     0.162E+02  5222   N
  75  54   229.4   195.0  80  31   172.4   -4.94   20.11   -1.67   35.88    4.95     0.380E+01  1222   P
  75  54   228.5   193.4  80  62   171.5    3.15   19.82   -1.11   37.36    3.47     0.184E+01   594   A
                   214.4  70  35   181.4  -26.01   23.06   -1.19   49.30             0.873E+01  2812   F
                                                                                     0.000E+00     0   G

 SPECTRA N,P,A  AVE    6.01   14.04   23.99         SUMS  0.1642E+02  0.3935E+01  0.1931E+01
1    ROW  1      ELEMENT Hf      X-SECTION   0.000E+00
(14)N+(159)Tb -> (173)Hf                                                
 ELAB(MEV)  309.000     Q-VALUE  -11.257    EXCIT  272.737
 SIGFUS,SIGEVA,SIGFIS,SIGMXZ  0.9476E+03  0.0000E+00  0.7812E+03  0.0000E+00
 ZT= 65    AT 159    ZP  7    AP  14


             173Hf     172Hf     171Hf     170Hf     169Hf  
 SIG        0.000E+00 0.000E+00 0.000E+00 0.000E+00 0.000E+00
 B-G               0         0         0         0         0
  R-N           3403      4097      4673      5031      5222
 BR-P            542       714       898      1065      1222
 BR-A            304       391       477       545       594
 BR-F           5751      4799      3950      3318      2812
 SIGF       0.545E+03 0.155E+03 0.522E+02 0.205E+02 0.873E+01
 TOTAL      0.948E+03 0.322E+03 0.132E+03 0.617E+02 0.311E+02
 EXCP          272.7     259.0     243.3     229.4     213.4
 SPINP          47.9      47.7      46.3      44.1      40.8
 EXCF          272.7     259.1     243.6     230.0     214.4
 SPINF          47.4      48.1      48.5      48.9      49.3
 DJN           -0.96     -0.94     -0.91     -0.87     -0.82
 DJP           -0.96     -0.93     -0.90     -0.86     -0.81
 DJA           -2.89     -2.83     -2.75     -2.66     -2.55
 AV.E N         6.67      6.51      6.35      6.18      6.01
 AV.E P        14.68     14.53     14.37     14.21     14.04
 AV.E A        24.79     24.60     24.40     24.20     23.99
 SUM GAM         0.0       0.0       0.0       0.0       0.0
 SPIN GAM        0.0       0.0       0.0       0.0       0.0

 TRIM       0.149E-03 0.950E-05 0.175E-04 0.185E-04 0.162E-05
 FLOST      0.000E+00 0.000E+00 0.000E+00 0.000E+00 0.000E+00
 RP         0.000E+00 0.000E+00 0.000E+00 0.000E+00 0.000E+00
 RLOSTG     0.000E+00 0.000E+00 0.000E+00 0.660E-05 0.610E-05
 RLOSTN     0.000E+00 0.142E-05 0.156E-01 0.136E+00 0.237E+00
 RLOSTP     0.000E+00 0.776E-06 0.899E-02 0.731E-01 0.141E+00
 RLOSTA     0.000E+00 0.632E-03 0.106E-01 0.533E-01 0.870E-01
 TIME              0         0         0         0         0

 STORAGE
  1.  1.  1.  1.  1.
  0.  0.  2.  2.  2.
  172.   71.   0.0010    21     1    25    25    35    12    12    20
 DEL     1.0     0.1     4.0    13.0     0.0
 TRANSM  APAR,ZPAR,SIGLOW,UNIT,DEL 172.0  71.0  0.10E-02  21     0.1     4.0    12.0
 SEQIN:PAIR,DELT,CST   4  11.00   1.160 AL=  20.51  20.41  20.41  20.11  23.42 DELTA= -1.60 -1.02 -0.79 -1.48 -1.60
 AF/AN=   1.100   BS,BK=   1.2819   1.4919 DPBAR=  28.38 A= 172. Z=  71. Y=   0.384
 SHELL CORRECTIONS        -2.2    -2.1    -2.5    -2.1     0.0
1 NEW ROW

 GRIDS  NROW,NSTEP   2   1
 SUMN,SUMLOW    0.0000E+00    0.0000E+00
 GOT POPP FROM UNIT  10      SUMP  0.5137E+02   M,N,EXMAX  51  79   262.8     172Lu      CN= 173Hf  
 SUMPOP FLOST,SUM,EXMAX,M,N  0.0000E+00  0.5137E+02  262.77  51  79
 SUMPOP FLOST,SUM,EXMAX,M,N  0.0000E+00  0.5137E+02  262.77  51  79
 CUTOFF   NSTEP,TOTAL,TRIM,TRIMJ,TRIME,TRIMLEV   1  0.5137E+02  0.0000E+00  0.0000E+00  0.0000E+00  0.0000E+00
          ICUT,AMX,ALEVEL,IAGAIN  42  0.2587E+00  0.1233E-06  21    CUT,PRCNT  0.100E-06  0.100E+01  M1,N1=  51  73
 CUTOFF OLD,NEW M1  51  56
 DIMENSIONS  56  73   262.8  52  78   255.7  52  78   254.1  52  78   252.9
 DENSTY: JSHAP= 49    JBAR= 84        66.5     7.0
 EVA M1,N1=    56    73
 NOP,NOA,NOF,NOG,KE2MX= 0 0 0 016  NOLEP,NOLJI,NOLJF,JFJI= 1 1 1 1

 EVA  M1*N1  4088    ZEROS  1261    CUTS   520    CUTPOP  0.6167E-07    SUM CUTS  0.1140E-05
 LOSS BELOW YRAST LINE  0.0000E+00
 EVA-,STEP  1
 SEQOUT NROW,NSTEP   2   1         PARENT 172Lu      ELAB   309.0    EXCIT   272.7

 SUMP,SUMLOW    0.3548E+01    0.0000E+00
 WROTE POPP ON UNIT  11               171Yb  
 SUMA,SUMLOW    0.2104E+01    0.0000E+00
 WROTE POPA ON UNIT  13               168Tm  
 TOTAL    0.5137E+02
 FLOST(SUMPOP),TRIM(CUTOFF),RLOST(POPUL),RP 
   0.0000E+00   0.1140E-05   0.0000E+00   0.9559E-06   0.3498E-06   0.3805E-03   0.0000E+00

 J SPECTRUM OF PARENT 172Lu  
    AVERAGE=  46.904    SUM=   0.514E+02
    0.00      3      9     16     22     29     35     42     48     54     60
   10.00    137     76     81     86     91     96    100    104    108    111
   20.00    114    117    119    121    123    124    124    124    124    124
   30.00    123    122    120    119    117    114    112    109    106    104
   40.00    101     99     98     96     95     94     93     93     94     95
   50.00     96     99    103    108    114    122    132    144    159    177
   60.00    198    222    249    278    310    343    376    407    436    462
   70.00    487    316      0

 J SPECTRUM OF FISS   172Lu  
    AVERAGE=  48.816    SUM=   0.167E+02
    0.00      1      3      6      8     11     13     16     19     22     25
   10.00     58     34     37     41     44     48     51     55     59     63
   20.00     67     71     76     80     85     90     94     99    104    109
   30.00    113    118    122    126    130    134    137    140    143    145
   40.00    147    150    152    155    157    159    162    165    168    172
   50.00    177    183    190    198    208    219    232    246    262    278
   60.00    294    308    318    325    327    321    310    294    274    254
   70.00    234    132      0

 E SPECTRUM OF PARENT 172Lu  
    AVERAGE= 252.085    SUM=   0.514E+02
  237.77      0     53     67     86    110    139    175    220    273    337
  247.77    413    501    599    705    815    914    989   1009    942    767
  257.77    515    257     86     18      1      0

 DJN SPEC
    AVERAGE=  -0.941    SUM=   0.290E+02
   -1.00   9405    594      0      0      0      0      0      0      0      0

 DJP SPEC
    AVERAGE=  -0.937    SUM=   0.355E+01
   -1.00   9366    633      0      0      0      0      0      0      0      0

 DJA SPEC
    AVERAGE=  -2.836    SUM=   0.210E+01
   -9.00      0      0      0      0      0      0   9010    476    371    140

   N   M   EXMAX  AV.EX. NW  MW  EXMAXW      Q      AL   DELTA     AVJ      DJ        TOTAL  BRANCH
  73  56   262.8   252.1  75  33   206.8    0.00   20.51   -1.60   46.90    0.00     0.514E+02 10000    
  78  52   255.7   238.5  80  31   200.7   -6.98   20.41   -1.02   45.08    1.82     0.290E+02  5641   N
  78  52   254.1   233.0  80  31   199.1   -4.72   20.41   -0.79   44.03    2.87     0.355E+01   691   P
  78  52   252.9   229.9  80  62   197.9    2.15   20.11   -1.48   44.29    2.62     0.210E+01   409   A
                   252.3  73  34   207.8  -30.07   23.42   -1.60   48.82             0.167E+02  3259   F
                                                                                     0.000E+00     0   G

 SPECTRA N,P,A  AVE    6.46   14.35   24.27         SUMS  0.2893E+02  0.3546E+01  0.2104E+01
 SEQIN:PAIR,DELT,CST   4  11.00   1.160 AL=  20.41  20.31  20.31  20.01  23.31 DELTA= -1.02 -1.61  0.00 -0.98 -1.02
 AF/AN=   1.100   BS,BK=   1.2818   1.4913 DPBAR=  28.03 A= 171. Z=  71. Y=   0.383
 SHELL CORRECTIONS        -2.1    -1.7    -2.3    -2.0     0.0

 GRIDS  NROW,NSTEP   2   2
 SUMN,SUMLOW    0.2898E+02    0.0000E+00
 GOT POPP FROM UNIT  10      SUMP  0.2301E+02   M,N,EXMAX  52  78   255.7     171Lu      CN= 173Hf  
 SUMPOP FLOST,SUM,EXMAX,M,N -0.2132E-13  0.5199E+02  255.69  52  78  0.2301E+02  255.69  52  78  0.2898E+02  255.69  52  78  0  0
 SUMPOP FLOST,SUM,EXMAX,M,N  0.0000E+00  0.5199E+02  255.69  52  78
 CUTOFF   NSTEP,TOTAL,TRIM,TRIMJ,TRIME,TRIMLEV   2  0.5199E+02  0.3453E-05  0.0000E+00  0.3453E-05  0.0000E+00
          ICUT,AMX,ALEVEL,IAGAIN  42  0.2348E+00  0.1120E-06  21    CUT,PRCNT  0.100E-06  0.100E+01  M1,N1=  51  72
 CUTOFF OLD,NEW M1  51  56
 DIMENSIONS  56  72   254.7  53  77   246.0  53  77   246.3  53  77   245.0
 DENSTY: JSHAP= 49    JBAR= 84        66.5     7.0
 EVA M1,N1=    56    72
 NOP,NOA,NOF,NOG,KE2MX= 0 0 0 016  NOLEP,NOLJI,NOLJF,JFJI= 1 1 1 1

 EVA  M1*N1  4032    ZEROS    27    CUTS   476    CUTPOP  0.5598E-07    SUM CUTS  0.5255E-05
 LOSS BELOW YRAST LINE  0.0000E+00
 EVA-,STEP  2
 SEQOUT NROW,NSTEP   2   2         PARENT 171Lu      ELAB   309.0    EXCIT   272.7

 SUMP,SUMLOW    0.4176E+01    0.0000E+00
 WROTE POPP ON UNIT  11               170Yb  
 SUMA,SUMLOW    0.2405E+01    0.0000E+00
 WROTE POPA ON UNIT  13               167Tm  
 TOTAL    0.5199E+02
 FLOST(SUMPOP),TRIM(CUTOFF),RLOST(POPUL),RP 
  -0.2132E-13   0.8708E-05   0.1638E-08   0.1473E-01   0.5696E-02   0.9014E-02   0.0000E+00

 J SPECTRUM OF PARENT 171Lu  
    AVERAGE=  45.237    SUM=   0.520E+02
    0.00      4     13     22     31     40     48     57     65     73     81
   10.00    282    106    112    118    123    127    131    135    137    139
   20.00    140    141    141    140    139    137    134    131    127    123
   30.00    119    114    109    104     98     93     87     82     77     72
   40.00     68     64     61     58     56     54     52     51     51     51
   50.00     52     54     57     62     68     76     87    101    120    143
   60.00    173    208    250    300    358    418    481    542    600    656
   70.00    439      0

 J SPECTRUM OF FISS   171Lu  
    AVERAGE=  50.130    SUM=   0.141E+02
    0.00      1      4      7     10     14     17     20     24     27     31
   10.00    110     44     48     51     55     59     62     66     70     74
   20.00     77     81     85     88     92     95     98    101    104    106
   30.00    108    109    110    111    111    110    110    108    107    105
   40.00    104    103    102    101    100     99     99    100    101    103
   50.00    107    112    119    128    140    155    174    198    227    260
   60.00    297    337    377    416    450    472    483    483    473    459
   70.00    271      0

 E SPECTRUM OF PARENT 171Lu  
    AVERAGE= 238.504    SUM=   0.520E+02
  209.69      0      0      1      1      2      3      4      7      9     13
  219.69     18     24     33     43     56     73     92    116    143    175
  229.69    211    250    291    335    383    432    483    532    578    618
  239.69    648    665    664    643    598    532    445    345    242    149
  249.69     77     32      9      2      0      0

 DJN SPEC
    AVERAGE=  -0.911    SUM=   0.313E+02
   -1.00   9109    890      0      0      0      0      0      0      0      0

 DJP SPEC
    AVERAGE=  -0.905    SUM=   0.418E+01
   -1.00   9054    945      0      0      0      0      0      0      0      0

 DJA SPEC
    AVERAGE=  -2.764    SUM=   0.241E+01
   -9.00      0      0      0      0      0      0   8598    629    587    184

   N   M   EXMAX  AV.EX. NW  MW  EXMAXW      Q      AL   DELTA     AVJ      DJ        TOTAL  BRANCH
  72  56   254.7   238.5  74  33   198.7    0.00   20.41   -1.02   45.24    0.00     0.520E+02 10000    
  77  53   246.0   223.4  80  31   191.0   -8.59   20.31   -1.61   42.55    2.68     0.313E+02  6023   N
  77  53   246.3   219.9  80  31   191.3   -4.35   20.31    0.00   41.40    3.83     0.418E+01   803   P
  77  53   245.0   216.7  80  62   190.0    2.29   20.01   -0.98   42.11    3.13     0.241E+01   463   A
                   239.0  72  34   199.7  -29.63   23.31   -1.02   50.13             0.141E+02  2705   F
                                                                                     0.000E+00     0   G

 SPECTRA N,P,A  AVE    6.30   14.20   24.08         SUMS  0.3127E+02  0.4180E+01  0.2414E+01
 SEQIN:PAIR,DELT,CST   4  11.00   1.160 AL=  20.31  20.21  20.21  19.92  23.20 DELTA= -1.61 -1.10 -0.89 -1.88 -1.61
 AF/AN=   1.100   BS,BK=   1.2817   1.4907 DPBAR=  27.67 A= 170. Z=  71. Y=   0.382
 SHELL CORRECTIONS        -1.7    -1.8    -2.1    -1.7     0.0

 GRIDS  NROW,NSTEP   2   3
 SUMN,SUMLOW    0.3131E+02    0.0000E+00
 GOT POPP FROM UNIT  10      SUMP  0.1186E+02   M,N,EXMAX  53  77   247.0     170Lu      CN= 173Hf  
 SUMPOP FLOST,SUM,EXMAX,M,N -0.5684E-13  0.4317E+02  247.00  54  75  0.1186E+02  247.00  53  77  0.3131E+02  246.00  53  77  0 -1
 SUMPOP FLOST,SUM,EXMAX,M,N  0.0000E+00  0.4317E+02  247.00  54  75
 CUTOFF   NSTEP,TOTAL,TRIM,TRIMJ,TRIME,TRIMLEV   3  0.4317E+02  0.4379E-05  0.0000E+00  0.8404E-06  0.3539E-05
          ICUT,AMX,ALEVEL,IAGAIN  47  0.1856E+00  0.1770E-06  20    CUT,PRCNT  0.100E-06  0.100E+01  M1,N1=  52  71
 CUTOFF OLD,NEW M1  52  57
 DIMENSIONS  57  71   245.0  53  76   237.6  53  76   236.8  53  76   235.2
 DENSTY: JSHAP= 49    JBAR= 83        66.0     6.8
 EVA M1,N1=    57    71
 NOP,NOA,NOF,NOG,KE2MX= 0 0 0 016  NOLEP,NOLJI,NOLJF,JFJI= 1 1 1 1

 EVA  M1*N1  4047    ZEROS    44    CUTS   189    CUTPOP  0.8849E-07    SUM CUTS  0.8039E-05
 LOSS BELOW YRAST LINE  0.0000E+00
 EVA-,STEP  3
 SEQOUT NROW,NSTEP   2   3         PARENT 170Lu      ELAB   309.0    EXCIT   272.7

 SUMP,SUMLOW    0.3965E+01    0.0000E+00
 WROTE POPP ON UNIT  11               169Yb  
 SUMA,SUMLOW    0.2200E+01    0.0000E+00
 WROTE POPA ON UNIT  13               166Tm  
 TOTAL    0.4317E+02
 FLOST(SUMPOP),TRIM(CUTOFF),RLOST(POPUL),RP 
  -0.5684E-13   0.1242E-04   0.3622E-05   0.1546E+00   0.5642E-01   0.5423E-01   0.0000E+00

 J SPECTRUM OF PARENT 170Lu  
    AVERAGE=  42.690    SUM=   0.432E+02
    0.00      5     17     28     40     51     62     74     84     94    103
   10.00    489    139    145    151    156    159    162    164    164    164
   20.00    163    161    158    154    149    144    138    131    124    117
   30.00    110    102     95     87     80     73     66     60     54     49
   40.00     45     41     38     35     33     31     30     29     28     28
   50.00     29     31     33     37     42     50     60     74     94    120
   60.00    154    198    253    322    403    491    584    677    771    535

 J SPECTRUM OF FISS   170Lu  
    AVERAGE=  50.738    SUM=   0.951E+01
    0.00      1      5      9     12     16     20     24     28     32     36
   10.00    176     54     57     61     65     68     72     75     78     82
   20.00     85     88     90     93     95     96     98     98     99     99
   30.00     99     98     96     94     92     89     86     82     79     76
   40.00     74     71     69     66     65     63     62     62     63     65
   50.00     68     72     79     87     99    115    137    166    202    247
   60.00    300    361    429    502    568    621    658    679    687    425

 E SPECTRUM OF PARENT 170Lu  
    AVERAGE= 223.393    SUM=   0.432E+02
  189.00      0      0      0      0      0      1      2      3      5      7
  199.00      9     12     15     20     25     32     40     50     62     76
  209.00     93    111    133    157    183    212    244    277    311    346
  219.00    382    416    448    477    502    521    533    537    531    515
  229.00    488    451    405    351    293    233    175    123     80     47
  239.00     24     10      4      1      0      0      0

 DJN SPEC
    AVERAGE=  -0.875    SUM=   0.272E+02
   -1.00   8754   1245      0      0      0      0      0      0      0      0

 DJP SPEC
    AVERAGE=  -0.868    SUM=   0.396E+01
   -1.00   8683   1316      0      0      0      0      0      0      0      0

 DJA SPEC
    AVERAGE=  -2.681    SUM=   0.220E+01
   -9.00      0      0      0      0      0      0   8129    782    859    228

   N   M   EXMAX  AV.EX. NW  MW  EXMAXW      Q      AL   DELTA     AVJ      DJ        TOTAL  BRANCH
  71  57   245.0   223.4  73  34   188.0    0.00   20.31   -1.61   42.69    0.00     0.432E+02 10000    
  76  53   237.6   209.8  80  31   181.6   -7.29   20.21   -1.10   39.62    3.07     0.272E+02  6308   N
  76  53   236.8   205.4  80  31   180.8   -4.22   20.21   -0.89   38.43    4.26     0.396E+01   918   P
  76  53   235.2   202.2  80  62   179.2    2.16   19.92   -1.88   39.49    3.20     0.220E+01   510   A
                   224.2  71  35   189.0  -28.92   23.20   -1.61   50.74             0.951E+01  2203   F
                                                                                     0.000E+00     0   G

 SPECTRA N,P,A  AVE    6.14   14.04   23.88         SUMS  0.2733E+02  0.4019E+01  0.2254E+01
 SEQIN:PAIR,DELT,CST   4  11.00   1.160 AL=  20.21  20.11  20.11  19.82  23.09 DELTA= -1.10 -1.67  0.00 -1.11 -1.10
 AF/AN=   1.100   BS,BK=   1.2815   1.4899 DPBAR=  27.30 A= 169. Z=  71. Y=   0.381
 SHELL CORRECTIONS        -1.8    -1.3    -1.9    -1.5     0.0

 GRIDS  NROW,NSTEP   2   4
 SUMN,SUMLOW    0.2723E+02    0.0000E+00
 GOT POPP FROM UNIT  10      SUMP  0.6572E+01   M,N,EXMAX  53  76   239.6     169Lu      CN= 173Hf  
 SUMPOP FLOST,SUM,EXMAX,M,N  0.4263E-13  0.3380E+02  239.61  55  74  0.6572E+01  239.61  53  76  0.2723E+02  237.61  53  76  0 -2
 SUMPOP FLOST,SUM,EXMAX,M,N  0.0000E+00  0.3380E+02  239.61  55  74
 CUTOFF   NSTEP,TOTAL,TRIM,TRIMJ,TRIME,TRIMLEV   4  0.3380E+02  0.4681E-05  0.0000E+00  0.1979E-05  0.2703E-05
          ICUT,AMX,ALEVEL,IAGAIN  48  0.1369E+00  0.1306E-06  20    CUT,PRCNT  0.100E-06  0.100E+01  M1,N1=  51  70
 CUTOFF OLD,NEW M1  51  58
 DIMENSIONS  58  70   235.6  54  75   226.4  54  75   227.8  54  75   226.0
 DENSTY: JSHAP= 49    JBAR= 83        66.0     6.8
 EVA M1,N1=    58    70
 NOP,NOA,NOF,NOG,KE2MX= 0 0 0 016  NOLEP,NOLJI,NOLJF,JFJI= 1 1 1 1

 EVA  M1*N1  4060    ZEROS    44    CUTS    81    CUTPOP  0.6528E-07    SUM CUTS  0.2212E-05
 LOSS BELOW YRAST LINE  0.0000E+00
 EVA-,STEP  4
 SEQOUT NROW,NSTEP   2   4         PARENT 169Lu      ELAB   309.0    EXCIT   272.7

 SUMP,SUMLOW    0.3416E+01    0.0000E+00
 WROTE POPP ON UNIT  11               168Yb  
 SUMA,SUMLOW    0.1808E+01    0.0000E+00
 WROTE POPA ON UNIT  13               165Tm  
 TOTAL    0.3380E+02
 FLOST(SUMPOP),TRIM(CUTOFF),RLOST(POPUL),RP 
   0.4263E-13   0.6894E-05   0.1391E-06   0.2960E+00   0.1219E+00   0.1012E+00   0.0000E+00

 J SPECTRUM OF PARENT 169Lu  
    AVERAGE=  39.659    SUM=   0.338E+02
    0.00      7     21     35     49     62     75     91    103    114    125
   10.00    758    173    179    184    187    189    190    189    188    184
   20.00    180    175    169    162    154    145    136    127    117    108
   30.00     98     89     80     72     64     56     49     43     38     34
   40.00     30     27     24     22     20     18     17     17     16     16
   50.00     17     18     21     24     28     35     45     59     79    107
   60.00    146    198    267    355    460    576    700    829    596      0

 J SPECTRUM OF FISS   169Lu  
    AVERAGE=  52.208    SUM=   0.652E+01
    0.00      1      5      9     12     16     20     25     29     32     36
   10.00    229     56     59     62     65     68     71     74     76     78
   20.00     80     82     83     84     85     85     84     84     83     81
   30.00     79     77     74     71     67     63     59     56     52     50
   40.00     47     45     42     40     39     37     37     37     37     39
   50.00     41     45     51     59     71     87    110    142    185    242
   60.00    314    403    511    630    746    849    932    996    647      0

 E SPECTRUM OF PARENT 169Lu  
    AVERAGE= 209.840    SUM=   0.338E+02
  178.61      0      0      0      0      0      0      0     14     17     28
  188.61     34     42     50     61     73     86    102    119    138    160
  198.61    182    207    233    260    288    316    344    370    395    418
  208.61    438    453    464    469    469    462    448    428    401    369
  218.61    332    292    250    208    167    129     95     67     44     27
  228.61     15      8      3      1      0      0      0      0

 DJN SPEC
    AVERAGE=  -0.831    SUM=   0.215E+02
   -1.00   8311   1688      0      0      0      0      0      0      0      0

 DJP SPEC
    AVERAGE=  -0.823    SUM=   0.342E+01
   -1.00   8230   1769      0      0      0      0      0      0      0      0

 DJA SPEC
    AVERAGE=  -2.581    SUM=   0.181E+01
   -9.00      0      0      0      0      0      0   7567    948   1208    276

   N   M   EXMAX  AV.EX. NW  MW  EXMAXW      Q      AL   DELTA     AVJ      DJ        TOTAL  BRANCH
  70  58   235.6   209.8  72  34   177.6    0.00   20.21   -1.10   39.66    0.00     0.338E+02 10000    
  75  54   226.4   194.8  80  31   169.4   -9.09   20.11   -1.67   35.94    3.72     0.215E+02  6371   N
  75  54   227.8   192.9  80  31   170.8   -3.79   20.11    0.00   34.83    4.83     0.342E+01  1011   P
  75  54   226.0   189.6  80  62   169.0    2.42   19.82   -1.11   36.15    3.50     0.181E+01   535   A
                   211.0  70  35   178.6  -28.58   23.09   -1.10   52.21             0.652E+01  1930   F
                                                                                     0.000E+00     0   G

 SPECTRA N,P,A  AVE    5.97   13.88   23.69         SUMS  0.2179E+02  0.3537E+01  0.1909E+01
 SEQIN:PAIR,DELT,CST   4  11.00   1.160 AL=  20.11  20.01  20.01  19.72  22.98 DELTA= -1.67 -1.24 -1.09 -2.12 -1.67
 AF/AN=   1.100   BS,BK=   1.2814   1.4891 DPBAR=  26.91 A= 168. Z=  71. Y=   0.381
 SHELL CORRECTIONS        -1.3    -1.4    -1.6    -1.3     0.0

 GRIDS  NROW,NSTEP   2   5
 SUMN,SUMLOW    0.2154E+02    0.0000E+00
 GOT POPP FROM UNIT  10      SUMP  0.3796E+01   M,N,EXMAX  54  75   229.4     168Lu      CN= 173Hf  
 SUMPOP FLOST,SUM,EXMAX,M,N  0.9234E-01  0.2524E+02  229.42  56  73  0.3796E+01  229.42  54  75  0.2154E+02  226.42  54  75  0 -3
 SUMPOP FLOST,SUM,EXMAX,M,N  0.0000E+00  0.2524E+02  229.42  56  73
 CUTOFF   NSTEP,TOTAL,TRIM,TRIMJ,TRIME,TRIMLEV   5  0.2524E+02  0.1616E-05  0.0000E+00  0.1616E-05  0.0000E+00
          ICUT,AMX,ALEVEL,IAGAIN  48  0.1200E+00  0.5722E-07  21    CUT,PRCNT  0.100E-06  0.100E+01  M1,N1=  51  69
 CUTOFF OLD,NEW M1  51  59
 DIMENSIONS  59  69   224.4  55  74   216.7  55  74   216.7  55  74   214.8
 DENSTY: JSHAP= 48    JBAR= 82        65.0     6.8
 EVA M1,N1=    59    69
 NOP,NOA,NOF,NOG,KE2MX= 0 0 0 016  NOLEP,NOLJI,NOLJF,JFJI= 1 1 1 1

 EVA  M1*N1  4071    ZEROS     0    CUTS   125    CUTPOP  0.2861E-07    SUM CUTS  0.7483E-06
 LOSS BELOW YRAST LINE  0.0000E+00
 EVA-,STEP  5
 SEQOUT NROW,NSTEP   2   5         PARENT 168Lu      ELAB   309.0    EXCIT   272.7

 SUMP,SUMLOW    0.2877E+01    0.0000E+00
 WROTE POPP ON UNIT  11               167Yb  
 SUMA,SUMLOW    0.1445E+01    0.0000E+00
 WROTE POPA ON UNIT  13               164Tm  
 TOTAL    0.2524E+02
 FLOST(SUMPOP),TRIM(CUTOFF),RLOST(POPUL),RP 
   0.9234E-01   0.2364E-05   0.2392E-06   0.3747E+00   0.1804E+00   0.1379E+00   0.0000E+00

 J SPECTRUM OF PARENT 168Lu  
    AVERAGE=  35.945    SUM=   0.252E+02
    0.00      8     25     42     59     75     90    109    124    137    149
   10.00   1105    210    215    218    219    219    217    214    209    202
   20.00    195    186    177    166    155    143    132    120    109     98
   30.00     87     77     67     59     50     43     37     31     27     23
   40.00     20     18     16     14     12     11     11     10     10     10
   50.00     11     12     14     16     21     27     36     51     71    101
   60.00    145    206    288    394    520    663    818    610      0

 J SPECTRUM OF FISS   168Lu  
    AVERAGE=  51.635    SUM=   0.372E+01
    0.00      2      6     10     14     18     23     28     33     37     41
   10.00    318     65     68     71     74     76     78     80     82     83
   20.00     84     85     85     85     84     83     82     80     77     75
   30.00     71     68     64     59     55     51     47     43     40     37
   40.00     35     32     30     28     27     26     25     25     26     27
   50.00     30     33     39     47     58     75    100    136    185    252
   60.00    342    458    602    760    919   1068   1201    817      1

 E SPECTRUM OF PARENT 168Lu  
    AVERAGE= 194.885    SUM=   0.252E+02
  166.42      0      0      0      0      0      0      0      0     45     55
  176.42     78     92    106    123    140    159    180    201    224    247
  186.42    271    295    319    341    363    382    399    413    424    431
  196.42    433    431    423    411    395    373    348    319    288    255
  206.42    221    188    155    125     98     74     54     38     25     16
  216.42      9      5      2      1      0      0      0      0      0

 DJN SPEC
    AVERAGE=  -0.784    SUM=   0.165E+02
   -1.00   7835   2164      0      0      0      0      0      0      0      0

 DJP SPEC
    AVERAGE=  -0.775    SUM=   0.288E+01
   -1.00   7745   2254      0      0      0      0      0      0      0      0

 DJA SPEC
    AVERAGE=  -2.475    SUM=   0.145E+01
   -9.00      0      0      0      0      0      0   6987   1091   1599    320

   N   M   EXMAX  AV.EX. NW  MW  EXMAXW      Q      AL   DELTA     AVJ      DJ        TOTAL  BRANCH
  69  59   224.4   194.9  71  35   165.4    0.00   20.11   -1.67   35.95    0.00     0.252E+02 10000    
  74  55   216.7   181.6  80  31   158.7   -7.64   20.01   -1.24   32.60    3.35     0.165E+02  6538   N
  74  55   216.7   178.6  80  31   158.7   -3.77   20.01   -1.09   31.56    4.39     0.288E+01  1140   P
  74  55   214.8   175.5  80  62   156.8    2.41   19.72   -2.12   33.03    2.92     0.145E+01   573   A
                   196.4  69  36   166.4  -27.71   22.98   -1.67   51.63             0.372E+01  1475   F
                                                                                     0.000E+00     0   G

 SPECTRA N,P,A  AVE    5.80   13.70   23.48         SUMS  0.1684E+02  0.3057E+01  0.1583E+01
1    ROW  2      ELEMENT Lu      X-SECTION   0.000E+00
(14)N+(159)Tb -> (173)Hf                                                
 ELAB(MEV)  309.000     Q-VALUE  -11.257    EXCIT  272.737
 SIGFUS,SIGEVA,SIGFIS,SIGMXZ  0.9476E+03  0.0000E+00  0.8317E+03  0.0000E+00
 ZT= 65    AT 159    ZP  7    AP  14


             172Lu     171Lu     170Lu     169Lu     168Lu  
 SIG        0.000E+00 0.000E+00 0.000E+00 0.000E+00 0.000E+00
 B-G               0         0         0         0         0
  R-N           5641      6023      6308      6371      6538
 BR-P            691       803       918      1011      1140
 BR-A            409       463       510       535       573
 BR-F           3259      2705      2203      1930      1475
 SIGF       0.167E+02 0.141E+02 0.951E+01 0.652E+01 0.372E+01
 TOTAL      0.514E+02 0.520E+02 0.432E+02 0.338E+02 0.252E+02
 EXCP          252.1     238.5     223.4     209.8     194.9
 SPINP          46.9      45.2      42.7      39.7      35.9
 EXCF          252.3     239.0     224.2     211.0     196.4
 SPINF          48.8      50.1      50.7      52.2      51.6
 DJN           -0.94     -0.91     -0.88     -0.83     -0.78
 DJP           -0.94     -0.91     -0.87     -0.82     -0.77
 DJA           -2.84     -2.76     -2.68     -2.58     -2.47
 AV.E N         6.46      6.30      6.14      5.97      5.80
 AV.E P        14.35     14.20     14.04     13.88     13.70
 AV.E A        24.27     24.08     23.88     23.69     23.48
 SUM GAM         0.0       0.0       0.0       0.0       0.0
 SPIN GAM        0.0       0.0       0.0       0.0       0.0

 TRIM       0.114E-05 0.871E-05 0.124E-04 0.689E-05 0.236E-05
 FLOST      0.000E+00-0.213E-13-0.568E-13 0.426E-13 0.923E-01
 RP         0.000E+00 0.000E+00 0.000E+00 0.000E+00 0.000E+00
 RLOSTG     0.000E+00 0.164E-08 0.362E-05 0.139E-06 0.239E-06
 RLOSTN     0.956E-06 0.147E-01 0.155E+00 0.296E+00 0.375E+00
 RLOSTP     0.350E-06 0.570E-02 0.564E-01 0.122E+00 0.180E+00
 RLOSTA     0.380E-03 0.901E-02 0.542E-01 0.101E+00 0.138E+00
 TIME              0         0         0         0         0

 STORAGE
  1.  1.  3.  3.  3.
  0.  0.  2.  2.  2.
  171.   70.   0.0010    21     1    25    25    35    12    12    20
 DEL     1.0     0.1     4.0    12.0     0.0
 TRANSM  APAR,ZPAR,SIGLOW,UNIT,DEL 171.0  70.0  0.10E-02  21     0.1     4.0    12.0
 SEQIN:PAIR,DELT,CST   4  11.00   1.160 AL=  20.41  20.31  20.31  20.01  23.32 DELTA= -0.79  0.00 -1.12 -0.76 -0.79
 AF/AN=   1.100   BS,BK=   1.2824   1.4950 DPBAR=  30.24 A= 171. Z=  70. Y=   0.388
 SHELL CORRECTIONS        -2.5    -2.3    -2.4    -2.4     0.0
1 NEW ROW

 GRIDS  NROW,NSTEP   3   1
 SUMN,SUMLOW    0.0000E+00    0.0000E+00
 GOT POPP FROM UNIT  11      SUMP  0.3548E+01   M,N,EXMAX  52  78   254.1     171Yb      CN= 173Hf  
 SUMPOP FLOST,SUM,EXMAX,M,N  0.0000E+00  0.3548E+01  254.05  52  78
 SUMPOP FLOST,SUM,EXMAX,M,N  0.0000E+00  0.3548E+01  254.05  52  78
 CUTOFF   NSTEP,TOTAL,TRIM,TRIMJ,TRIME,TRIMLEV   1  0.3548E+01  0.3190E-06  0.0000E+00  0.3190E-06  0.0000E+00
          ICUT,AMX,ALEVEL,IAGAIN  48  0.1381E-01  0.6586E-08  21    CUT,PRCNT  0.100E-06  0.100E+01  M1,N1=  49  72
 CUTOFF OLD,NEW M1  49  56
 DIMENSIONS  56  72   251.1  53  77   244.3  53  77   240.2  53  77   240.6
 DENSTY: JSHAP= 49    JBAR= 84        66.5     7.0
 EVA M1,N1=    56    72
 NOP,NOA,NOF,NOG,KE2MX= 0 0 0 016  NOLEP,NOLJI,NOLJF,JFJI= 1 1 1 1

 EVA  M1*N1  4032    ZEROS    24    CUTS   494    CUTPOP  0.3293E-08    SUM CUTS  0.2155E-06
 LOSS BELOW YRAST LINE  0.0000E+00
 EVA-,STEP  1
 SEQOUT NROW,NSTEP   3   1         PARENT 171Yb      ELAB   309.0    EXCIT   272.7

 SUMP,SUMLOW    0.2404E+00    0.0000E+00
 WROTE POPP ON UNIT  10               170Tm  
 SUMA,SUMLOW    0.1497E+00    0.0000E+00
 WROTE POPA ON UNIT  13               167Er  
 TOTAL    0.3548E+01
 FLOST(SUMPOP),TRIM(CUTOFF),RLOST(POPUL),RP 
   0.0000E+00   0.5345E-06   0.3428E-10   0.1531E-02   0.4009E-03   0.6880E-03   0.0000E+00

 J SPECTRUM OF PARENT 171Yb  
    AVERAGE=  44.033    SUM=   0.355E+01
    0.00      4     13     22     31     40     49     58     67     75     82
   10.00    289    109    115    121    127    132    136    140    143    145
   20.00    147    148    148    148    147    145    143    140    137    133
   30.00    129    124    119    114    108    103     97     91     86     81
   40.00     76     73     69     66     63     61     59     58     57     57
   50.00     58     60     63     68     74     82     93    107    125    148
   60.00    175    208    246    290    339    390    440    488    532    575
   70.00    380      0

 J SPECTRUM OF FISS   171Yb  
    AVERAGE=  51.126    SUM=   0.542E+00
    0.00      1      3      5      8     10     12     15     18     20     23
   10.00     84     34     37     40     42     46     49     52     55     58
   20.00     62     65     69     72     76     80     83     86     90     93
   30.00     96     99    101    103    105    107    108    109    109    110
   40.00    111    112    113    114    115    116    118    120    123    127
   50.00    132    139    148    159    173    190    210    236    265    297
   60.00    331    365    396    425    447    456    456    447    431    414
   70.00    244      0

 E SPECTRUM OF PARENT 171Yb  
    AVERAGE= 232.958    SUM=   0.355E+01
  206.05      0      0      1      1      2      4      6     10     14     20
  216.05     27     37     50     67     87    113    143    177    215    257
  226.05    300    346    394    443    493    541    585    621    647    658
  236.05    653    627    580    513    430    338    245    161     95     48
  246.05     21      7      2      0      0      0

 DJN SPEC
    AVERAGE=  -0.917    SUM=   0.261E+01
   -1.00   9167    832      0      0      0      0      0      0      0      0

 DJP SPEC
    AVERAGE=  -0.911    SUM=   0.240E+00
   -1.00   9106    893      0      0      0      0      0      0      0      0

 DJA SPEC
    AVERAGE=  -2.777    SUM=   0.150E+00
   -9.00      0      0      0      0      0      0   8670    604    553    171

   N   M   EXMAX  AV.EX. NW  MW  EXMAXW      Q      AL   DELTA     AVJ      DJ        TOTAL  BRANCH
  72  56   251.1   233.0  74  33   195.1    0.00   20.41   -0.79   44.03    0.00     0.355E+01 10000    
  77  53   244.3   220.0  80  31   189.3   -6.61   20.31    0.00   41.88    2.15     0.261E+01  7364   N
  77  53   240.2   212.2  80  31   185.2   -6.80   20.31   -1.12   40.59    3.44     0.240E+00   678   P
  77  53   240.6   210.9  80  62   185.6    1.56   20.01   -0.76   41.23    2.81     0.150E+00   422   A
                   233.6  72  34   196.1  -32.21   23.32   -0.79   51.13             0.542E+00  1529   F
                                                                                     0.000E+00     0   G

 SPECTRA N,P,A  AVE    6.23   14.00   23.74         SUMS  0.2609E+01  0.2407E+00  0.1504E+00
 SEQIN:PAIR,DELT,CST   4  11.00   1.160 AL=  20.31  20.21  20.21  19.92  23.21 DELTA=  0.00 -0.89 -0.87  0.00  0.00
 AF/AN=   1.100   BS,BK=   1.2824   1.4947 DPBAR=  29.92 A= 170. Z=  70. Y=   0.387
 SHELL CORRECTIONS        -2.3    -2.1    -2.5    -2.2     0.0

 GRIDS  NROW,NSTEP   3   2
 SUMN,SUMLOW    0.2613E+01    0.0000E+00
 GOT POPP FROM UNIT  11      SUMP  0.4176E+01   M,N,EXMAX  53  77   246.3     170Yb      CN= 173Hf  
 SUMPOP FLOST,SUM,EXMAX,M,N  0.1155E-13  0.6789E+01  246.34  55  74  0.4176E+01  246.34  53  77  0.2613E+01  244.34  53  77  0 -2
 SUMPOP FLOST,SUM,EXMAX,M,N  0.0000E+00  0.6789E+01  246.34  55  74
 CUTOFF   NSTEP,TOTAL,TRIM,TRIMJ,TRIME,TRIMLEV   2  0.6789E+01  0.7482E-06  0.0000E+00  0.8846E-07  0.6597E-06
          ICUT,AMX,ALEVEL,IAGAIN  74  0.2483E-01  0.2368E-07  20    CUT,PRCNT  0.100E-06  0.100E+01  M1,N1=  52  71
 CUTOFF OLD,NEW M1  52  57
 DIMENSIONS  57  71   243.3  53  76   234.8  53  76   232.6  53  76   233.1
 DENSTY: JSHAP= 49    JBAR= 83        66.0     6.8
 EVA M1,N1=    57    71
 NOP,NOA,NOF,NOG,KE2MX= 0 0 0 016  NOLEP,NOLJI,NOLJF,JFJI= 1 1 1 1

 EVA  M1*N1  4047    ZEROS    69    CUTS   130    CUTPOP  0.1184E-07    SUM CUTS  0.7501E-06
 LOSS BELOW YRAST LINE  0.0000E+00
 EVA-,STEP  2
 SEQOUT NROW,NSTEP   3   2         PARENT 170Yb      ELAB   309.0    EXCIT   272.7

 SUMP,SUMLOW    0.5039E+00    0.0000E+00
 WROTE POPP ON UNIT  10               169Tm  
 SUMA,SUMLOW    0.3042E+00    0.0000E+00
 WROTE POPA ON UNIT  13               166Er  
 TOTAL    0.6789E+01
 FLOST(SUMPOP),TRIM(CUTOFF),RLOST(POPUL),RP 
   0.1155E-13   0.1498E-05   0.3503E-06   0.3619E-01   0.8873E-02   0.9020E-02   0.0000E+00

 J SPECTRUM OF PARENT 170Yb  
    AVERAGE=  41.588    SUM=   0.679E+01
    0.00      5     16     28     39     50     60     72     82     92    101
   10.00    484    139    145    151    156    160    164    166    168    168
   20.00    168    167    165    162    158    153    148    142    136    130
   30.00    123    116    108    101     93     86     79     72     66     61
   40.00     56     52     48     45     42     40     38     37     37     37
   50.00     38     39     42     46     52     60     71     86    106    132
   60.00    165    205    254    314    380    449    520    589    656    447

 J SPECTRUM OF FISS   170Yb  
    AVERAGE=  51.966    SUM=   0.827E+00
    0.00      1      3      6      9     11     14     17     20     23     26
   10.00    128     39     42     45     48     51     54     57     60     63
   20.00     66     69     71     74     77     79     81     83     85     87
   30.00     88     89     90     90     90     89     88     87     85     84
   40.00     84     83     82     82     81     82     82     83     86     89
   50.00     94    101    110    121    137    156    182    214    253    298
   60.00    349    404    461    517    562    593    611    615    611    373

 E SPECTRUM OF PARENT 170Yb  
    AVERAGE= 219.946    SUM=   0.679E+01
  187.34      0      0      0      0      0      1      1      5      7      9
  197.34     12     17     22     28     36     45     57     71     87    106
  207.34    127    152    179    209    242    276    312    349    385    420
  217.34    452    481    506    525    536    539    532    515    488    450
  227.34    404    351    294    236    180    130     88     55     31     16
  237.34      7      2      0      0      0      0      0

 DJN SPEC
    AVERAGE=  -0.886    SUM=   0.510E+01
   -1.00   8859   1140      0      0      0      0      0      0      0      0

 DJP SPEC
    AVERAGE=  -0.878    SUM=   0.504E+00
   -1.00   8784   1215      0      0      0      0      0      0      0      0

 DJA SPEC
    AVERAGE=  -2.706    SUM=   0.304E+00
   -9.00      0      0      0      0      0      0   8265    737    790    206

   N   M   EXMAX  AV.EX. NW  MW  EXMAXW      Q      AL   DELTA     AVJ      DJ        TOTAL  BRANCH
  71  57   243.3   219.9  73  34   186.3    0.00   20.31    0.00   41.59    0.00     0.679E+01 10000    
  76  53   234.8   205.4  80  31   178.8   -8.46   20.21   -0.89   39.35    2.24     0.510E+01  7512   N
  76  53   232.6   199.8  80  31   176.6   -6.78   20.21   -0.87   38.03    3.56     0.504E+00   742   P
  76  53   233.1   198.8  80  62   177.1    1.74   19.92    0.00   38.99    2.59     0.304E+00   448   A
                   221.0  71  35   187.3  -31.65   23.21    0.00   51.97             0.827E+00  1218   F
                                                                                     0.000E+00     0   G

 SPECTRA N,P,A  AVE    6.07   13.85   23.54         SUMS  0.5126E+01  0.5126E+00  0.3132E+00
 SEQIN:PAIR,DELT,CST   4  11.00   1.160 AL=  20.21  20.11  20.11  19.82  23.10 DELTA= -0.89  0.00 -1.48 -1.01 -0.89
 AF/AN=   1.100   BS,BK=   1.2823   1.4942 DPBAR=  29.58 A= 169. Z=  70. Y=   0.387
 SHELL CORRECTIONS        -2.1    -1.9    -2.1    -1.9     0.0

 GRIDS  NROW,NSTEP   3   3
 SUMN,SUMLOW    0.5100E+01    0.0000E+00
 GOT POPP FROM UNIT  11      SUMP  0.3965E+01   M,N,EXMAX  53  76   236.8     169Yb      CN= 173Hf  
 SUMPOP FLOST,SUM,EXMAX,M,N  0.1170E-01  0.9053E+01  236.78  54  75  0.3965E+01  236.78  53  76  0.5100E+01  234.78  53  76  0 -2
 GOT POPA FROM UNIT  12      SUMA  0.2879E+02   M,N,EXMAX  51  79   262.3     169Yb  
 SUMPOP FLOST,SUM,EXMAX,M,N  0.2385E+01  0.3545E+02  258.28  58  70  0.9053E+01  236.78  54  75  0.2879E+02  262.28  51  79-21  3
 CUTOFF   NSTEP,TOTAL,TRIM,TRIMJ,TRIME,TRIMLEV   3  0.3545E+02  0.0000E+00  0.0000E+00  0.0000E+00  0.0000E+00
          ICUT,AMX,ALEVEL,IAGAIN   0  0.1518E+00  0.5790E-06  18    CUT,PRCNT  0.100E-06  0.100E+01  M1,N1=  58  70
 DIMENSIONS  58  70   258.3  54  75   251.3  54  75   247.9  54  75   248.0
 DENSTY: JSHAP= 49    JBAR= 83        66.0     6.8
 EVA M1,N1=    58    70
 NOP,NOA,NOF,NOG,KE2MX= 0 0 0 016  NOLEP,NOLJI,NOLJF,JFJI= 1 1 1 1

 EVA  M1*N1  4060    ZEROS     0    CUTS     0    CUTPOP  0.1773E-06    SUM CUTS  0.0000E+00
 LOSS BELOW YRAST LINE  0.0000E+00
 EVA-,STEP  3
 SEQOUT NROW,NSTEP   3   3         PARENT 169Yb      ELAB   309.0    EXCIT   272.7

 SUMP,SUMLOW    0.2368E+01    0.0000E+00
 WROTE POPP ON UNIT  10               168Tm  
 SUMA,SUMLOW    0.1372E+01    0.0000E+00
 WROTE POPA ON UNIT  13               165Er  
 TOTAL    0.3545E+02
 FLOST(SUMPOP),TRIM(CUTOFF),RLOST(POPUL),RP 
   0.2396E+01   0.0000E+00   0.1062E-02   0.2885E+01   0.4271E+00   0.2741E+00   0.0000E+00

 J SPECTRUM OF PARENT 169Yb  
    AVERAGE=  45.337    SUM=   0.355E+02
    0.00      3     10     17     24     31     63     45     52     58    111
   10.00    184     85     90    159    102    106    110    113    116    118
   20.00    120    122    123    123    123    123    122    120    119    117
   30.00    115    112    110    107    104    101     97     94     92     89
   40.00     88     86     85     84     83     83     83     84     86     88
   50.00     92     96    102    110    120    132    147    166    189    215
   60.00    246    281    321    365    410    456    500    542    522    274

 J SPECTRUM OF FISS   169Yb  
    AVERAGE=  50.442    SUM=   0.909E+01
    0.00      0      2      4      6      8     18     12     14     16     35
   10.00     33     25     28     58     34     36     39     42     45     48
   20.00     52     55     59     62     66     70     74     78     82     86
   30.00     90     94     98    102    105    109    112    116    119    123
   40.00    127    131    135    139    144    149    154    160    167    175
   50.00    184    195    208    223    240    260    282    306    331    355
   60.00    378    396    411    418    416    405    388    367    316    152

 E SPECTRUM OF PARENT 169Yb  
    AVERAGE= 241.955    SUM=   0.355E+02
  201.28     94    101    107    112    117    120    121    121    119    116
  211.28    111    104     96     87     76     66     55     44     34     26
  221.28     18     12      8      5      2      1      4      4      6      8
  231.28     11     14     19     25     32     41     53     68     86    108
  241.28    136    170    212    261    319    387    463    546    631    712
  251.28    776    802    766    643    444    233     90     26

 DJN SPEC
    AVERAGE=  -0.935    SUM=   0.190E+02
   -1.00   9349    650      0      0      0      0      0      0      0      0

 DJP SPEC
    AVERAGE=  -0.936    SUM=   0.237E+01
   -1.00   9360    639      0      0      0      0      0      0      0      0

 DJA SPEC
    AVERAGE=  -2.831    SUM=   0.137E+01
   -9.00      0      0      0      0      0      0   8970    523    347    158

   N   M   EXMAX  AV.EX. NW  MW  EXMAXW      Q      AL   DELTA     AVJ      DJ        TOTAL  BRANCH
  70  58   258.3   242.0  72  34   200.3    0.00   20.21   -0.89   45.34    0.00     0.355E+02 10000    
  75  54   251.3   232.3  80  31   194.3   -6.87   20.11    0.00   43.63    1.71     0.190E+02  5369   N
  75  54   247.9   227.1  80  31   190.9   -6.35   20.11   -1.48   43.05    2.28     0.237E+01   668   P
  75  54   248.0   225.9  80  62   191.0    1.72   19.82   -1.01   43.34    2.00     0.137E+01   387   A
                   246.5  70  35   201.3  -31.12   23.10   -0.89   50.44             0.909E+01  2565   F
                                                                                     0.000E+00     0   G

 SPECTRA N,P,A  AVE    6.35   14.14   23.90         SUMS  0.2188E+02  0.2794E+01  0.1646E+01
 SEQIN:PAIR,DELT,CST   4  11.00   1.160 AL=  20.11  20.01  20.01  19.72  22.99 DELTA=  0.00 -1.09 -0.98  0.00  0.00
 AF/AN=   1.100   BS,BK=   1.2822   1.4938 DPBAR=  29.23 A= 168. Z=  70. Y=   0.386
 SHELL CORRECTIONS        -1.9    -1.6    -2.0    -1.6     0.0

 GRIDS  NROW,NSTEP   3   4
 SUMN,SUMLOW    0.1903E+02    0.0000E+00
 GOT POPP FROM UNIT  11      SUMP  0.3416E+01   M,N,EXMAX  54  75   227.8     168Yb      CN= 173Hf  
 SUMPOP FLOST,SUM,EXMAX,M,N  0.1065E+01  0.2139E+02  247.31  59  69  0.3416E+01  227.82  54  75  0.1903E+02  251.31  54  75-19  3
 GOT POPA FROM UNIT  12      SUMA  0.1260E+02   M,N,EXMAX  52  78   255.3     168Yb  
 SUMPOP FLOST,SUM,EXMAX,M,N  0.1571E+00  0.3383E+02  248.31  59  69  0.2139E+02  247.31  59  69  0.1260E+02  255.31  52  78 -1  6
 CUTOFF   NSTEP,TOTAL,TRIM,TRIMJ,TRIME,TRIMLEV   4  0.3383E+02  0.0000E+00  0.0000E+00  0.0000E+00  0.0000E+00
          ICUT,AMX,ALEVEL,IAGAIN   0  0.1350E+00  0.8237E-05  14    CUT,PRCNT  0.100E-06  0.100E+01  M1,N1=  59  69
 DIMENSIONS  59  69   248.3  55  74   239.1  55  74   238.0  55  74   238.2
 DENSTY: JSHAP= 48    JBAR= 82        65.0     6.8
 EVA M1,N1=    59    69
 NOP,NOA,NOF,NOG,KE2MX= 0 0 0 016  NOLEP,NOLJI,NOLJF,JFJI= 1 1 1 1

 EVA  M1*N1  4071    ZEROS     0    CUTS     0    CUTPOP  0.1691E-06    SUM CUTS  0.0000E+00
 LOSS BELOW YRAST LINE  0.0000E+00
 EVA-,STEP  4
 SEQOUT NROW,NSTEP   3   4         PARENT 168Yb      ELAB   309.0    EXCIT   272.7

 SUMP,SUMLOW    0.2846E+01    0.0000E+00
 WROTE POPP ON UNIT  10               167Tm  
 SUMA,SUMLOW    0.1620E+01    0.0000E+00
 WROTE POPA ON UNIT  13               164Er  
 TOTAL    0.3383E+02
 FLOST(SUMPOP),TRIM(CUTOFF),RLOST(POPUL),RP 
   0.1222E+01   0.0000E+00   0.4244E-03   0.1550E+01   0.2929E+00   0.1883E+00   0.0000E+00

 J SPECTRUM OF PARENT 168Yb  
    AVERAGE=  43.886    SUM=   0.338E+02
    0.00      4     13     21     30     38     84     56     64     72    177
   10.00    246    106    161    159    124    128    131    134    136    137
   20.00    138    138    137    135    133    130    127    123    119    115
   30.00    110    105    100     95     89     84     79     75     71     67
   40.00     64     61     59     56     55     54     53     53     54     55
   50.00     58     62     68     76     86     99    117    140    169    205
   60.00    248    301    362    430    502    575    647    670    398

 J SPECTRUM OF FISS   168Yb  
    AVERAGE=  50.420    SUM=   0.664E+01
    0.00      1      3      5      8     10     25     15     18     21     59
   10.00     56     34     57     58     44     47     51     54     57     60
   20.00     64     67     70     74     77     80     83     86     88     91
   30.00     93     95     96     98     99     99    100    100    101    101
   40.00    102    103    104    105    106    108    110    114    118    124
   50.00    132    142    155    171    191    215    246    281    320    363
   60.00    406    449    487    517    533    537    531    491    265

 E SPECTRUM OF PARENT 168Yb  
    AVERAGE= 230.811    SUM=   0.338E+02
  190.31     40     42     43     44     44     44     43    124    118    111
  200.31    103     94     84     74     64     54     44     36     29     23
  210.31     18     15     13     13     14     17     21     27     34     43
  220.31     54     67     82     99    120    142    168    198    230    266
  230.31    305    346    388    431    471    508    538    559    567    559
  240.31    533    488    424    346    260    176    104     52     14

 DJN SPEC
    AVERAGE=  -0.912    SUM=   0.207E+02
   -1.00   9121    878      0      0      0      0      0      0      0      0

 DJP SPEC
    AVERAGE=  -0.912    SUM=   0.285E+01
   -1.00   9115    884      0      0      0      0      0      0      0      0

 DJA SPEC
    AVERAGE=  -2.773    SUM=   0.162E+01
   -9.00      0      0      0      0      0      0   8635    655    511    198

   N   M   EXMAX  AV.EX. NW  MW  EXMAXW      Q      AL   DELTA     AVJ      DJ        TOTAL  BRANCH
  69  59   248.3   230.8  71  35   189.3    0.00   20.11    0.00   43.89    0.00     0.338E+02 10000    
  74  55   239.1   217.2  80  31   181.1   -9.06   20.01   -1.09   41.99    1.89     0.207E+02  6117   N
  74  55   238.0   213.8  80  31   180.0   -6.33   20.01   -0.98   41.28    2.60     0.285E+01   841   P
  74  55   238.2   212.7  80  62   180.2    1.94   19.72    0.00   41.91    1.98     0.162E+01   479   A
                   234.0  69  36   190.3  -30.57   22.99    0.00   50.42             0.664E+01  1962   F
                                                                                     0.000E+00     0   G

 SPECTRA N,P,A  AVE    6.22   14.02   23.75         SUMS  0.2220E+02  0.3138E+01  0.1808E+01
 SEQIN:PAIR,DELT,CST   4  11.00   1.160 AL=  20.01  19.92  19.92  19.62  22.88 DELTA= -1.09  0.00 -1.88 -1.07 -1.09
 AF/AN=   1.100   BS,BK=   1.2821   1.4933 DPBAR=  28.86 A= 167. Z=  70. Y=   0.385
 SHELL CORRECTIONS        -1.6    -1.4    -1.7    -1.4     0.0

 GRIDS  NROW,NSTEP   3   5
 SUMN,SUMLOW    0.2069E+02    0.0000E+00
 GOT POPP FROM UNIT  11      SUMP  0.2877E+01   M,N,EXMAX  55  74   216.7     167Yb      CN= 173Hf  
 SUMPOP FLOST,SUM,EXMAX,M,N  0.9783E+00  0.2259E+02  234.15  60  68  0.2877E+01  216.65  55  74  0.2069E+02  239.15  55  74-17  4
 GOT POPA FROM UNIT  12      SUMA  0.6297E+01   M,N,EXMAX  53  77   246.2     167Yb  
 SUMPOP FLOST,SUM,EXMAX,M,N  0.6545E-01  0.2882E+02  234.15  60  68  0.2259E+02  234.15  60  68  0.6297E+01  246.15  53  77  0 11
 CUTOFF   NSTEP,TOTAL,TRIM,TRIMJ,TRIME,TRIMLEV   5  0.2882E+02  0.0000E+00  0.0000E+00  0.0000E+00  0.0000E+00
          ICUT,AMX,ALEVEL,IAGAIN   0  0.1092E+00  0.6668E-05  14    CUT,PRCNT  0.100E-06  0.100E+01  M1,N1=  60  68
 DIMENSIONS  60  68   234.2  56  73   227.0  56  73   224.2  56  73   224.3
 DENSTY: JSHAP= 48    JBAR= 82        65.0     6.8
 EVA M1,N1=    60    68
 NOP,NOA,NOF,NOG,KE2MX= 0 0 0 016  NOLEP,NOLJI,NOLJF,JFJI= 1 1 1 1

 EVA  M1*N1  4080    ZEROS     0    CUTS     0    CUTPOP  0.1441E-06    SUM CUTS  0.0000E+00
 LOSS BELOW YRAST LINE  0.0000E+00
 EVA-,STEP  5
 SEQOUT NROW,NSTEP   3   5         PARENT 167Yb      ELAB   309.0    EXCIT   272.7

 SUMP,SUMLOW    0.2759E+01    0.0000E+00
 WROTE POPP ON UNIT  10               166Tm  
 SUMA,SUMLOW    0.1521E+01    0.0000E+00
 WROTE POPA ON UNIT  13               163Er  
 TOTAL    0.2882E+02
 FLOST(SUMPOP),TRIM(CUTOFF),RLOST(POPUL),RP 
   0.1044E+01   0.0000E+00   0.3631E-03   0.1101E+01   0.2397E+00   0.1536E+00   0.0000E+00

 J SPECTRUM OF PARENT 167Yb  
    AVERAGE=  41.734    SUM=   0.288E+02
    0.00      5     16     26     37     47    103     69     78     88    254
   10.00    378    176    175    175    149    152    154    155    155    154
   20.00    153    150    147    142    138    132    126    120    113    107
   30.00    100     93     86     80     73     67     61     56     52     48
   40.00     45     42     39     37     36     34     34     34     34     36
   50.00     38     42     47     54     65     79     99    125    160    204
   60.00    261    332    416    511    611    714    770    477

 J SPECTRUM OF FISS   167Yb  
    AVERAGE=  52.160    SUM=   0.486E+01
    0.00      1      3      5      8     10     25     16     19     21     71
   10.00     76     50     51     53     45     48     50     53     56     58
   20.00     61     63     65     67     69     71     72     73     74     75
   30.00     75     75     75     74     74     72     71     70     70     69
   40.00     69     68     67     67     68     69     70     72     76     82
   50.00     89     99    112    130    153    183    222    271    329    397
   60.00    474    556    637    706    758    792    773    439

 E SPECTRUM OF PARENT 167Yb  
    AVERAGE= 214.888    SUM=   0.288E+02
  175.15     39     41     42     42     42     42     42     41     39    112
  185.15    113    110    101     90     80     70     60     52     45     39
  195.15     35     32     31     32     34     39     45     53     63     75
  205.15     90    106    124    144    166    190    216    243    271    300
  215.15    329    357    384    409    430    446    456    459    454    440
  225.15    417    385    346    301    251    201    152    108     71     43

 DJN SPEC
    AVERAGE=  -0.879    SUM=   0.182E+02
   -1.00   8794   1205      0      0      0      0      0      0      0      0

 DJP SPEC
    AVERAGE=  -0.878    SUM=   0.276E+01
   -1.00   8776   1223      0      0      0      0      0      0      0      0

 DJA SPEC
    AVERAGE=  -2.697    SUM=   0.152E+01
   -9.00      0      0      0      0      0      0   8200    807    747    243

   N   M   EXMAX  AV.EX. NW  MW  EXMAXW      Q      AL   DELTA     AVJ      DJ        TOTAL  BRANCH
  68  60   234.2   214.9  70  35   174.2    0.00   20.01   -1.09   41.73    0.00     0.288E+02 10000    
  73  56   227.0   203.1  79  31   168.0   -7.07   19.92    0.00   39.29    2.44     0.182E+02  6309   N
  73  56   224.2   197.8  79  31   165.2   -5.99   19.92   -1.88   38.51    3.22     0.276E+01   957   P
  73  56   224.3   196.7  80  62   165.3    2.15   19.62   -1.07   39.51    2.23     0.152E+01   528   A
                   218.1  68  36   175.2  -29.99   22.88   -1.09   52.16             0.486E+01  1688   F
                                                                                     0.000E+00     0   G

 SPECTRA N,P,A  AVE    6.05   13.84   23.54         SUMS  0.1925E+02  0.2997E+01  0.1674E+01
1    ROW  3      ELEMENT Yb      X-SECTION   0.000E+00
(14)N+(159)Tb -> (173)Hf                                                
 ELAB(MEV)  309.000     Q-VALUE  -11.257    EXCIT  272.737
 SIGFUS,SIGEVA,SIGFIS,SIGMXZ  0.9476E+03  0.0000E+00  0.8537E+03  0.0000E+00
 ZT= 65    AT 159    ZP  7    AP  14


             171Yb     170Yb     169Yb     168Yb     167Yb  
 SIG        0.000E+00 0.000E+00 0.000E+00 0.000E+00 0.000E+00
 B-G               0         0         0         0         0
  R-N           7364      7512      5369      6117      6309
 BR-P            678       742       668       841       957
 BR-A            422       448       387       479       528
 BR-F           1529      1218      2565      1962      1688
 SIGF       0.542E+00 0.827E+00 0.909E+01 0.664E+01 0.486E+01
 TOTAL      0.355E+01 0.679E+01 0.355E+02 0.338E+02 0.288E+02
 EXCP          233.0     219.9     242.0     230.8     214.9
 SPINP          44.0      41.6      45.3      43.9      41.7
 EXCF          233.6     221.0     246.5     234.0     218.1
 SPINF          51.1      52.0      50.4      50.4      52.2
 DJN           -0.92     -0.89     -0.93     -0.91     -0.88
 DJP           -0.91     -0.88     -0.94     -0.91     -0.88
 DJA           -2.78     -2.71     -2.83     -2.77     -2.70
 AV.E N         6.23      6.07      6.35      6.22      6.05
 AV.E P        14.00     13.85     14.14     14.02     13.84
 AV.E A        23.74     23.54     23.90     23.75     23.54
 SUM GAM         0.0       0.0       0.0       0.0       0.0
 SPIN GAM        0.0       0.0       0.0       0.0       0.0

 TRIM       0.535E-06 0.150E-05 0.000E+00 0.000E+00 0.000E+00
 FLOST      0.000E+00 0.115E-13 0.240E+01 0.122E+01 0.104E+01
 RP         0.000E+00 0.000E+00 0.000E+00 0.000E+00 0.000E+00
 RLOSTG     0.343E-10 0.350E-06 0.106E-02 0.424E-03 0.363E-03
 RLOSTN     0.153E-02 0.362E-01 0.288E+01 0.155E+01 0.110E+01
 RLOSTP     0.401E-03 0.887E-02 0.427E+00 0.293E+00 0.240E+00
 RLOSTA     0.688E-03 0.902E-02 0.274E+00 0.188E+00 0.154E+00
 TIME              0         0         0         0         0

 STORAGE
  1.  1.  3.  3.  3.
  0.  0.  2.  2.  2.
  170.   69.   0.0010    21     1    25    25    35    12    12    20
 DEL     1.0     0.1     4.0    12.0     0.0
 TRANSM  APAR,ZPAR,SIGLOW,UNIT,DEL 170.0  69.0  0.10E-02  21     0.1     4.0    12.0
 SEQIN:PAIR,DELT,CST   4  11.00   1.160 AL=  20.31  20.21  20.21  19.92  23.28 DELTA= -1.12 -0.87 -0.72 -1.27 -1.12
 AF/AN=   1.100   BS,BK=   1.2848   1.5191 DPBAR=  32.08 A= 170. Z=  69. Y=   0.428
 SHELL CORRECTIONS        -2.4    -2.5    -2.7    -2.3    -0.0
1 NEW ROW

 GRIDS  NROW,NSTEP   4   1
 SUMN,SUMLOW    0.0000E+00    0.0000E+00
 GOT POPP FROM UNIT  10      SUMP  0.2404E+00   M,N,EXMAX  53  77   240.2     170Tm      CN= 173Hf  
 SUMPOP FLOST,SUM,EXMAX,M,N  0.0000E+00  0.2404E+00  240.25  53  77
 SUMPOP FLOST,SUM,EXMAX,M,N  0.0000E+00  0.2404E+00  240.25  53  77
 CUTOFF   NSTEP,TOTAL,TRIM,TRIMJ,TRIME,TRIMLEV   1  0.2404E+00  0.2966E-07  0.0000E+00  0.1574E-07  0.1392E-07
          ICUT,AMX,ALEVEL,IAGAIN  37  0.7508E-03  0.7160E-09  20    CUT,PRCNT  0.100E-06  0.100E+01  M1,N1=  49  71
 CUTOFF OLD,NEW M1  49  57
 DIMENSIONS  57  71   236.2  53  76   229.6  53  76   226.1  53  76   225.1
 DENSTY: JSHAP= 49    JBAR= 94        71.5     9.0
 EVA M1,N1=    57    71
 NOP,NOA,NOF,NOG,KE2MX= 0 0 0 016  NOLEP,NOLJI,NOLJF,JFJI= 1 1 1 1

 EVA  M1*N1  4047    ZEROS    36    CUTS   178    CUTPOP  0.3580E-09    SUM CUTS  0.1802E-07
 LOSS BELOW YRAST LINE  0.0000E+00
 EVA-,STEP  1
 SEQOUT NROW,NSTEP   4   1         PARENT 170Tm      ELAB   309.0    EXCIT   272.7

 SUMP,SUMLOW    0.1264E-01    0.0000E+00
 WROTE POPP ON UNIT  11               169Er  
 SUMA,SUMLOW    0.8279E-02    0.0000E+00
 WROTE POPA ON UNIT  12               166Ho  
 TOTAL    0.2404E+00
 FLOST(SUMPOP),TRIM(CUTOFF),RLOST(POPUL),RP 
   0.0000E+00   0.4768E-07   0.2635E-09   0.1291E-02   0.2144E-03   0.2347E-03   0.0000E+00

 J SPECTRUM OF PARENT 170Tm  
    AVERAGE=  40.589    SUM=   0.240E+00
    0.00      5     16     27     38     49     60     71     81     91    100
   10.00    481    139    145    152    157    162    166    168    171    172
   20.00    172    172    170    168    165    161    157    152    146    140
   30.00    134    127    120    112    105     97     90     83     77     71
   40.00     66     62     58     54     51     48     46     45     44     44
   50.00     45     47     50     54     61     69     81     96    116    141
   60.00    172    209    253    304    357    411    463    512    559    373

 J SPECTRUM OF FISS   170Tm  
    AVERAGE=  58.067    SUM=   0.267E-01
    0.00      0      1      2      4      5      6      8      9     10     11
   10.00     58     18     19     21     22     23     25     26     28     29
   20.00     31     32     34     35     37     38     39     41     42     43
   30.00     44     45     46     47     47     47     47     47     47     48
   40.00     48     49     49     49     50     51     53     55     57     61
   50.00     66     73     82     93    108    128    154    189    232    286
   60.00    351    427    516    614    709    798    876    941    994    642

 E SPECTRUM OF PARENT 170Tm  
    AVERAGE= 212.229    SUM=   0.240E+00
  180.25      0      0      0      0      0      0      0      0      7      9
  190.25     13     18     23     30     39     50     63     79     97    119
  200.25    143    171    201    234    269    306    343    380    416    450
  210.25    480    505    525    537    541    535    520    493    457    413
  220.25    362    306    249    195    145    102     67     41     23     12
  230.25      5      2      0      0      0      0      0

 DJN SPEC
    AVERAGE=  -0.886    SUM=   0.191E+00
   -1.00   8862   1137      0      0      0      0      0      0      0      0

 DJP SPEC
    AVERAGE=  -0.878    SUM=   0.126E-01
   -1.00   8777   1222      0      0      0      0      0      0      0      0

 DJA SPEC
    AVERAGE=  -2.703    SUM=   0.828E-02
   -9.00      0      0      0      0      0      0   8238    755    798    207

   N   M   EXMAX  AV.EX. NW  MW  EXMAXW      Q      AL   DELTA     AVJ      DJ        TOTAL  BRANCH
  71  57   236.2   212.2  73  34   179.2    0.00   20.31   -1.12   40.59    0.00     0.240E+00 10000    
  76  53   229.6   199.6  80  31   173.6   -6.59   20.21   -0.87   37.60    2.99     0.191E+00  7947   N
  76  53   226.1   192.9  80  31   170.1   -6.16   20.21   -0.72   36.09    4.50     0.126E-01   526   P
  76  53   225.1   190.6  80  62   169.1    0.85   19.92   -1.27   36.95    3.64     0.828E-02   344   A
                   213.6  71  35   180.2  -33.95   23.28   -1.12   58.07             0.267E-01  1111   F
                                                                                     0.000E+00     0   G

 SPECTRA N,P,A  AVE    6.01   13.64   23.19         SUMS  0.1919E+00  0.1285E-01  0.8513E-02
 SEQIN:PAIR,DELT,CST   4  11.00   1.160 AL=  20.21  20.11  20.11  19.82  23.11 DELTA= -0.87 -1.48  0.00 -0.82 -0.87
 AF/AN=   1.100   BS,BK=   1.2827   1.4969 DPBAR=  31.75 A= 169. Z=  69. Y=   0.390
 SHELL CORRECTIONS        -2.5    -2.1    -2.6    -2.3    -0.0

 GRIDS  NROW,NSTEP   4   2
 SUMN,SUMLOW    0.1911E+00    0.0000E+00
 GOT POPP FROM UNIT  10      SUMP  0.5039E+00   M,N,EXMAX  53  76   232.6     169Tm      CN= 173Hf  
 SUMPOP FLOST,SUM,EXMAX,M,N  0.1110E-14  0.6950E+00  232.56  56  73  0.5039E+00  232.56  53  76  0.1911E+00  229.56  53  76  0 -3
 SUMPOP FLOST,SUM,EXMAX,M,N  0.0000E+00  0.6950E+00  232.56  56  73
 CUTOFF   NSTEP,TOTAL,TRIM,TRIMJ,TRIME,TRIMLEV   2  0.6950E+00  0.1002E-06  0.0000E+00  0.3640E-07  0.6381E-07
          ICUT,AMX,ALEVEL,IAGAIN  61  0.2389E-02  0.2278E-08  20    CUT,PRCNT  0.100E-06  0.100E+01  M1,N1=  51  70
 CUTOFF OLD,NEW M1  51  58
 DIMENSIONS  58  70   227.6  54  75   219.4  54  75   218.0  54  75   216.8
 DENSTY: JSHAP= 49    JBAR= 93        71.0     8.8
 EVA M1,N1=    58    70
 NOP,NOA,NOF,NOG,KE2MX= 0 0 0 016  NOLEP,NOLJI,NOLJF,JFJI= 1 1 1 1

 EVA  M1*N1  4060    ZEROS    56    CUTS   114    CUTPOP  0.1139E-08    SUM CUTS  0.5957E-07
 LOSS BELOW YRAST LINE  0.0000E+00
 EVA-,STEP  2
 SEQOUT NROW,NSTEP   4   2         PARENT 169Tm      ELAB   309.0    EXCIT   272.7

 SUMP,SUMLOW    0.3963E-01    0.0000E+00
 WROTE POPP ON UNIT  11               168Er  
 SUMA,SUMLOW    0.2512E-01    0.0000E+00
 WROTE POPA ON UNIT  12               165Ho  
 TOTAL    0.6950E+00
 FLOST(SUMPOP),TRIM(CUTOFF),RLOST(POPUL),RP 
   0.1110E-14   0.1598E-06   0.2380E-08   0.8032E-02   0.1460E-02   0.1434E-02   0.0000E+00

 J SPECTRUM OF PARENT 169Tm  
    AVERAGE=  37.908    SUM=   0.695E+00
    0.00      6     19     32     45     57     70     84     95    106    117
   10.00    718    167    174    179    184    188    190    191    192    191
   20.00    189    186    182    178    172    165    158    151    143    135
   30.00    126    118    109    100     92     83     76     68     62     57
   40.00     52     48     44     41     38     36     34     33     32     33
   50.00     34     36     39     43     50     59     71     88    110    138
   60.00    173    217    270    330    394    459    523    586    400      0

 J SPECTRUM OF FISS   169Tm  
    AVERAGE=  58.809    SUM=   0.569E-01
    0.00      0      1      2      3      4      6      7      8      9     11
   10.00     70     17     18     19     21     22     23     24     25     26
   20.00     27     28     29     30     31     32     33     34     34     35
   30.00     35     36     36     36     35     35     35     34     34     34
   40.00     34     34     34     34     35     35     36     38     41     44
   50.00     49     55     64     75     91    112    142    182    233    300
   60.00    383    485    609    742    878   1011   1132   1243    831      0

 E SPECTRUM OF PARENT 169Tm  
    AVERAGE= 199.747    SUM=   0.695E+00
  170.56      0      0      0      0      0      0      0      6      8     10
  180.56     48     59     72     86    103    122    143    166    191    218
  190.56    246    276    306    336    366    394    419    441    460    473
  200.56    481    482    477    465    447    421    390    354    315    273
  210.56    230    189    150    115     84     59     40     25     15      8
  220.56      4      2      0      0      0      0      0      0

 DJN SPEC
    AVERAGE=  -0.854    SUM=   0.562E+00
   -1.00   8539   1460      0      0      0      0      0      0      0      0

 DJP SPEC
    AVERAGE=  -0.844    SUM=   0.396E-01
   -1.00   8438   1561      0      0      0      0      0      0      0      0

 DJA SPEC
    AVERAGE=  -2.630    SUM=   0.251E-01
   -9.00      0      0      0      0      0      0   7832    871   1059    236

   N   M   EXMAX  AV.EX. NW  MW  EXMAXW      Q      AL   DELTA     AVJ      DJ        TOTAL  BRANCH
  70  58   227.6   199.7  72  34   169.6    0.00   20.21   -0.87   37.91    0.00     0.695E+00 10000    
  75  54   219.4   186.0  80  31   162.4   -8.03   20.11   -1.48   35.30    2.61     0.562E+00  8093   N
  75  54   218.0   181.6  80  31   161.0   -5.57   20.11    0.00   33.80    4.11     0.396E-01   570   P
  75  54   216.8   179.2  80  62   159.8    1.20   19.82   -0.82   34.90    3.01     0.251E-01   361   A
                   201.4  70  35   170.6  -33.70   23.11   -0.87   58.81             0.569E-01   818   F
                                                                                     0.000E+00     0   G

 SPECTRA N,P,A  AVE    5.85   13.48   23.00         SUMS  0.5691E+00  0.4107E-01  0.2655E-01
 SEQIN:PAIR,DELT,CST   4  11.00   1.160 AL=  20.11  20.01  20.01  19.72  23.00 DELTA= -1.48 -0.98 -0.76 -1.49 -1.48
 AF/AN=   1.100   BS,BK=   1.2827   1.4966 DPBAR=  31.43 A= 168. Z=  69. Y=   0.390
 SHELL CORRECTIONS        -2.1    -2.0    -2.4    -1.9     0.0

 GRIDS  NROW,NSTEP   4   3
 SUMN,SUMLOW    0.5625E+00    0.0000E+00
 GOT POPP FROM UNIT  10      SUMP  0.2368E+01   M,N,EXMAX  54  75   247.9     168Tm      CN= 173Hf  
 SUMPOP FLOST,SUM,EXMAX,M,N  0.1883E+00  0.2742E+01  239.93  59  69  0.2368E+01  247.93  54  75  0.5625E+00  219.43  54  75  7-21
 GOT POPA FROM UNIT  13      SUMA  0.2104E+01   M,N,EXMAX  52  78   252.9     168Tm  
 SUMPOP FLOST,SUM,EXMAX,M,N  0.3207E-01  0.4814E+01  240.92  59  69  0.2742E+01  239.93  59  69  0.2104E+01  252.92  52  78 -1 11
 CUTOFF   NSTEP,TOTAL,TRIM,TRIMJ,TRIME,TRIMLEV   3  0.4814E+01  0.0000E+00  0.0000E+00  0.0000E+00  0.0000E+00
          ICUT,AMX,ALEVEL,IAGAIN   0  0.1736E-01  0.5299E-06  15    CUT,PRCNT  0.100E-06  0.100E+01  M1,N1=  59  69
 DIMENSIONS  59  69   240.9  55  74   234.0  55  74   231.6  55  74   230.2
 DENSTY: JSHAP= 49    JBAR= 91        70.0     8.4
 EVA M1,N1=    59    69
 NOP,NOA,NOF,NOG,KE2MX= 0 0 0 016  NOLEP,NOLJI,NOLJF,JFJI= 1 1 1 1

 EVA  M1*N1  4071    ZEROS     0    CUTS     0    CUTPOP  0.2407E-07    SUM CUTS  0.0000E+00
 LOSS BELOW YRAST LINE  0.0000E+00
 EVA-,STEP  3
 SEQOUT NROW,NSTEP   4   3         PARENT 168Tm      ELAB   309.0    EXCIT   272.7

 SUMP,SUMLOW    0.3113E+00    0.0000E+00
 WROTE POPP ON UNIT  11               167Er  
 SUMA,SUMLOW    0.1925E+00    0.0000E+00
 WROTE POPA ON UNIT  12               164Ho  
 TOTAL    0.4814E+01
 FLOST(SUMPOP),TRIM(CUTOFF),RLOST(POPUL),RP 
   0.2204E+00   0.0000E+00   0.6799E-04   0.1973E+00   0.2200E-01   0.1545E-01   0.0000E+00

 J SPECTRUM OF PARENT 168Tm  
    AVERAGE=  43.061    SUM=   0.481E+01
    0.00      4     12     21     29     37     84     55     63     70    183
   10.00    215    104    159    165    124    129    133    136    139    141
   20.00    142    143    143    142    141    139    136    133    129    125
   30.00    121    116    111    106    101     95     90     85     81     77
   40.00     73     70     67     65     63     62     61     61     61     63
   50.00     66     70     76     84     95    109    127    150    178    212
   60.00    252    299    350    405    461    515    565    586    357

 J SPECTRUM OF FISS   168Tm  
    AVERAGE=  56.122    SUM=   0.829E+00
    0.00      0      1      2      3      4     11      7      8      9     28
   10.00     23     16     26     28     21     22     24     26     27     29
   20.00     31     33     35     36     38     40     42     44     46     48
   30.00     49     51     52     54     55     56     58     59     60     62
   40.00     63     65     67     69     71     74     78     82     87     94
   50.00    103    114    128    145    168    196    231    274    325    385
   60.00    451    525    600    671    733    782    818    817    484

 E SPECTRUM OF PARENT 168Tm  
    AVERAGE= 224.585    SUM=   0.481E+01
  182.92     48     50     51     52     52     51     50     48     46     43
  192.92     40     85     76     67     58     49     40     32     26     20
  202.92     16     13     11     11     12     14     18     23     29     37
  212.92     48     60     76     94    116    142    171    203    239    277
  222.92    317    360    403    447    488    524    554    574    580    571
  232.92    544    499    437    362    281    201    131     76     26

 DJN SPEC
    AVERAGE=  -0.913    SUM=   0.325E+01
   -1.00   9129    870      0      0      0      0      0      0      0      0

 DJP SPEC
    AVERAGE=  -0.910    SUM=   0.311E+00
   -1.00   9098    901      0      0      0      0      0      0      0      0

 DJA SPEC
    AVERAGE=  -2.764    SUM=   0.192E+00
   -9.00      0      0      0      0      0      0   8578    691    526    203

   N   M   EXMAX  AV.EX. NW  MW  EXMAXW      Q      AL   DELTA     AVJ      DJ        TOTAL  BRANCH
  69  59   240.9   224.6  71  35   181.9    0.00   20.11   -1.48   43.06    0.00     0.481E+01 10000    
  74  55   234.0   213.1  80  31   176.0   -6.84   20.01   -0.98   39.85    3.21     0.325E+01  6743   N
  74  55   231.6   208.1  80  31   173.6   -5.31   20.01   -0.76   38.85    4.21     0.311E+00   647   P
  74  55   230.2   205.3  80  62   172.2    1.24   19.72   -1.49   39.41    3.65     0.192E+00   400   A
                   227.5  69  36   182.9  -33.04   23.00   -1.48   56.12             0.829E+00  1723   F
                                                                                     0.000E+00     0   G

 SPECTRA N,P,A  AVE    6.18   13.85   23.43         SUMS  0.3436E+01  0.3331E+00  0.2079E+00
 SEQIN:PAIR,DELT,CST   4  11.00   1.160 AL=  20.01  19.92  19.92  19.62  22.89 DELTA= -0.98 -1.88  0.00 -0.96 -0.98
 AF/AN=   1.100   BS,BK=   1.2826   1.4963 DPBAR=  31.10 A= 167. Z=  69. Y=   0.389
 SHELL CORRECTIONS        -2.0    -1.7    -2.2    -1.8     0.0

 GRIDS  NROW,NSTEP   4   4
 SUMN,SUMLOW    0.3246E+01    0.0000E+00
 GOT POPP FROM UNIT  10      SUMP  0.2846E+01   M,N,EXMAX  55  74   238.0     167Tm      CN= 173Hf  
 SUMPOP FLOST,SUM,EXMAX,M,N -0.8882E-15  0.6092E+01  237.98  59  69  0.2846E+01  237.98  55  74  0.3246E+01  233.98  55  74  0 -4
 GOT POPA FROM UNIT  13      SUMA  0.2405E+01   M,N,EXMAX  53  77   245.0     167Tm  
 SUMPOP FLOST,SUM,EXMAX,M,N  0.2167E-05  0.8497E+01  237.98  59  69  0.6092E+01  237.98  59  69  0.2405E+01  244.98  53  77  0  6
 CUTOFF   NSTEP,TOTAL,TRIM,TRIMJ,TRIME,TRIMLEV   4  0.8497E+01  0.3049E-06  0.0000E+00  0.0000E+00  0.3049E-06
          ICUT,AMX,ALEVEL,IAGAIN  18  0.2978E-01  0.2840E-07  20    CUT,PRCNT  0.100E-06  0.100E+01  M1,N1=  59  69
 DIMENSIONS  59  69   238.0  55  74   229.2  55  74   229.1  55  74   227.4
 DENSTY: JSHAP= 48    JBAR= 89        68.5     8.2
 EVA M1,N1=    59    69
 NOP,NOA,NOF,NOG,KE2MX= 0 0 0 016  NOLEP,NOLJI,NOLJF,JFJI= 1 1 1 1

 EVA  M1*N1  4071    ZEROS    14    CUTS     5    CUTPOP  0.1420E-07    SUM CUTS  0.1073E-07
 LOSS BELOW YRAST LINE  0.0000E+00
 EVA-,STEP  4
 SEQOUT NROW,NSTEP   4   4         PARENT 167Tm      ELAB   309.0    EXCIT   272.7

 SUMP,SUMLOW    0.6438E+00    0.0000E+00
 WROTE POPP ON UNIT  11               166Er  
 SUMA,SUMLOW    0.3885E+00    0.0000E+00
 WROTE POPA ON UNIT  12               163Ho  
 TOTAL    0.8497E+01
 FLOST(SUMPOP),TRIM(CUTOFF),RLOST(POPUL),RP 
   0.2167E-05   0.3156E-06   0.7670E-04   0.2242E+00   0.2920E-01   0.2107E-01   0.0000E+00

 J SPECTRUM OF PARENT 167Tm  
    AVERAGE=  40.968    SUM=   0.850E+01
    0.00      5     14     24     34     44    105     65     74     83    277
   10.00    269    171    175    180    146    150    154    156    158    158
   20.00    158    157    155    153    149    145    140    135    129    123
   30.00    117    110    103     97     90     83     77     72     67     63
   40.00     59     55     52     50     48     46     45     45     46     48
   50.00     51     55     61     69     80     95    115    140    173    213
   60.00    263    321    387    458    530    601    659    435      0

 J SPECTRUM OF FISS   167Tm  
    AVERAGE=  55.823    SUM=   0.112E+01
    0.00      0      1      3      4      5     14      8     10     11     41
   10.00     36     27     29     30     25     27     28     30     32     33
   20.00     35     37     38     40     41     43     44     46     47     48
   30.00     49     50     50     51     51     51     51     52     52     53
   40.00     53     54     55     56     57     59     62     65     70     76
   50.00     85     95    109    128    152    184    225    276    338    412
   60.00    499    597    698    793    878    948    992    625      0

 E SPECTRUM OF PARENT 167Tm  
    AVERAGE= 214.067    SUM=   0.850E+01
  179.98     24     24     24     24     51     47     43     38     32     28
  189.98     24     22     24     25     27     31     37     45     54     65
  199.98     79     94    113    133    156    182    209    239    271    303
  209.98    337    370    402    432    458    481    497    507    508    501
  219.98    484    457    420    376    326    272    218    166    119     80
  229.98     49     27     13      5      1      0      0      0      0

 DJN SPEC
    AVERAGE=  -0.890    SUM=   0.607E+01
   -1.00   8900   1099      0      0      0      0      0      0      0      0

 DJP SPEC
    AVERAGE=  -0.884    SUM=   0.644E+00
   -1.00   8840   1159      0      0      0      0      0      0      0      0

 DJA SPEC
    AVERAGE=  -2.704    SUM=   0.388E+00
   -9.00      0      0      0      0      0      0   8231    817    710    240

   N   M   EXMAX  AV.EX. NW  MW  EXMAXW      Q      AL   DELTA     AVJ      DJ        TOTAL  BRANCH
  69  59   238.0   214.1  71  35   179.0    0.00   20.01   -0.98   40.97    0.00     0.850E+01 10000    
  74  55   229.2   200.0  80  31   171.2   -8.73   19.92   -1.88   38.06    2.91     0.607E+01  7145   N
  74  55   229.1   196.8  80  31   171.1   -4.91   19.92    0.00   36.92    4.05     0.644E+00   758   P
  74  55   227.4   193.7  80  62   169.4    1.41   19.62   -0.96   37.73    3.24     0.388E+00   457   A
                   215.9  69  36   180.0  -32.63   22.89   -0.98   55.82             0.112E+01  1317   F
                                                                                     0.000E+00     0   G

 SPECTRA N,P,A  AVE    6.06   13.72   23.28         SUMS  0.6281E+01  0.6727E+00  0.4095E+00
 SEQIN:PAIR,DELT,CST   4  11.00   1.160 AL=  19.92  19.82  19.82  19.52  22.79 DELTA= -1.88 -1.11 -1.01 -1.69 -1.88
 AF/AN=   1.100   BS,BK=   1.2826   1.4960 DPBAR=  30.75 A= 166. Z=  69. Y=   0.389
 SHELL CORRECTIONS        -1.7    -1.5    -1.9    -1.4     0.0

 GRIDS  NROW,NSTEP   4   5
 SUMN,SUMLOW    0.6071E+01    0.0000E+00
 GOT POPP FROM UNIT  10      SUMP  0.2759E+01   M,N,EXMAX  56  73   224.2     166Tm      CN= 173Hf  
 SUMPOP FLOST,SUM,EXMAX,M,N  0.2463E-01  0.8805E+01  229.15  60  68  0.2759E+01  224.16  56  73  0.6071E+01  229.15  55  74 -5  0
 GOT POPA FROM UNIT  13      SUMA  0.2200E+01   M,N,EXMAX  53  76   235.2     166Tm  
 SUMPOP FLOST,SUM,EXMAX,M,N  0.4448E-07  0.1101E+02  229.16  60  68  0.8805E+01  229.15  60  68  0.2200E+01  235.16  53  76  0  5
 CUTOFF   NSTEP,TOTAL,TRIM,TRIMJ,TRIME,TRIMLEV   5  0.1101E+02  0.2746E-06  0.0000E+00  0.2746E-06  0.0000E+00
          ICUT,AMX,ALEVEL,IAGAIN  18  0.3656E-01  0.1743E-07  21    CUT,PRCNT  0.100E-06  0.100E+01  M1,N1=  59  68
 CUTOFF OLD,NEW M1  59  60
 DIMENSIONS  60  68   228.2  56  73   221.0  56  73   219.5  56  73   217.9
 DENSTY: JSHAP= 48    JBAR= 86        67.0     7.6
 EVA M1,N1=    60    68
 NOP,NOA,NOF,NOG,KE2MX= 0 0 0 016  NOLEP,NOLJI,NOLJF,JFJI= 1 1 1 1

 EVA  M1*N1  4080    ZEROS     0    CUTS    36    CUTPOP  0.8716E-08    SUM CUTS  0.1301E-06
 LOSS BELOW YRAST LINE  0.0000E+00
 EVA-,STEP  5
 SEQOUT NROW,NSTEP   4   5         PARENT 166Tm      ELAB   309.0    EXCIT   272.7

 SUMP,SUMLOW    0.9348E+00    0.0000E+00
 WROTE POPP ON UNIT  11               165Er  
 SUMA,SUMLOW    0.5455E+00    0.0000E+00
 WROTE POPA ON UNIT  12               162Ho  
 TOTAL    0.1101E+02
 FLOST(SUMPOP),TRIM(CUTOFF),RLOST(POPUL),RP 
   0.2463E-01   0.4047E-06   0.5562E-04   0.2385E+00   0.4643E-01   0.3624E-01   0.0000E+00

 J SPECTRUM OF PARENT 166Tm  
    AVERAGE=  38.472    SUM=   0.110E+02
    0.00      5     17     29     40     52    126     76     87     97    385
   10.00    423    191    195    199    170    173    175    176    176    174
   20.00    172    169    164    159    153    147    140    133    125    117
   30.00    109    101     93     85     78     71     65     59     54     50
   40.00     46     43     40     38     36     35     34     34     35     37
   50.00     40     44     50     59     71     87    109    138    175    223
   60.00    283    354    435    522    612    697    479      0

 J SPECTRUM OF FISS   166Tm  
    AVERAGE=  55.538    SUM=   0.110E+01
    0.00      0      2      3      4      6     15      9     11     12     53
   10.00     57     29     30     32     28     29     31     32     34     35
   20.00     37     38     39     40     41     42     43     44     45     45
   30.00     45     45     45     45     45     44     44     44     44     44
   40.00     44     44     45     46     47     49     51     55     60     66
   50.00     75     86    102    123    151    189    239    301    379    475
   60.00    587    712    838    955   1058   1138    739      0

 E SPECTRUM OF PARENT 166Tm  
    AVERAGE= 199.776    SUM=   0.110E+02
  169.16      0     21     20     18     16     15     37     35     35     36
  179.16     38     42     48     67     78     90    105    122    141    161
  189.16    184    208    233    259    286    314    340    366    390    412
  199.16    430    444    454    458    456    448    434    413    386    355
  209.16    319    279    239    198    160    124     92     65     44     27
  219.16     16      8      4      1      0      0      0      0      0      0

 DJN SPEC
    AVERAGE=  -0.855    SUM=   0.811E+01
   -1.00   8546   1453      0      0      0      0      0      0      0      0

 DJP SPEC
    AVERAGE=  -0.847    SUM=   0.935E+00
   -1.00   8466   1533      0      0      0      0      0      0      0      0

 DJA SPEC
    AVERAGE=  -2.629    SUM=   0.546E+00
   -9.00      0      0      0      0      0      0   7829    902    991    276

   N   M   EXMAX  AV.EX. NW  MW  EXMAXW      Q      AL   DELTA     AVJ      DJ        TOTAL  BRANCH
  68  60   228.2   199.8  70  35   168.2    0.00   19.92   -1.88   38.47    0.00     0.110E+02 10000    
  73  56   221.0   187.3  79  31   162.0   -7.03   19.82   -1.11   35.90    2.57     0.811E+01  7366   N
  73  56   219.5   182.8  79  31   160.5   -4.66   19.82   -1.01   34.74    3.73     0.935E+00   849   P
  73  56   217.9   180.0  80  62   158.9    1.73   19.52   -1.69   35.80    2.67     0.546E+00   496   A
                   201.6  68  36   169.2  -31.92   22.79   -1.88   55.54             0.110E+01   997   F
                                                                                     0.000E+00     0   G

 SPECTRA N,P,A  AVE    5.89   13.55   23.08         SUMS  0.8324E+01  0.9808E+00  0.5817E+00
1    ROW  4      ELEMENT Tm      X-SECTION   0.000E+00
(14)N+(159)Tb -> (173)Hf                                                
 ELAB(MEV)  309.000     Q-VALUE  -11.257    EXCIT  272.737
 SIGFUS,SIGEVA,SIGFIS,SIGMXZ  0.9476E+03  0.0000E+00  0.8568E+03  0.0000E+00
 ZT= 65    AT 159    ZP  7    AP  14


             170Tm     169Tm     168Tm     167Tm     166Tm  
 SIG        0.000E+00 0.000E+00 0.000E+00 0.000E+00 0.000E+00
 B-G               0         0         0         0         0
  R-N           7947      8093      6743      7145      7366
 BR-P            526       570       647       758       849
 BR-A            344       361       400       457       496
 BR-F           1111       818      1723      1317       997
 SIGF       0.267E-01 0.569E-01 0.829E+00 0.112E+01 0.110E+01
 TOTAL      0.240E+00 0.695E+00 0.481E+01 0.850E+01 0.110E+02
 EXCP          212.2     199.7     224.6     214.1     199.8
 SPINP          40.6      37.9      43.1      41.0      38.5
 EXCF          213.6     201.4     227.5     215.9     201.6
 SPINF          58.1      58.8      56.1      55.8      55.5
 DJN           -0.89     -0.85     -0.91     -0.89     -0.85
 DJP           -0.88     -0.84     -0.91     -0.88     -0.85
 DJA           -2.70     -2.63     -2.76     -2.70     -2.63
 AV.E N         6.01      5.85      6.18      6.06      5.89
 AV.E P        13.64     13.48     13.85     13.72     13.55
 AV.E A        23.19     23.00     23.43     23.28     23.08
 SUM GAM         0.0       0.0       0.0       0.0       0.0
 SPIN GAM        0.0       0.0       0.0       0.0       0.0

 TRIM       0.477E-07 0.160E-06 0.000E+00 0.316E-06 0.405E-06
 FLOST      0.000E+00 0.111E-14 0.220E+00 0.217E-05 0.246E-01
 RP         0.000E+00 0.000E+00 0.000E+00 0.000E+00 0.000E+00
 RLOSTG     0.264E-09 0.238E-08 0.680E-04 0.767E-04 0.556E-04
 RLOSTN     0.129E-02 0.803E-02 0.197E+00 0.224E+00 0.238E+00
 RLOSTP     0.214E-03 0.146E-02 0.220E-01 0.292E-01 0.464E-01
 RLOSTA     0.235E-03 0.143E-02 0.155E-01 0.211E-01 0.362E-01
 TIME              0         0         0         0         0

 STORAGE
  1.  1.  3.  3.  3.
  0.  0.  2.  2.  2.
  169.   68.   0.0010    21     1    25    25    35    12    12    20
 DEL     1.0     0.1     4.0    12.0     0.0
 TRANSM  APAR,ZPAR,SIGLOW,UNIT,DEL 169.0  68.0  0.10E-02  21     0.1     4.0    12.0
 SEQIN:PAIR,DELT,CST   4  11.00   1.160 AL=  20.21  20.11  20.11  19.82  23.17 DELTA= -0.72  0.00 -1.21 -0.75 -0.72
 AF/AN=   1.100   BS,BK=   1.2848   1.5195 DPBAR=  33.84 A= 169. Z=  68. Y=   0.429
 SHELL CORRECTIONS        -2.7    -2.6    -2.5    -2.5     0.0
1 NEW ROW

 GRIDS  NROW,NSTEP   5   1
 SUMN,SUMLOW    0.0000E+00    0.0000E+00
 GOT POPP FROM UNIT  11      SUMP  0.1264E-01   M,N,EXMAX  53  76   226.1     169Er      CN= 173Hf  
 SUMPOP FLOST,SUM,EXMAX,M,N  0.0000E+00  0.1264E-01  226.09  53  76
 SUMPOP FLOST,SUM,EXMAX,M,N  0.0000E+00  0.1264E-01  226.09  53  76
 CUTOFF   NSTEP,TOTAL,TRIM,TRIMJ,TRIME,TRIMLEV   1  0.1264E-01  0.2419E-09  0.0000E+00  0.2419E-09  0.0000E+00
          ICUT,AMX,ALEVEL,IAGAIN  18  0.4519E-04  0.2155E-10  21    CUT,PRCNT  0.100E-06  0.100E+01  M1,N1=  49  70
 CUTOFF OLD,NEW M1  49  58
 DIMENSIONS  58  70   222.1  54  75   216.0  54  75   209.9  54  75   210.4
 DENSTY: JSHAP= 49    JBAR= 96        72.5     9.4
 EVA M1,N1=    58    70
 NOP,NOA,NOF,NOG,KE2MX= 0 0 0 016  NOLEP,NOLJI,NOLJF,JFJI= 1 1 1 1

 EVA  M1*N1  4060    ZEROS     2    CUTS   200    CUTPOP  0.1077E-10    SUM CUTS  0.3229E-09
 LOSS BELOW YRAST LINE  0.0000E+00
 EVA-,STEP  1
 SEQOUT NROW,NSTEP   5   1         PARENT 169Er      ELAB   309.0    EXCIT   272.7

 SUMP,SUMLOW    0.5055E-03    0.0000E+00
 WROTE POPP ON UNIT  10               168Ho  
 SUMA,SUMLOW    0.3463E-03    0.0000E+00
 WROTE POPA ON UNIT  12               165Dy  
 TOTAL    0.1264E-01
 FLOST(SUMPOP),TRIM(CUTOFF),RLOST(POPUL),RP 
   0.0000E+00   0.5648E-09   0.5198E-10   0.1904E-03   0.2175E-04   0.2224E-04   0.0000E+00

 J SPECTRUM OF PARENT 169Er  
    AVERAGE=  36.094    SUM=   0.126E-01
    0.00      6     19     33     46     59     71     85     97    109    119
   10.00    739    173    180    186    191    195    198    200    201    201
   20.00    200    198    194    190    185    179    173    166    158    150
   30.00    141    133    124    115    106     97     89     81     75     69
   40.00     64     59     54     51     48     45     43     41     41     41
   50.00     42     44     48     52     59     68     80     96    116    141
   60.00    170    206    247    290    334    377    417    456    306      0

 J SPECTRUM OF FISS   169Er  
    AVERAGE=  59.189    SUM=   0.488E-03
    0.00      0      1      2      3      3      4      5      6      7      8
   10.00     56     14     15     16     17     18     19     20     21     22
   20.00     23     24     25     25     26     27     28     29     30     31
   30.00     31     32     32     32     33     33     33     33     33     34
   40.00     34     35     35     36     37     38     39     42     45     49
   50.00     55     63     73     86    103    128    160    202    256    323
   60.00    406    507    625    747    872    993   1105   1211    813      0

 E SPECTRUM OF PARENT 169Er  
    AVERAGE= 192.926    SUM=   0.126E-01
  165.09      0      0      0      0      0      0      0      0      0     50
  175.09     62     76     91    109    129    152    177    203    232    262
  185.09    293    324    354    384    411    436    457    472    483    487
  195.09    485    476    460    437    408    374    335    294    251    209
  205.09    169    132    100     73     51     33     21     12      7      3
  215.09      1      0      0      0      0      0      0      0

 DJN SPEC
    AVERAGE=  -0.857    SUM=   0.111E-01
   -1.00   8565   1434      0      0      0      0      0      0      0      0

 DJP SPEC
    AVERAGE=  -0.845    SUM=   0.506E-03
   -1.00   8448   1551      0      0      0      0      0      0      0      0

 DJA SPEC
    AVERAGE=  -2.632    SUM=   0.346E-03
   -9.00      0      0      0      0      0      0   7839    875   1051    233

   N   M   EXMAX  AV.EX. NW  MW  EXMAXW      Q      AL   DELTA     AVJ      DJ        TOTAL  BRANCH
  70  58   222.1   192.9  72  34   164.1    0.00   20.21   -0.72   36.09    0.00     0.126E-01 10000    
  75  54   216.0   181.4  80  31   159.0   -6.00   20.11    0.00   34.43    1.67     0.111E-01  8754   N
  75  54   209.9   172.7  80  31   152.9   -8.15   20.11   -1.21   32.68    3.42     0.506E-03   400   P
  75  54   210.4   172.0  80  62   153.4    0.27   19.82   -0.75   33.71    2.38     0.346E-03   274   A
                   194.9  70  35   165.1  -36.05   23.17   -0.72   59.19             0.488E-03   386   F
                                                                                     0.000E+00     0   G

 SPECTRA N,P,A  AVE    5.75   13.25   22.63         SUMS  0.1123E-01  0.5271E-03  0.3686E-03
 SEQIN:PAIR,DELT,CST   4  11.00   1.160 AL=  20.11  20.01  20.01  19.72  23.07 DELTA=  0.00 -0.76 -0.78  0.00  0.00
 AF/AN=   1.100   BS,BK=   1.2848   1.5195 DPBAR=  33.56 A= 168. Z=  68. Y=   0.429
 SHELL CORRECTIONS        -2.6    -2.4    -2.6    -2.5     0.0

 GRIDS  NROW,NSTEP   5   2
 SUMN,SUMLOW    0.1107E-01    0.0000E+00
 GOT POPP FROM UNIT  11      SUMP  0.3963E-01   M,N,EXMAX  54  75   218.0     168Er      CN= 173Hf  
 SUMPOP FLOST,SUM,EXMAX,M,N -0.5551E-16  0.5069E-01  217.99  56  73  0.3963E-01  217.99  54  75  0.1107E-01  215.99  54  75  0 -2
 SUMPOP FLOST,SUM,EXMAX,M,N  0.0000E+00  0.5069E-01  217.99  56  73
 CUTOFF   NSTEP,TOTAL,TRIM,TRIMJ,TRIME,TRIMLEV   2  0.5069E-01  0.3101E-08  0.0000E+00  0.3101E-08  0.0000E+00
          ICUT,AMX,ALEVEL,IAGAIN  18  0.2320E-03  0.1106E-09  21    CUT,PRCNT  0.100E-06  0.100E+01  M1,N1=  51  69
 CUTOFF OLD,NEW M1  51  59
 DIMENSIONS  59  69   213.0  55  74   205.1  55  74   201.0  55  74   201.5
 DENSTY: JSHAP= 49    JBAR= 95        72.0     9.2
 EVA M1,N1=    59    69
 NOP,NOA,NOF,NOG,KE2MX= 0 0 0 016  NOLEP,NOLJI,NOLJF,JFJI= 1 1 1 1

 EVA  M1*N1  4071    ZEROS     2    CUTS   127    CUTPOP  0.5531E-10    SUM CUTS  0.1474E-08
 LOSS BELOW YRAST LINE  0.0000E+00
 EVA-,STEP  2
 SEQOUT NROW,NSTEP   5   2         PARENT 168Er      ELAB   309.0    EXCIT   272.7

 SUMP,SUMLOW    0.2151E-02    0.0000E+00
 WROTE POPP ON UNIT  10               167Ho  
 SUMA,SUMLOW    0.1437E-02    0.0000E+00
 WROTE POPA ON UNIT  12               164Dy  
 TOTAL    0.5069E-01
 FLOST(SUMPOP),TRIM(CUTOFF),RLOST(POPUL),RP 
  -0.5551E-16   0.4576E-08   0.3220E-09   0.9302E-03   0.1180E-03   0.1164E-03   0.0000E+00

 J SPECTRUM OF PARENT 168Er  
    AVERAGE=  33.938    SUM=   0.507E-01
    0.00      7     22     36     51     65     79     95    108    120    132
   10.00   1003    197    203    208    212    214    216    216    214    212
   20.00    209    204    199    192    184    176    168    159    150    140
   30.00    130    120    110    100     91     82     74     67     61     56
   40.00     51     47     43     40     37     35     34     33     33     33
   50.00     35     37     41     47     54     65     78     96    119    148
   60.00    183    225    272    321    371    420    468    318      0

 J SPECTRUM OF FISS   168Er  
    AVERAGE=  59.384    SUM=   0.155E-02
    0.00      0      1      2      2      3      4      5      6      7      8
   10.00     64     13     14     15     15     16     17     18     19     19
   20.00     20     21     21     22     23     23     24     24     25     25
   30.00     25     25     25     25     25     25     25     25     25     25
   40.00     25     26     26     26     27     28     30     32     35     40
   50.00     45     53     63     78     98    126    164    214    280    364
   60.00    472    605    757    918   1084   1248   1409    970      1

 E SPECTRUM OF PARENT 168Er  
    AVERAGE= 181.582    SUM=   0.507E-01
  154.99      0      0      0      0      0      0      0      0     12     16
  164.99    101    121    143    164    187    212    237    264    291    318
  174.99    344    369    392    413    430    444    453    457    456    450
  184.99    438    421    399    373    343    310    275    240    205    171
  194.99    139    110     85     64     46     32     21     14      8      5
  204.99      2      1      0      0      0      0      0      0      0

 DJN SPEC
    AVERAGE=  -0.823    SUM=   0.444E-01
   -1.00   8232   1767      0      0      0      0      0      0      0      0

 DJP SPEC
    AVERAGE=  -0.810    SUM=   0.215E-02
   -1.00   8096   1903      0      0      0      0      0      0      0      0

 DJA SPEC
    AVERAGE=  -2.559    SUM=   0.144E-02
   -9.00      0      0      0      0      0      0   7434    974   1332    257

   N   M   EXMAX  AV.EX. NW  MW  EXMAXW      Q      AL   DELTA     AVJ      DJ        TOTAL  BRANCH
  69  59   213.0   181.6  71  35   154.0    0.00   20.11    0.00   33.94    0.00     0.507E-01 10000    
  74  55   205.1   168.5  80  31   147.1   -7.77   20.01   -0.76   32.45    1.49     0.444E-01  8757   N
  74  55   201.0   161.9  80  31   143.0   -8.00   20.01   -0.78   30.70    3.24     0.215E-02   424   P
  74  55   201.5   161.4  80  62   143.5    0.55   19.72    0.00   31.88    2.05     0.144E-02   284   A
                   183.9  69  36   155.0  -35.68   23.07    0.00   59.38             0.155E-02   305   F
                                                                                     0.000E+00     0   G

 SPECTRA N,P,A  AVE    5.59   13.08   22.43         SUMS  0.4520E-01  0.2268E-02  0.1554E-02
 SEQIN:PAIR,DELT,CST   4  11.00   1.160 AL=  20.01  19.92  19.92  19.62  22.96 DELTA= -0.76  0.00 -1.27 -0.79 -0.76
 AF/AN=   1.100   BS,BK=   1.2848   1.5194 DPBAR=  33.26 A= 167. Z=  68. Y=   0.429
 SHELL CORRECTIONS        -2.4    -2.2    -2.3    -2.2     0.0

 GRIDS  NROW,NSTEP   5   3
 SUMN,SUMLOW    0.4439E-01    0.0000E+00
 GOT POPP FROM UNIT  11      SUMP  0.3113E+00   M,N,EXMAX  55  74   231.6     167Er      CN= 173Hf  
 SUMPOP FLOST,SUM,EXMAX,M,N  0.1411E-01  0.3416E+00  223.61  60  68  0.3113E+00  231.61  55  74  0.4439E-01  205.12  55  74  7-18
 GOT POPA FROM UNIT  13      SUMA  0.1808E+01   M,N,EXMAX  54  75   226.0     165Tm  
 SUMPOP FLOST,SUM,EXMAX,M,N  0.2876E-11  0.2149E+01  224.03  60  68  0.3416E+00  223.61  60  68  0.1808E+01  226.03  54  75  0  1
 CUTOFF   NSTEP,TOTAL,TRIM,TRIMJ,TRIME,TRIMLEV   3  0.2149E+01  0.1017E-06  0.0000E+00  0.0000E+00  0.1017E-06
          ICUT,AMX,ALEVEL,IAGAIN   2  0.7721E-02  0.5891E-07  17    CUT,PRCNT  0.100E-06  0.100E+01  M1,N1=  60  68
 DIMENSIONS  60  68   224.0  56  73   217.5  56  73   212.5  56  73   212.7
 DENSTY: JSHAP= 49    JBAR= 94        71.5     9.0
 EVA M1,N1=    60    68
 NOP,NOA,NOF,NOG,KE2MX= 0 0 0 016  NOLEP,NOLJI,NOLJF,JFJI= 1 1 1 1

 EVA  M1*N1  4080    ZEROS     0    CUTS     0    CUTPOP  0.1075E-07    SUM CUTS  0.0000E+00
 LOSS BELOW YRAST LINE  0.0000E+00
 EVA-,STEP  3
 SEQOUT NROW,NSTEP   5   3         PARENT 167Er      ELAB   309.0    EXCIT   272.7

 SUMP,SUMLOW    0.1043E+00    0.0000E+00
 WROTE POPP ON UNIT  10               166Ho  
 SUMA,SUMLOW    0.6654E-01    0.0000E+00
 WROTE POPA ON UNIT  12               163Dy  
 TOTAL    0.2149E+01
 FLOST(SUMPOP),TRIM(CUTOFF),RLOST(POPUL),RP 
   0.1411E-01   0.1017E-06   0.5341E-05   0.9725E-01   0.1228E-01   0.1046E-01   0.0000E+00

 J SPECTRUM OF PARENT 167Er  
    AVERAGE=  36.499    SUM=   0.215E+01
    0.00      7     22     36     51     65    160     96    108    120    839
   10.00    219    192    197    358    193    194    193    190    187    182
   20.00    176    169    160    151    142    133    123    113    103     93
   30.00     84     75     67     59     52     46     41     37     33     30
   40.00     27     25     23     21     20     19     19     19     20     21
   50.00     23     27     32     39     50     65     88    120    164    225
   60.00    306    406    524    655    794    612     79     48

 J SPECTRUM OF FISS   167Er  
    AVERAGE=  59.128    SUM=   0.123E+00
    0.00      0      1      2      2      3      9      5      6      7     51
   10.00     15     14     15     25     15     15     16     17     17     18
   20.00     18     18     19     19     19     19     19     19     19     19
   30.00     19     18     18     18     17     17     17     17     16     17
   40.00     17     17     17     17     18     19     20     22     25     29
   50.00     33     40     50     65     87    119    165    232    328    462
   60.00    643    872   1140   1435   1748   1366    226    139

 E SPECTRUM OF PARENT 167Er  
    AVERAGE= 191.127    SUM=   0.215E+01
  165.03      8      8      8      8      9      9      8    108    123    138
  175.03    155    173    199    218    238    258    277    296    314    330
  185.03    346    359    369    377    381    381    378    371    360    346
  195.03    328    307    285    260    236    211    188    166    146    129
  205.03    115    104     95     89     84     81     78     75     71     67
  215.03     61     55     48     40     32     25     18     12      8      4

 DJN SPEC
    AVERAGE=  -0.819    SUM=   0.174E+01
   -1.00   8191   1808      0      0      0      0      0      0      0      0

 DJP SPEC
    AVERAGE=  -0.808    SUM=   0.104E+00
   -1.00   8082   1917      0      0      0      0      0      0      0      0

 DJA SPEC
    AVERAGE=  -2.542    SUM=   0.665E-01
   -9.00      0      0      0      0      0      0   7344   1071   1244    338

   N   M   EXMAX  AV.EX. NW  MW  EXMAXW      Q      AL   DELTA     AVJ      DJ        TOTAL  BRANCH
  68  60   224.0   191.1  70  35   164.0    0.00   20.01   -0.76   36.50    0.00     0.215E+01 10000    
  73  56   217.5   179.8  79  31   158.5   -6.44   19.92    0.00   34.59    1.91     0.174E+01  8076   N
  73  56   212.5   173.0  79  31   153.5   -7.51   19.92   -1.27   33.05    3.45     0.104E+00   485   P
  73  56   212.7   172.3  80  62   153.7    0.67   19.62   -0.79   34.63    1.87     0.665E-01   310   A
                   194.6  68  36   165.0  -35.17   22.96   -0.76   59.13             0.123E+00   571   F
                                                                                     0.000E+00     0   G

 SPECTRA N,P,A  AVE    5.74   13.25   22.62         SUMS  0.1828E+01  0.1166E+00  0.7700E-01
 SEQIN:PAIR,DELT,CST   4  11.00   1.160 AL=  19.92  19.82  19.82  19.52  22.85 DELTA=  0.00 -1.01 -0.82  0.00  0.00
 AF/AN=   1.100   BS,BK=   1.2848   1.5194 DPBAR=  32.95 A= 166. Z=  68. Y=   0.429
 SHELL CORRECTIONS        -2.2    -1.9    -2.3    -1.9     0.0

 GRIDS  NROW,NSTEP   5   4
 SUMN,SUMLOW    0.1736E+01    0.0000E+00
 GOT POPP FROM UNIT  11      SUMP  0.6438E+00   M,N,EXMAX  55  74   229.1     166Er      CN= 173Hf  
 SUMPOP FLOST,SUM,EXMAX,M,N  0.2586E-01  0.2354E+01  222.07  60  68  0.6438E+00  229.07  55  74  0.1736E+01  217.49  56  73  6 -5
 GOT POPA FROM UNIT  13      SUMA  0.1445E+01   M,N,EXMAX  55  74   214.8     164Tm  
 SUMPOP FLOST,SUM,EXMAX,M,N  0.1915E-05  0.3799E+01  220.07  60  68  0.2354E+01  222.07  60  68  0.1445E+01  214.83  55  74  1 -5
 CUTOFF   NSTEP,TOTAL,TRIM,TRIMJ,TRIME,TRIMLEV   4  0.3799E+01  0.5536E-07  0.0000E+00  0.0000E+00  0.5536E-07
          ICUT,AMX,ALEVEL,IAGAIN  12  0.1500E-01  0.1430E-07  20    CUT,PRCNT  0.100E-06  0.100E+01  M1,N1=  60  68
 DIMENSIONS  60  68   220.1  56  73   211.5  56  73   208.8  56  73   208.9
 DENSTY: JSHAP= 48    JBAR= 93        70.5     9.0
 EVA M1,N1=    60    68
 NOP,NOA,NOF,NOG,KE2MX= 0 0 0 016  NOLEP,NOLJI,NOLJF,JFJI= 1 1 1 1

 EVA  M1*N1  4080    ZEROS     3    CUTS    15    CUTPOP  0.7152E-08    SUM CUTS  0.1884E-07
 LOSS BELOW YRAST LINE  0.0000E+00
 EVA-,STEP  4
 SEQOUT NROW,NSTEP   5   4         PARENT 166Er      ELAB   309.0    EXCIT   272.7

 SUMP,SUMLOW    0.1574E+00    0.0000E+00
 WROTE POPP ON UNIT  10               165Ho  
 SUMA,SUMLOW    0.9548E-01    0.0000E+00
 WROTE POPA ON UNIT  12               162Dy  
 TOTAL    0.3799E+01
 FLOST(SUMPOP),TRIM(CUTOFF),RLOST(POPUL),RP 
   0.2586E-01   0.7420E-07   0.1986E-03   0.6977E+00   0.6817E-01   0.5045E-01   0.0000E+00

 J SPECTRUM OF PARENT 166Er  
    AVERAGE=  34.413    SUM=   0.380E+01
    0.00      7     23     39     54     69    172    103    116    129    951
   10.00    354    212    289    289    204    203    201    197    192    185
   20.00    177    169    159    150    139    129    119    108     98     88
   30.00     79     70     62     55     49     43     39     34     31     28
   40.00     25     23     22     20     19     19     19     19     20     22
   50.00     24     29     35     44     57     76    103    141    195    267
   60.00    359    470    597    736    592    130     86      0

 J SPECTRUM OF FISS   166Er  
    AVERAGE=  58.503    SUM=   0.161E+00
    0.00      0      1      2      2      3      9      5      6      7     51
   10.00     25     15     19     19     15     15     16     17     17     17
   20.00     18     18     18     18     19     19     19     19     18     18
   30.00     18     18     17     17     17     17     16     16     16     17
   40.00     17     17     17     18     19     20     21     24     27     31
   50.00     37     46     59     77    105    146    205    290    413    583
   60.00    806   1082   1397   1745   1456    417    278      0

 E SPECTRUM OF PARENT 166Er  
    AVERAGE= 180.266    SUM=   0.380E+01
  161.07     73    162    184    202    219    237    255    271    287    301
  171.07    313    324    339    346    350    351    350    346    340    330
  181.07    319    305    290    274    257    239    222    206    191    178
  191.07    165    155    146    138    132    126    121    116    110    104
  201.07     97     89     80     71     61     51     42     33     25     18
  211.07     13      8      5      3      1      0      0      0      0      0

 DJN SPEC
    AVERAGE=  -0.799    SUM=   0.257E+01
   -1.00   7986   2013      0      0      0      0      0      0      0      0

 DJP SPEC
    AVERAGE=  -0.791    SUM=   0.157E+00
   -1.00   7912   2087      0      0      0      0      0      0      0      0

 DJA SPEC
    AVERAGE=  -2.517    SUM=   0.955E-01
   -9.00      0      0      0      0      0      0   7221   1061   1378    338

   N   M   EXMAX  AV.EX. NW  MW  EXMAXW      Q      AL   DELTA     AVJ      DJ        TOTAL  BRANCH
  68  60   220.1   180.3  70  35   160.1    0.00   19.92    0.00   34.41    0.00     0.380E+01 10000    
  73  56   211.5   169.9  79  31   152.5   -8.48   19.82   -1.01   33.39    1.02     0.257E+01  6760   N
  73  56   208.8   166.2  79  31   149.8   -7.32   19.82   -0.82   32.07    2.34     0.157E+00   414   P
  73  56   208.9   165.8  80  62   149.9    0.83   19.52    0.00   33.67    0.74     0.955E-01   251   A
                   184.3  68  36   161.1  -34.66   22.85    0.00   58.50             0.161E+00   425   F
                                                                                     0.000E+00     0   G

 SPECTRA N,P,A  AVE    5.58   13.09   22.44         SUMS  0.3257E+01  0.2255E+00  0.1459E+00
 SEQIN:PAIR,DELT,CST   4  11.00   1.160 AL=  19.82  19.72  19.72  19.42  22.74 DELTA= -1.01  0.00 -1.49 -0.97 -1.01
 AF/AN=   1.100   BS,BK=   1.2848   1.5193 DPBAR=  32.62 A= 165. Z=  68. Y=   0.429
 SHELL CORRECTIONS        -1.9    -1.6    -1.9    -1.7     0.0

 GRIDS  NROW,NSTEP   5   5
 SUMN,SUMLOW    0.2568E+01    0.0000E+00
 GOT POPP FROM UNIT  11      SUMP  0.9348E+00   M,N,EXMAX  56  73   219.5     165Er      CN= 173Hf  
 SUMPOP FLOST,SUM,EXMAX,M,N  0.8506E-10  0.3503E+01  216.50  61  67  0.9348E+00  219.50  56  73  0.2568E+01  211.49  56  73  2 -5
 GOT POPA FROM UNIT  13      SUMA  0.1497E+00   M,N,EXMAX  53  77   240.6     167Er  
 SUMPOP FLOST,SUM,EXMAX,M,N  0.3012E-01  0.3623E+01  216.61  61  67  0.3503E+01  216.50  61  67  0.1497E+00  240.61  53  77  0 23
 CUTOFF   NSTEP,TOTAL,TRIM,TRIMJ,TRIME,TRIMLEV   5  0.3623E+01  0.1994E-06  0.0000E+00  0.0000E+00  0.1994E-06
          ICUT,AMX,ALEVEL,IAGAIN   3  0.1282E-01  0.9785E-07  17    CUT,PRCNT  0.100E-06  0.100E+01  M1,N1=  61  67
 DIMENSIONS  61  67   216.6  56  72   209.9  56  72   205.8  56  72   205.7
 DENSTY: JSHAP= 48    JBAR= 93        70.5     9.0
 EVA M1,N1=    61    67
 NOP,NOA,NOF,NOG,KE2MX= 0 0 0 016  NOLEP,NOLJI,NOLJF,JFJI= 1 1 1 1

 EVA  M1*N1  4087    ZEROS     0    CUTS     0    CUTPOP  0.1811E-07    SUM CUTS  0.0000E+00
 LOSS BELOW YRAST LINE  0.0000E+00
 EVA-,STEP  5
 SEQOUT NROW,NSTEP   5   5         PARENT 165Er      ELAB   309.0    EXCIT   272.7

 SUMP,SUMLOW    0.1457E+00    0.0000E+00
 WROTE POPP ON UNIT  10               164Ho  
 SUMA,SUMLOW    0.8543E-01    0.0000E+00
 WROTE POPA ON UNIT  12               161Dy  
 TOTAL    0.3623E+01
 FLOST(SUMPOP),TRIM(CUTOFF),RLOST(POPUL),RP 
   0.3012E-01   0.1994E-06   0.3444E-03   0.9832E+00   0.9778E-01   0.6759E-01   0.0000E+00

 J SPECTRUM OF PARENT 165Er  
    AVERAGE=  33.949    SUM=   0.362E+01
    0.00      7     22     37     52     66    164     98    111    123    784
   10.00    597    267    264    205    201    200    198    194    189    183
   20.00    176    169    160    151    142    132    122    113    103     94
   30.00     85     77     69     62     55     50     45     41     37     34
   40.00     31     29     27     26     25     24     24     25     27     29
   50.00     33     38     46     58     75     98    131    176    237    314
   60.00    407    514    631    562    278    199     21

 J SPECTRUM OF FISS   165Er  
    AVERAGE=  58.028    SUM=   0.161E+00
    0.00      0      1      1      2      3      8      5      5      6     37
   10.00     36     16     16     14     14     14     15     16     16     17
   20.00     17     17     18     18     18     19     19     19     19     19
   30.00     19     19     19     19     19     19     19     19     19     19
   40.00     20     20     21     21     23     24     26     30     34     40
   50.00     48     59     76    100    136    187    259    361    503    689
   60.00    925   1204   1514   1434    868    637     93

 E SPECTRUM OF PARENT 165Er  
    AVERAGE= 174.363    SUM=   0.362E+01
  156.61    274    284    292    299    304    307    307    328    327    324
  166.61    320    315    309    302    295    287    279    271    264    258
  176.61    252    246    241    236    232    227    221    215    207    199
  186.61    189    178    165    151    137    122    106     91     77     64
  196.61     52     42     33     27     22     19     17     16     16     16
  206.61     17     18     19     20     20     21     21     20     19     18
  216.61     16

 DJN SPEC
    AVERAGE=  -0.803    SUM=   0.208E+01
   -1.00   8034   1965      0      0      0      0      0      0      0      0

 DJP SPEC
    AVERAGE=  -0.799    SUM=   0.146E+00
   -1.00   7992   2007      0      0      0      0      0      0      0      0

 DJA SPEC
    AVERAGE=  -2.542    SUM=   0.854E-01
   -9.00      0      0      0      0      0      0   7373    976   1341    307

   N   M   EXMAX  AV.EX. NW  MW  EXMAXW      Q      AL   DELTA     AVJ      DJ        TOTAL  BRANCH
  67  61   216.6   174.4  69  36   155.6    0.00   19.82   -1.01   33.95    0.00     0.362E+01 10000    
  72  56   209.9   168.1  78  32   149.9   -6.65   19.72    0.00   33.00    0.95     0.208E+01  5746   N
  72  56   205.8   163.4  78  32   145.8   -6.83   19.72   -1.49   31.76    2.19     0.146E+00   402   P
  72  56   205.7   162.8  80  62   145.7    1.11   19.42   -0.97   33.11    0.84     0.854E-01   236   A
                   179.3  67  37   156.6  -34.04   22.74   -1.01   58.03             0.161E+00   444   F
                                                                                     0.000E+00     0   G

 SPECTRA N,P,A  AVE    5.52   13.03   22.37         SUMS  0.3056E+01  0.2434E+00  0.1530E+00
1    ROW  5      ELEMENT Er      X-SECTION   0.000E+00
(14)N+(159)Tb -> (173)Hf                                                
 ELAB(MEV)  309.000     Q-VALUE  -11.257    EXCIT  272.737
 SIGFUS,SIGEVA,SIGFIS,SIGMXZ  0.9476E+03  0.0000E+00  0.8573E+03  0.0000E+00
 ZT= 65    AT 159    ZP  7    AP  14


             169Er     168Er     167Er     166Er     165Er  
 SIG        0.000E+00 0.000E+00 0.000E+00 0.000E+00 0.000E+00
 B-G               0         0         0         0         0
  R-N           8754      8757      8076      6760      5746
 BR-P            400       424       485       414       402
 BR-A            274       284       310       251       236
 BR-F            386       305       571       425       444
 SIGF       0.488E-03 0.155E-02 0.123E+00 0.161E+00 0.161E+00
 TOTAL      0.126E-01 0.507E-01 0.215E+01 0.380E+01 0.362E+01
 EXCP          192.9     181.6     191.1     180.3     174.4
 SPINP          36.1      33.9      36.5      34.4      33.9
 EXCF          194.9     183.9     194.6     184.3     179.3
 SPINF          59.2      59.4      59.1      58.5      58.0
 DJN           -0.86     -0.82     -0.82     -0.80     -0.80
 DJP           -0.84     -0.81     -0.81     -0.79     -0.80
 DJA           -2.63     -2.56     -2.54     -2.52     -2.54
 AV.E N         5.75      5.59      5.74      5.58      5.52
 AV.E P        13.25     13.08     13.25     13.09     13.03
 AV.E A        22.63     22.43     22.62     22.44     22.37
 SUM GAM         0.0       0.0       0.0       0.0       0.0
 SPIN GAM        0.0       0.0       0.0       0.0       0.0

 TRIM       0.565E-09 0.458E-08 0.102E-06 0.742E-07 0.199E-06
 FLOST      0.000E+00-0.555E-16 0.141E-01 0.259E-01 0.301E-01
 RP         0.000E+00 0.000E+00 0.000E+00 0.000E+00 0.000E+00
 RLOSTG     0.520E-10 0.322E-09 0.534E-05 0.199E-03 0.344E-03
 RLOSTN     0.190E-03 0.930E-03 0.972E-01 0.698E+00 0.983E+00
 RLOSTP     0.218E-04 0.118E-03 0.123E-01 0.682E-01 0.978E-01
 RLOSTA     0.222E-04 0.116E-03 0.105E-01 0.505E-01 0.676E-01
 TIME              0         0         0         0         0

 STORAGE
  1.  1.  3.  3.  3.
  0.  0.  2.  2.  2.
1     ENERGY   309.000     0.000

 HIVAP  ENGOUT

(14)N+(159)Tb -> (173)Hf                                                
    ELAB=   309.0      EXCIT=   272.7      CN= 173Hf  
    FUSION X-SECT=  0.9476E+03      LCRIT=  72.0
    EVAP SO FAR  0.0000E+00      FISSION  0.8573E+03

 MASS DISTRIBUTION
        3           2           1           0           9                 8           7           6           5           4
 173  0.0000E+00  0.0000E+00  0.0000E+00  0.0000E+00  0.0000E+00        0.0000E+00  0.0000E+00  0.0000E+00  0.0000E+00  0.0000E+00

 Z-DISTIBUTION
    Er         Tm         Yb         Lu         Hf  
  0.000E+00  0.000E+00  0.000E+00  0.000E+00  0.000E+00

  CROSS SECTIONS (MB)
  169Hf      170Hf      171Hf      172Hf      173Hf  
  0.000E+00  0.000E+00  0.000E+00  0.000E+00  0.000E+00
  168Lu      169Lu      170Lu      171Lu      172Lu  
  0.000E+00  0.000E+00  0.000E+00  0.000E+00  0.000E+00
  167Yb      168Yb      169Yb      170Yb      171Yb  
  0.000E+00  0.000E+00  0.000E+00  0.000E+00  0.000E+00
  166Tm      167Tm      168Tm      169Tm      170Tm  
  0.000E+00  0.000E+00  0.000E+00  0.000E+00  0.000E+00
  165Er      166Er      167Er      168Er      169Er  
  0.000E+00  0.000E+00  0.000E+00  0.000E+00  0.000E+00

 HALFLIFE FIRST STEP IN UNITS OF 10**(-22) SEC AS FUNTION OF J
   0.230E+01   0.176E+01   0.175E+01   0.175E+01   0.175E+01   0.174E+01   0.174E+01   0.173E+01   0.172E+01   0.171E+01
   0.170E+01   0.174E+01   0.171E+01   0.168E+01   0.165E+01   0.163E+01   0.160E+01   0.157E+01   0.153E+01   0.150E+01
   0.147E+01   0.143E+01   0.140E+01   0.136E+01   0.132E+01   0.129E+01   0.125E+01   0.121E+01   0.116E+01   0.112E+01
   0.108E+01   0.104E+01   0.100E+01   0.961E+00   0.920E+00   0.880E+00   0.840E+00   0.801E+00   0.764E+00   0.727E+00
   0.692E+00   0.662E+00   0.636E+00   0.613E+00   0.592E+00   0.573E+00   0.557E+00   0.543E+00   0.533E+00   0.526E+00
   0.523E+00   0.525E+00   0.532E+00   0.544E+00   0.561E+00   0.586E+00   0.619E+00   0.661E+00   0.715E+00   0.781E+00
   0.860E+00   0.951E+00   0.106E+01   0.117E+01   0.129E+01   0.143E+01   0.157E+01   0.171E+01   0.184E+01   0.195E+01
   0.206E+01   0.216E+01   0.225E+01   0.232E+01   0.000E+00   0.000E+00   0.000E+00   0.000E+00   0.000E+00   0.000E+00
1     ENERGY   309.000     0.000
  173.   72.   0.0010    21     1    25    25    35    12    12    20
 DEL     1.0     0.1     4.0    12.0     0.0
 TRANSM  APAR,ZPAR,SIGLOW,UNIT,DEL 173.0  72.0  0.10E-02  21     0.1     4.0    13.0
 SEQIN:PAIR,DELT,CST   4  11.00   1.160 AL=  20.60  20.51  20.51  20.21  23.51 DELTA= -0.80  0.00 -1.60 -0.89 -0.80
 AF/AN=   1.100   BS,BK=   1.2809   1.4870 DPBAR=  26.45 A= 173. Z=  72. Y=   0.378
 SHELL CORRECTIONS        -2.1    -1.9    -2.2    -2.1     0.0
1 NEW ROW

 GRIDS  NROW,NSTEP   1   1
 SUMN,SUMLOW    0.9476E+03    0.0000E+00
 SUMPOP FLOST,SUM,EXMAX,M,N  0.0000E+00  0.9476E+03  272.74   1  74
 SUMPOP FLOST,SUM,EXMAX,M,N  0.0000E+00  0.9476E+03  272.74   1  74
 CUTOFF   NSTEP,TOTAL,TRIM,TRIMJ,TRIME,TRIMLEV   1  0.9476E+03  0.0000E+00  0.0000E+00  0.0000E+00  0.0000E+00
          ICUT,AMX,ALEVEL,IAGAIN   0  0.2569E+02  0.1568E-02  14    CUT,PRCNT  0.100E-07  0.100E+01  M1,N1=   1  74
 CUTOFF OLD,NEW M1   1  55
 DIMENSIONS  55  74   272.7  51  79   265.6  51  79   262.8  51  79   262.3
 DENSTY: JSHAP= 49    JBAR= 84        66.5     7.0
 EVA M1,N1=    55    74
 NOP,NOA,NOF,NOG,KE2MX= 0 0 0 016  NOLEP,NOLJI,NOLJF,JFJI= 1 1 1 1

 EVA  M1*N1  4070    ZEROS  2963    CUTS   560    CUTPOP  0.4738E-05    SUM CUTS  0.1490E-03
 LOSS BELOW YRAST LINE  0.0000E+00
 EVA-,STEP  1
 SEQOUT NROW,NSTEP   1   1         PARENT 173Hf      ELAB   309.0    EXCIT   272.7

 SUMP,SUMLOW    0.5137E+02    0.0000E+00
 WROTE POPP ON UNIT  10               172Lu  
 SUMA,SUMLOW    0.2879E+02    0.0000E+00
 WROTE POPA ON UNIT  12               169Yb  
 TOTAL    0.9476E+03
 FLOST(SUMPOP),TRIM(CUTOFF),RLOST(POPUL),RP 
   0.0000E+00   0.1490E-03   0.0000E+00   0.0000E+00   0.0000E+00   0.0000E+00   0.0000E+00

 J SPECTRUM OF PARENT 173Hf  
    AVERAGE=  47.914    SUM=   0.948E+03
    0.00      1      5      9     13     17     20     24     28     32     36
   10.00     39     43     47     51     54     58     62     66     70     73
   20.00     77     81     85     89     92     96    100    104    108    111
   30.00    115    119    123    127    130    134    138    142    146    149
   40.00    153    157    161    164    168    172    176    180    183    187
   50.00    191    195    199    202    206    210    214    218    221    225
   60.00    229    233    237    240    244    248    252    255    259    263
   70.00    267    271    170      0

 J SPECTRUM OF FISS   173Hf  
    AVERAGE=  47.414    SUM=   0.545E+03
    0.00      0      2      4      7      9     11     13     15     18     20
   10.00     23     26     29     32     35     38     41     44     48     52
   20.00     56     60     65     70     75     81     86     92     99    105
   30.00    112    119    126    134    142    150    158    166    174    183
   40.00    191    199    207    215    222    230    237    244    250    257
   50.00    262    268    272    276    279    280    281    280    277    272
   60.00    265    255    243    229    213    195    176    157    139    122
   70.00    108     94     50      0

 E SPECTRUM OF PARENT 173Hf  
    AVERAGE= 272.737    SUM=   0.948E+03
  268.74      0      0      0      0  10000

 DJN SPEC
    AVERAGE=  -0.963    SUM=   0.322E+03
   -1.00   9630    369      0      0      0      0      0      0      0      0

 DJP SPEC
    AVERAGE=  -0.961    SUM=   0.514E+02
   -1.00   9609    390      0      0      0      0      0      0      0      0

 DJA SPEC
    AVERAGE=  -2.894    SUM=   0.288E+02
   -9.00      0      0      0      0      0      0   9351    334    212    101

   N   M   EXMAX  AV.EX. NW  MW  EXMAXW      Q      AL   DELTA     AVJ      DJ        TOTAL  BRANCH
  74  55   272.7   272.7  76  32   217.7    0.00   20.60   -0.80   47.91    0.00     0.948E+03 10000    
  79  51   265.6   259.0  80  31   211.6   -7.08   20.51    0.00   47.66    0.25     0.322E+03  3403   N
  79  51   262.8   252.1  80  31   208.8   -5.97   20.51   -1.60   46.90    1.01     0.514E+02   542   P
  79  51   262.3   250.5  80  62   208.3    2.54   20.21   -0.89   46.64    1.27     0.288E+02   304   A
                   272.7  74  33   218.7  -28.06   23.51   -0.80   47.41             0.545E+03  5751   F
                                                                                     0.000E+00     0   G

 SPECTRA N,P,A  AVE    6.67   14.68   24.79         SUMS  0.3220E+03  0.5134E+02  0.2878E+02
 SEQIN:PAIR,DELT,CST   4  11.00   1.160 AL=  20.51  20.41  20.41  20.11  23.40 DELTA=  0.00 -0.99 -1.02  0.00  0.00
 AF/AN=   1.100   BS,BK=   1.2807   1.4859 DPBAR=  26.08 A= 172. Z=  72. Y=   0.377
 SHELL CORRECTIONS        -1.9    -1.8    -2.1    -1.9     0.0

 GRIDS  NROW,NSTEP   1   2
 SUMN,SUMLOW    0.3225E+03    0.0000E+00
 SUMPOP FLOST,SUM,EXMAX,M,N  0.0000E+00  0.3225E+03  265.56  51  79
 SUMPOP FLOST,SUM,EXMAX,M,N  0.0000E+00  0.3225E+03  265.56  51  79
 CUTOFF   NSTEP,TOTAL,TRIM,TRIMJ,TRIME,TRIMLEV   2  0.3225E+03  0.0000E+00  0.0000E+00  0.0000E+00  0.0000E+00
          ICUT,AMX,ALEVEL,IAGAIN   0  0.1867E+01  0.8903E-06  21    CUT,PRCNT  0.100E-06  0.100E+01  M1,N1=  51  73
 CUTOFF OLD,NEW M1  51  56
 DIMENSIONS  56  73   265.6  52  78   256.4  52  78   255.7  52  78   255.3
 DENSTY: JSHAP= 49    JBAR= 84        66.5     7.0
 EVA M1,N1=    56    73
 NOP,NOA,NOF,NOG,KE2MX= 0 0 0 016  NOLEP,NOLJI,NOLJF,JFJI= 1 1 1 1

 EVA  M1*N1  4088    ZEROS  1288    CUTS   518    CUTPOP  0.4451E-06    SUM CUTS  0.9503E-05
 LOSS BELOW YRAST LINE  0.0000E+00
 EVA-,STEP  2
 SEQOUT NROW,NSTEP   1   2         PARENT 172Hf      ELAB   309.0    EXCIT   272.7

 SUMP,SUMLOW    0.2301E+02    0.0000E+00
 WROTE POPP ON UNIT  10               171Lu  
 SUMA,SUMLOW    0.1260E+02    0.0000E+00
 WROTE POPA ON UNIT  12               168Yb  
 TOTAL    0.3225E+03
 FLOST(SUMPOP),TRIM(CUTOFF),RLOST(POPUL),RP 
   0.0000E+00   0.9503E-05   0.0000E+00   0.1419E-05   0.7762E-06   0.6315E-03   0.0000E+00

 J SPECTRUM OF PARENT 172Hf  
    AVERAGE=  47.659    SUM=   0.322E+03
    0.00      3      9     15     21     27     33     40     45     51     57
   10.00    129     72     77     82     86     91     95     99    103    106
   20.00    109    111    114    116    117    118    119    119    119    119
   30.00    118    117    116    115    113    111    108    106    104    101
   40.00     99     97     96     94     93     93     92     92     93     94
   50.00     96     99    103    108    114    123    133    146    161    180
   60.00    202    227    256    286    320    355    390    424    456    485
   70.00    513    333      0

 J SPECTRUM OF FISS   172Hf  
    AVERAGE=  48.104    SUM=   0.155E+03
    0.00      1      4      7     11     14     17     21     24     28     32
   10.00     73     43     47     51     55     59     63     67     71     76
   20.00     80     85     89     94     98    103    107    111    115    119
   30.00    123    126    129    131    133    135    137    138    138    138
   40.00    139    139    140    140    141    141    142    144    146    149
   50.00    152    157    163    171    180    191    204    219    236    255
   60.00    275    294    311    325    334    336    331    319    303    283
   70.00    263    147      0

 E SPECTRUM OF PARENT 172Hf  
    AVERAGE= 258.981    SUM=   0.322E+03
  240.56      0     17     21     28     35     45     58     74     95    120
  250.56    152    192    240    298    368    450    547    656    773    896
  260.56   1008   1082   1098    986    665     84

 DJN SPEC
    AVERAGE=  -0.938    SUM=   0.132E+03
   -1.00   9379    620      0      0      0      0      0      0      0      0

 DJP SPEC
    AVERAGE=  -0.934    SUM=   0.230E+02
   -1.00   9343    656      0      0      0      0      0      0      0      0

 DJA SPEC
    AVERAGE=  -2.831    SUM=   0.126E+02
   -9.00      0      0      0      0      0      0   8984    483    384    147

   N   M   EXMAX  AV.EX. NW  MW  EXMAXW      Q      AL   DELTA     AVJ      DJ        TOTAL  BRANCH
  73  56   265.6   259.0  75  33   209.6    0.00   20.51    0.00   47.66    0.00     0.322E+03 10000    
  78  52   256.4   243.3  80  31   201.4   -9.04   20.41   -0.99   46.34    1.32     0.132E+03  4097   N
  78  52   255.7   238.5  80  31   200.7   -5.86   20.41   -1.02   45.44    2.22     0.230E+02   714   P
  78  52   255.3   237.0  80  62   200.3    2.76   20.11    0.00   45.70    1.96     0.126E+02   391   A
                   259.1  73  34   210.6  -27.55   23.40    0.00   48.10             0.155E+03  4799   F
                                                                                     0.000E+00     0   G

 SPECTRA N,P,A  AVE    6.51   14.53   24.60         SUMS  0.1319E+03  0.2300E+02  0.1260E+02
 SEQIN:PAIR,DELT,CST   4  11.00   1.160 AL=  20.41  20.31  20.31  20.01  23.29 DELTA= -0.99  0.00 -1.61 -1.09 -0.99
 AF/AN=   1.100   BS,BK=   1.2805   1.4847 DPBAR=  25.70 A= 171. Z=  72. Y=   0.376
 SHELL CORRECTIONS        -1.8    -1.7    -1.7    -1.6     0.0

 GRIDS  NROW,NSTEP   1   3
 SUMN,SUMLOW    0.1321E+03    0.0000E+00
 SUMPOP FLOST,SUM,EXMAX,M,N  0.0000E+00  0.1321E+03  256.41  52  78
 SUMPOP FLOST,SUM,EXMAX,M,N  0.0000E+00  0.1321E+03  256.41  52  78
 CUTOFF   NSTEP,TOTAL,TRIM,TRIMJ,TRIME,TRIMLEV   3  0.1321E+03  0.1008E-04  0.0000E+00  0.0000E+00  0.1008E-04
          ICUT,AMX,ALEVEL,IAGAIN 209  0.6899E+00  0.6579E-06  20    CUT,PRCNT  0.100E-06  0.100E+01  M1,N1=  52  72
 CUTOFF OLD,NEW M1  52  56
 DIMENSIONS  56  72   256.4  53  77   249.1  53  77   247.0  53  77   246.1
 DENSTY: JSHAP= 49    JBAR= 83        66.0     6.8
 EVA M1,N1=    56    72
 NOP,NOA,NOF,NOG,KE2MX= 0 0 0 016  NOLEP,NOLJI,NOLJF,JFJI= 1 1 1 1

 EVA  M1*N1  4032    ZEROS     2    CUTS   510    CUTPOP  0.3290E-06    SUM CUTS  0.7393E-05
 LOSS BELOW YRAST LINE  0.0000E+00
 EVA-,STEP  3
 SEQOUT NROW,NSTEP   1   3         PARENT 171Hf      ELAB   309.0    EXCIT   272.7

 SUMP,SUMLOW    0.1186E+02    0.0000E+00
 WROTE POPP ON UNIT  10               170Lu  
 SUMA,SUMLOW    0.6297E+01    0.0000E+00
 WROTE POPA ON UNIT  12               167Yb  
 TOTAL    0.1321E+03
 FLOST(SUMPOP),TRIM(CUTOFF),RLOST(POPUL),RP 
   0.0000E+00   0.1748E-04   0.0000E+00   0.1558E-01   0.8987E-02   0.1063E-01   0.0000E+00

 J SPECTRUM OF PARENT 171Hf  
    AVERAGE=  46.342    SUM=   0.132E+03
    0.00      4     13     22     31     40     48     57     65     73     80
   10.00    280    105    111    116    121    125    129    131    134    135
   20.00    136    136    135    134    132    129    126    122    118    113
   30.00    109    104     98     93     87     82     77     71     66     62
   40.00     58     55     52     49     47     46     44     43     43     43
   50.00     45     47     50     54     60     67     78     92    111    135
   60.00    166    205    251    307    373    446    522    599    673    746
   70.00    507      0

 J SPECTRUM OF FISS   171Hf  
    AVERAGE=  48.486    SUM=   0.522E+02
    0.00      2      6     11     15     20     24     29     34     39     43
   10.00    155     61     66     70     75     80     84     88     93     97
   20.00    101    104    108    111    113    116    117    119    119    120
   30.00    120    119    117    115    113    110    106    102     98     95
   40.00     92     89     86     84     82     80     79     79     79     80
   50.00     83     87     92    100    110    123    139    161    189    222
   60.00    260    304    349    397    442    476    498    506    502    491
   70.00    292      0

 E SPECTRUM OF PARENT 171Hf  
    AVERAGE= 243.264    SUM=   0.132E+03
  211.41      0      0      0      0      1      1      2      3      4      6
  221.41      8     12     16     21     28     37     48     62     78     98
  231.41    119    143    169    200    235    274    316    363    412    463
  241.41    514    563    607    643    668    676    664    628    566    480
  251.41    374    258    147     59     11      0

 DJN SPEC
    AVERAGE=  -0.906    SUM=   0.617E+02
   -1.00   9058    941      0      0      0      0      0      0      0      0

 DJP SPEC
    AVERAGE=  -0.901    SUM=   0.119E+02
   -1.00   9006    993      0      0      0      0      0      0      0      0

 DJA SPEC
    AVERAGE=  -2.754    SUM=   0.630E+01
   -9.00      0      0      0      0      0      0   8546    640    616    196

   N   M   EXMAX  AV.EX. NW  MW  EXMAXW      Q      AL   DELTA     AVJ      DJ        TOTAL  BRANCH
  72  56   256.4   243.3  74  33   200.4    0.00   20.41   -0.99   46.34    0.00     0.132E+03 10000    
  77  53   249.1   229.4  80  31   194.1   -7.25   20.31    0.00   44.07    2.28     0.617E+02  4673   N
  77  53   247.0   223.3  80  31   192.0   -5.41   20.31   -1.61   43.05    3.29     0.119E+02   898   P
  77  53   246.1   221.5  80  62   191.1    2.74   20.01   -1.09   43.81    2.54     0.630E+01   477   A
                   243.6  72  34   201.4  -27.05   23.29   -0.99   48.49             0.522E+02  3950   F
                                                                                     0.000E+00     0   G

 SPECTRA N,P,A  AVE    6.35   14.37   24.40         SUMS  0.6164E+02  0.1186E+02  0.6307E+01
 SEQIN:PAIR,DELT,CST   4  11.00   1.160 AL=  20.31  20.21  20.21  19.92  23.17 DELTA=  0.00 -1.19 -1.10  0.00  0.00
 AF/AN=   1.100   BS,BK=   1.2802   1.4834 DPBAR=  25.31 A= 170. Z=  72. Y=   0.375
 SHELL CORRECTIONS        -1.7    -1.5    -1.8    -1.4     0.0

 GRIDS  NROW,NSTEP   1   4
 SUMN,SUMLOW    0.6174E+02    0.0000E+00
 SUMPOP FLOST,SUM,EXMAX,M,N  0.0000E+00  0.6174E+02  249.06  53  77
 SUMPOP FLOST,SUM,EXMAX,M,N  0.0000E+00  0.6174E+02  249.06  53  77
 CUTOFF   NSTEP,TOTAL,TRIM,TRIMJ,TRIME,TRIMLEV   4  0.6174E+02  0.5511E-05  0.0000E+00  0.0000E+00  0.5511E-05
          ICUT,AMX,ALEVEL,IAGAIN  42  0.3163E+00  0.3016E-06  20    CUT,PRCNT  0.100E-06  0.100E+01  M1,N1=  53  71
 CUTOFF OLD,NEW M1  53  57
 DIMENSIONS  57  71   249.1  53  76   239.4  53  76   239.6  53  76   239.0
 DENSTY: JSHAP= 49    JBAR= 82        65.5     6.6
 EVA M1,N1=    57    71
 NOP,NOA,NOF,NOG,KE2MX= 0 0 0 016  NOLEP,NOLJI,NOLJF,JFJI= 1 1 1 1

 EVA  M1*N1  4047    ZEROS    41    CUTS   231    CUTPOP  0.1508E-06    SUM CUTS  0.1295E-04
 LOSS BELOW YRAST LINE  0.0000E+00
 EVA-,STEP  4
 SEQOUT NROW,NSTEP   1   4         PARENT 170Hf      ELAB   309.0    EXCIT   272.7

 SUMP,SUMLOW    0.6572E+01    0.0000E+00
 WROTE POPP ON UNIT  10               169Lu  
 SUMA,SUMLOW    0.3362E+01    0.0000E+00
 WROTE POPA ON UNIT  12               166Yb  
 TOTAL    0.6174E+02
 FLOST(SUMPOP),TRIM(CUTOFF),RLOST(POPUL),RP 
   0.0000E+00   0.1846E-04   0.6596E-05   0.1363E+00   0.7314E-01   0.5334E-01   0.0000E+00

 J SPECTRUM OF PARENT 170Hf  
    AVERAGE=  44.066    SUM=   0.617E+02
    0.00      6     17     29     41     53     64     76     86     96    105
   10.00    497    140    146    151    155    158    159    160    160    158
   20.00    156    153    148    143    137    131    124    116    109    101
   30.00     93     86     78     71     64     57     51     45     40     36
   40.00     32     29     27     25     23     21     20     20     19     20
   50.00     20     22     24     27     31     38     47     60     79    104
   60.00    140    187    248    329    427    539    661    787    915    649

 J SPECTRUM OF FISS   170Hf  
    AVERAGE=  48.944    SUM=   0.205E+02
    0.00      2      8     13     18     24     29     36     42     47     53
   10.00    256     77     81     86     90     95     99    102    105    108
   20.00    111    113    114    115    116    115    114    112    110    108
   30.00    104    100     95     91     85     80     74     69     63     59
   40.00     55     52     49     46     44     42     41     40     40     41
   50.00     43     46     50     57     66     78     96    120    152    194
   60.00    247    312    388    475    562    638    697    737    759    479

 E SPECTRUM OF PARENT 170Hf  
    AVERAGE= 229.410    SUM=   0.617E+02
  193.06      0      0      0      0      1      1      2      2      3      4
  203.06      6      8     10     14     17     22     28     35     44     54
  213.06     66     80     96    114    135    158    183    211    240    271
  223.06    304    337    371    405    437    467    493    514    529    536
  233.06    533    520    496    461    416    362    302    240    179    124
  243.06     77     42     18      6      1      0      0

 DJN SPEC
    AVERAGE=  -0.865    SUM=   0.311E+02
   -1.00   8652   1347      0      0      0      0      0      0      0      0

 DJP SPEC
    AVERAGE=  -0.859    SUM=   0.657E+01
   -1.00   8588   1411      0      0      0      0      0      0      0      0

 DJA SPEC
    AVERAGE=  -2.660    SUM=   0.336E+01
   -9.00      0      0      0      0      0      0   8021    807    921    249

   N   M   EXMAX  AV.EX. NW  MW  EXMAXW      Q      AL   DELTA     AVJ      DJ        TOTAL  BRANCH
  71  57   249.1   229.4  73  34   192.1    0.00   20.31    0.00   44.07    0.00     0.617E+02 10000    
  76  53   239.4   213.4  80  31   183.4   -9.61   20.21   -1.19   40.83    3.24     0.311E+02  5031   N
  76  53   239.6   209.8  80  31   183.6   -5.46   20.21   -1.10   39.83    4.24     0.657E+01  1065   P
  76  53   239.0   208.4  80  62   183.0    2.92   19.92    0.00   40.97    3.09     0.336E+01   545   A
                   230.0  71  35   193.1  -26.53   23.17    0.00   48.94             0.205E+02  3318   F
                                                                                     0.000E+00     0   G

 SPECTRA N,P,A  AVE    6.18   14.21   24.20         SUMS  0.3113E+02  0.6642E+01  0.3415E+01
 SEQIN:PAIR,DELT,CST   4  11.00   1.160 AL=  20.21  20.11  20.11  19.82  23.06 DELTA= -1.19  0.00 -1.67 -1.11 -1.19
 AF/AN=   1.100   BS,BK=   1.2798   1.4818 DPBAR=  24.90 A= 169. Z=  72. Y=   0.373
 SHELL CORRECTIONS        -1.5    -1.4    -1.3    -1.3     0.0

 GRIDS  NROW,NSTEP   1   5
 SUMN,SUMLOW    0.3106E+02    0.0000E+00
 SUMPOP FLOST,SUM,EXMAX,M,N  0.0000E+00  0.3106E+02  239.35  53  76
 SUMPOP FLOST,SUM,EXMAX,M,N  0.0000E+00  0.3106E+02  239.35  53  76
 CUTOFF   NSTEP,TOTAL,TRIM,TRIMJ,TRIME,TRIMLEV   5  0.3106E+02  0.1307E-06  0.0000E+00  0.1307E-06  0.0000E+00
          ICUT,AMX,ALEVEL,IAGAIN  42  0.1506E+00  0.7184E-07  21    CUT,PRCNT  0.100E-06  0.100E+01  M1,N1=  52  70
 CUTOFF OLD,NEW M1  52  58
 DIMENSIONS  58  70   238.4  54  75   230.8  54  75   229.4  54  75   228.5
 DENSTY: JSHAP= 48    JBAR= 82        65.0     6.8
 EVA M1,N1=    58    70
 NOP,NOA,NOF,NOG,KE2MX= 0 0 0 016  NOLEP,NOLJI,NOLJF,JFJI= 1 1 1 1

 EVA  M1*N1  4060    ZEROS     1    CUTS    98    CUTPOP  0.3592E-07    SUM CUTS  0.1489E-05
 LOSS BELOW YRAST LINE  0.0000E+00
 EVA-,STEP  5
 SEQOUT NROW,NSTEP   1   5         PARENT 169Hf      ELAB   309.0    EXCIT   272.7

 SUMP,SUMLOW    0.3796E+01    0.0000E+00
 WROTE POPP ON UNIT  10               168Lu  
 SUMA,SUMLOW    0.1844E+01    0.0000E+00
 WROTE POPA ON UNIT  12               165Yb  
 TOTAL    0.3106E+02
 FLOST(SUMPOP),TRIM(CUTOFF),RLOST(POPUL),RP 
   0.0000E+00   0.1620E-05   0.6097E-05   0.2370E+00   0.1406E+00   0.8695E-01   0.0000E+00

 J SPECTRUM OF PARENT 169Hf  
    AVERAGE=  40.830    SUM=   0.311E+02
    0.00      7     22     37     52     67     80     97    109    121    131
   10.00    790    178    183    187    189    190    189    186    183    178
   20.00    172    164    156    147    138    127    117    107     97     87
   30.00     78     69     60     52     45     38     33     28     24     20
   40.00     18     16     14     12     11     10      9      9      9      9
   50.00     10     10     12     14     17     23     30     42     60     86
   60.00    124    179    256    361    492    645    815    997    738      0

 J SPECTRUM OF FISS   169Hf  
    AVERAGE=  49.303    SUM=   0.873E+01
    0.00      3      9     15     21     27     33     41     47     53     59
   10.00    366     88     92     96    100    104    106    109    111    112
   20.00    113    113    112    111    109    106    103     99     95     90
   30.00     84     79     73     66     60     54     49     43     39     35
   40.00     32     29     27     24     23     21     20     20     20     21
   50.00     22     24     28     33     40     51     67     91    125    172
   60.00    237    323    433    567    707    843    963   1064    712      0

 E SPECTRUM OF PARENT 169Hf  
    AVERAGE= 213.390    SUM=   0.311E+02
  181.35      0      0      0      0      0      0     13     16     20     25
  191.35     30     37     45     54     65     77     90    106    123    142
  201.35    162    185    208    233    259    286    313    339    365    389
  211.35    411    430    446    457    463    463    457    445    426    401
  221.35    369    333    293    251    209    167    128     94     65     42
  231.35     24     13      6      2      0      0      0      0

 DJN SPEC
    AVERAGE=  -0.815    SUM=   0.162E+02
   -1.00   8152   1847      0      0      0      0      0      0      0      0

 DJP SPEC
    AVERAGE=  -0.808    SUM=   0.380E+01
   -1.00   8078   1921      0      0      0      0      0      0      0      0

 DJA SPEC
    AVERAGE=  -2.547    SUM=   0.184E+01
   -9.00      0      0      0      0      0      0   7398    983   1310    307

   N   M   EXMAX  AV.EX. NW  MW  EXMAXW      Q      AL   DELTA     AVJ      DJ        TOTAL  BRANCH
  70  58   238.4   213.4  72  34   180.4    0.00   20.21   -1.19   40.83    0.00     0.311E+02 10000    
  75  54   230.8   199.9  80  31   173.8   -7.43   20.11    0.00   36.81    4.02     0.162E+02  5222   N
  75  54   229.4   195.0  80  31   172.4   -4.94   20.11   -1.67   35.88    4.95     0.380E+01  1222   P
  75  54   228.5   193.4  80  62   171.5    3.15   19.82   -1.11   37.36    3.47     0.184E+01   594   A
                   214.4  70  35   181.4  -26.01   23.06   -1.19   49.30             0.873E+01  2812   F
                                                                                     0.000E+00     0   G

 SPECTRA N,P,A  AVE    6.01   14.04   23.99         SUMS  0.1642E+02  0.3935E+01  0.1931E+01
1    ROW  1      ELEMENT Hf      X-SECTION   0.000E+00
(14)N+(159)Tb -> (173)Hf                                                
 ELAB(MEV)  309.000     Q-VALUE  -11.257    EXCIT  272.737
 SIGFUS,SIGEVA,SIGFIS,SIGMXZ  0.9476E+03  0.0000E+00  0.7812E+03  0.0000E+00
 ZT= 65    AT 159    ZP  7    AP  14


             173Hf     172Hf     171Hf     170Hf     169Hf  
 SIG        0.000E+00 0.000E+00 0.000E+00 0.000E+00 0.000E+00
 B-G               0         0         0         0         0
  R-N           3403      4097      4673      5031      5222
 BR-P            542       714       898      1065      1222
 BR-A            304       391       477       545       594
 BR-F           5751      4799      3950      3318      2812
 SIGF       0.545E+03 0.155E+03 0.522E+02 0.205E+02 0.873E+01
 TOTAL      0.948E+03 0.322E+03 0.132E+03 0.617E+02 0.311E+02
 EXCP          272.7     259.0     243.3     229.4     213.4
 SPINP          47.9      47.7      46.3      44.1      40.8
 EXCF          272.7     259.1     243.6     230.0     214.4
 SPINF          47.4      48.1      48.5      48.9      49.3
 DJN           -0.96     -0.94     -0.91     -0.87     -0.82
 DJP           -0.96     -0.93     -0.90     -0.86     -0.81
 DJA           -2.89     -2.83     -2.75     -2.66     -2.55
 AV.E N         6.67      6.51      6.35      6.18      6.01
 AV.E P        14.68     14.53     14.37     14.21     14.04
 AV.E A        24.79     24.60     24.40     24.20     23.99
 SUM GAM         0.0       0.0       0.0       0.0       0.0
 SPIN GAM        0.0       0.0       0.0       0.0       0.0

 TRIM       0.149E-03 0.950E-05 0.175E-04 0.185E-04 0.162E-05
 FLOST      0.000E+00 0.000E+00 0.000E+00 0.000E+00 0.000E+00
 RP         0.000E+00 0.000E+00 0.000E+00 0.000E+00 0.000E+00
 RLOSTG     0.000E+00 0.000E+00 0.000E+00 0.660E-05 0.610E-05
 RLOSTN     0.000E+00 0.142E-05 0.156E-01 0.136E+00 0.237E+00
 RLOSTP     0.000E+00 0.776E-06 0.899E-02 0.731E-01 0.141E+00
 RLOSTA     0.000E+00 0.632E-03 0.106E-01 0.533E-01 0.870E-01
 TIME              0         0         0         0         0

 STORAGE
  1.  1.  1.  1.  1.
  0.  0.  2.  2.  2.
  172.   71.   0.0010    21     1    25    25    35    12    12    20
 DEL     1.0     0.1     4.0    13.0     0.0
 TRANSM  APAR,ZPAR,SIGLOW,UNIT,DEL 172.0  71.0  0.10E-02  21     0.1     4.0    12.0
 SEQIN:PAIR,DELT,CST   4  11.00   1.160 AL=  20.51  20.41  20.41  20.11  23.42 DELTA= -1.60 -1.02 -0.79 -1.48 -1.60
 AF/AN=   1.100   BS,BK=   1.2819   1.4919 DPBAR=  28.38 A= 172. Z=  71. Y=   0.384
 SHELL CORRECTIONS        -2.2    -2.1    -2.5    -2.1     0.0
1 NEW ROW

 GRIDS  NROW,NSTEP   2   1
 SUMN,SUMLOW    0.0000E+00    0.0000E+00
 GOT POPP FROM UNIT  10      SUMP  0.5137E+02   M,N,EXMAX  51  79   262.8     172Lu      CN= 173Hf  
 SUMPOP FLOST,SUM,EXMAX,M,N  0.0000E+00  0.5137E+02  262.77  51  79
 SUMPOP FLOST,SUM,EXMAX,M,N  0.0000E+00  0.5137E+02  262.77  51  79
 CUTOFF   NSTEP,TOTAL,TRIM,TRIMJ,TRIME,TRIMLEV   1  0.5137E+02  0.0000E+00  0.0000E+00  0.0000E+00  0.0000E+00
          ICUT,AMX,ALEVEL,IAGAIN  42  0.2587E+00  0.1233E-06  21    CUT,PRCNT  0.100E-06  0.100E+01  M1,N1=  51  73
 CUTOFF OLD,NEW M1  51  56
 DIMENSIONS  56  73   262.8  52  78   255.7  52  78   254.1  52  78   252.9
 DENSTY: JSHAP= 49    JBAR= 84        66.5     7.0
 EVA M1,N1=    56    73
 NOP,NOA,NOF,NOG,KE2MX= 0 0 0 016  NOLEP,NOLJI,NOLJF,JFJI= 1 1 1 1

 EVA  M1*N1  4088    ZEROS  1261    CUTS   520    CUTPOP  0.6167E-07    SUM CUTS  0.1140E-05
 LOSS BELOW YRAST LINE  0.0000E+00
 EVA-,STEP  1
 SEQOUT NROW,NSTEP   2   1         PARENT 172Lu      ELAB   309.0    EXCIT   272.7

 SUMP,SUMLOW    0.3548E+01    0.0000E+00
 WROTE POPP ON UNIT  11               171Yb  
 SUMA,SUMLOW    0.2104E+01    0.0000E+00
 WROTE POPA ON UNIT  13               168Tm  
 TOTAL    0.5137E+02
 FLOST(SUMPOP),TRIM(CUTOFF),RLOST(POPUL),RP 
   0.0000E+00   0.1140E-05   0.0000E+00   0.9559E-06   0.3498E-06   0.3805E-03   0.0000E+00

 J SPECTRUM OF PARENT 172Lu  
    AVERAGE=  46.904    SUM=   0.514E+02
    0.00      3      9     16     22     29     35     42     48     54     60
   10.00    137     76     81     86     91     96    100    104    108    111
   20.00    114    117    119    121    123    124    124    124    124    124
   30.00    123    122    120    119    117    114    112    109    106    104
   40.00    101     99     98     96     95     94     93     93     94     95
   50.00     96     99    103    108    114    122    132    144    159    177
   60.00    198    222    249    278    310    343    376    407    436    462
   70.00    487    316      0

 J SPECTRUM OF FISS   172Lu  
    AVERAGE=  48.816    SUM=   0.167E+02
    0.00      1      3      6      8     11     13     16     19     22     25
   10.00     58     34     37     41     44     48     51     55     59     63
   20.00     67     71     76     80     85     90     94     99    104    109
   30.00    113    118    122    126    130    134    137    140    143    145
   40.00    147    150    152    155    157    159    162    165    168    172
   50.00    177    183    190    198    208    219    232    246    262    278
   60.00    294    308    318    325    327    321    310    294    274    254
   70.00    234    132      0

 E SPECTRUM OF PARENT 172Lu  
    AVERAGE= 252.085    SUM=   0.514E+02
  237.77      0     53     67     86    110    139    175    220    273    337
  247.77    413    501    599    705    815    914    989   1009    942    767
  257.77    515    257     86     18      1      0

 DJN SPEC
    AVERAGE=  -0.941    SUM=   0.290E+02
   -1.00   9405    594      0      0      0      0      0      0      0      0

 DJP SPEC
    AVERAGE=  -0.937    SUM=   0.355E+01
   -1.00   9366    633      0      0      0      0      0      0      0      0

 DJA SPEC
    AVERAGE=  -2.836    SUM=   0.210E+01
   -9.00      0      0      0      0      0      0   9010    476    371    140

   N   M   EXMAX  AV.EX. NW  MW  EXMAXW      Q      AL   DELTA     AVJ      DJ        TOTAL  BRANCH
  73  56   262.8   252.1  75  33   206.8    0.00   20.51   -1.60   46.90    0.00     0.514E+02 10000    
  78  52   255.7   238.5  80  31   200.7   -6.98   20.41   -1.02   45.08    1.82     0.290E+02  5641   N
  78  52   254.1   233.0  80  31   199.1   -4.72   20.41   -0.79   44.03    2.87     0.355E+01   691   P
  78  52   252.9   229.9  80  62   197.9    2.15   20.11   -1.48   44.29    2.62     0.210E+01   409   A
                   252.3  73  34   207.8  -30.07   23.42   -1.60   48.82             0.167E+02  3259   F
                                                                                     0.000E+00     0   G

 SPECTRA N,P,A  AVE    6.46   14.35   24.27         SUMS  0.2893E+02  0.3546E+01  0.2104E+01
 SEQIN:PAIR,DELT,CST   4  11.00   1.160 AL=  20.41  20.31  20.31  20.01  23.31 DELTA= -1.02 -1.61  0.00 -0.98 -1.02
 AF/AN=   1.100   BS,BK=   1.2818   1.4913 DPBAR=  28.03 A= 171. Z=  71. Y=   0.383
 SHELL CORRECTIONS        -2.1    -1.7    -2.3    -2.0     0.0

 GRIDS  NROW,NSTEP   2   2
 SUMN,SUMLOW    0.2898E+02    0.0000E+00
 GOT POPP FROM UNIT  10      SUMP  0.2301E+02   M,N,EXMAX  52  78   255.7     171Lu      CN= 173Hf  
 SUMPOP FLOST,SUM,EXMAX,M,N -0.2132E-13  0.5199E+02  255.69  52  78  0.2301E+02  255.69  52  78  0.2898E+02  255.69  52  78  0  0
 SUMPOP FLOST,SUM,EXMAX,M,N  0.0000E+00  0.5199E+02  255.69  52  78
 CUTOFF   NSTEP,TOTAL,TRIM,TRIMJ,TRIME,TRIMLEV   2  0.5199E+02  0.3453E-05  0.0000E+00  0.3453E-05  0.0000E+00
          ICUT,AMX,ALEVEL,IAGAIN  42  0.2348E+00  0.1120E-06  21    CUT,PRCNT  0.100E-06  0.100E+01  M1,N1=  51  72
 CUTOFF OLD,NEW M1  51  56
 DIMENSIONS  56  72   254.7  53  77   246.0  53  77   246.3  53  77   245.0
 DENSTY: JSHAP= 49    JBAR= 84        66.5     7.0
 EVA M1,N1=    56    72
 NOP,NOA,NOF,NOG,KE2MX= 0 0 0 016  NOLEP,NOLJI,NOLJF,JFJI= 1 1 1 1

 EVA  M1*N1  4032    ZEROS    27    CUTS   476    CUTPOP  0.5598E-07    SUM CUTS  0.5255E-05
 LOSS BELOW YRAST LINE  0.0000E+00
 EVA-,STEP  2
 SEQOUT NROW,NSTEP   2   2         PARENT 171Lu      ELAB   309.0    EXCIT   272.7

 SUMP,SUMLOW    0.4176E+01    0.0000E+00
 WROTE POPP ON UNIT  11               170Yb  
 SUMA,SUMLOW    0.2405E+01    0.0000E+00
 WROTE POPA ON UNIT  13               167Tm  
 TOTAL    0.5199E+02
 FLOST(SUMPOP),TRIM(CUTOFF),RLOST(POPUL),RP 
  -0.2132E-13   0.8708E-05   0.1638E-08   0.1473E-01   0.5696E-02   0.9014E-02   0.0000E+00

 J SPECTRUM OF PARENT 171Lu  
    AVERAGE=  45.237    SUM=   0.520E+02
    0.00      4     13     22     31     40     48     57     65     73     81
   10.00    282    106    112    118    123    127    131    135    137    139
   20.00    140    141    141    140    139    137    134    131    127    123
   30.00    119    114    109    104     98     93     87     82     77     72
   40.00     68     64     61     58     56     54     52     51     51     51
   50.00     52     54     57     62     68     76     87    101    120    143
   60.00    173    208    250    300    358    418    481    542    600    656
   70.00    439      0

 J SPECTRUM OF FISS   171Lu  
    AVERAGE=  50.130    SUM=   0.141E+02
    0.00      1      4      7     10     14     17     20     24     27     31
   10.00    110     44     48     51     55     59     62     66     70     74
   20.00     77     81     85     88     92     95     98    101    104    106
   30.00    108    109    110    111    111    110    110    108    107    105
   40.00    104    103    102    101    100     99     99    100    101    103
   50.00    107    112    119    128    140    155    174    198    227    260
   60.00    297    337    377    416    450    472    483    483    473    459
   70.00    271      0

 E SPECTRUM OF PARENT 171Lu  
    AVERAGE= 238.504    SUM=   0.520E+02
  209.69      0      0      1      1      2      3      4      7      9     13
  219.69     18     24     33     43     56     73     92    116    143    175
  229.69    211    250    291    335    383    432    483    532    578    618
  239.69    648    665    664    643    598    532    445    345    242    149
  249.69     77     32      9      2      0      0

 DJN SPEC
    AVERAGE=  -0.911    SUM=   0.313E+02
   -1.00   9109    890      0      0      0      0      0      0      0      0

 DJP SPEC
    AVERAGE=  -0.905    SUM=   0.418E+01
   -1.00   9054    945      0      0      0      0      0      0      0      0

 DJA SPEC
    AVERAGE=  -2.764    SUM=   0.241E+01
   -9.00      0      0      0      0      0      0   8598    629    587    184

   N   M   EXMAX  AV.EX. NW  MW  EXMAXW      Q      AL   DELTA     AVJ      DJ        TOTAL  BRANCH
  72  56   254.7   238.5  74  33   198.7    0.00   20.41   -1.02   45.24    0.00     0.520E+02 10000    
  77  53   246.0   223.4  80  31   191.0   -8.59   20.31   -1.61   42.55    2.68     0.313E+02  6023   N
  77  53   246.3   219.9  80  31   191.3   -4.35   20.31    0.00   41.40    3.83     0.418E+01   803   P
  77  53   245.0   216.7  80  62   190.0    2.29   20.01   -0.98   42.11    3.13     0.241E+01   463   A
                   239.0  72  34   199.7  -29.63   23.31   -1.02   50.13             0.141E+02  2705   F
                                                                                     0.000E+00     0   G

 SPECTRA N,P,A  AVE    6.30   14.20   24.08         SUMS  0.3127E+02  0.4180E+01  0.2414E+01
 SEQIN:PAIR,DELT,CST   4  11.00   1.160 AL=  20.31  20.21  20.21  19.92  23.20 DELTA= -1.61 -1.10 -0.89 -1.88 -1.61
 AF/AN=   1.100   BS,BK=   1.2817   1.4907 DPBAR=  27.67 A= 170. Z=  71. Y=   0.382
 SHELL CORRECTIONS        -1.7    -1.8    -2.1    -1.7     0.0

 GRIDS  NROW,NSTEP   2   3
 SUMN,SUMLOW    0.3131E+02    0.0000E+00
 GOT POPP FROM UNIT  10      SUMP  0.1186E+02   M,N,EXMAX  53  77   247.0     170Lu      CN= 173Hf  
 SUMPOP FLOST,SUM,EXMAX,M,N -0.5684E-13  0.4317E+02  247.00  54  75  0.1186E+02  247.00  53  77  0.3131E+02  246.00  53  77  0 -1
 SUMPOP FLOST,SUM,EXMAX,M,N  0.0000E+00  0.4317E+02  247.00  54  75
 CUTOFF   NSTEP,TOTAL,TRIM,TRIMJ,TRIME,TRIMLEV   3  0.4317E+02  0.4379E-05  0.0000E+00  0.8404E-06  0.3539E-05
          ICUT,AMX,ALEVEL,IAGAIN  47  0.1856E+00  0.1770E-06  20    CUT,PRCNT  0.100E-06  0.100E+01  M1,N1=  52  71
 CUTOFF OLD,NEW M1  52  57
 DIMENSIONS  57  71   245.0  53  76   237.6  53  76   236.8  53  76   235.2
 DENSTY: JSHAP= 49    JBAR= 83        66.0     6.8
 EVA M1,N1=    57    71
 NOP,NOA,NOF,NOG,KE2MX= 0 0 0 016  NOLEP,NOLJI,NOLJF,JFJI= 1 1 1 1

 EVA  M1*N1  4047    ZEROS    44    CUTS   189    CUTPOP  0.8849E-07    SUM CUTS  0.8039E-05
 LOSS BELOW YRAST LINE  0.0000E+00
 EVA-,STEP  3
 SEQOUT NROW,NSTEP   2   3         PARENT 170Lu      ELAB   309.0    EXCIT   272.7

 SUMP,SUMLOW    0.3965E+01    0.0000E+00
 WROTE POPP ON UNIT  11               169Yb  
 SUMA,SUMLOW    0.2200E+01    0.0000E+00
 WROTE POPA ON UNIT  13               166Tm  
 TOTAL    0.4317E+02
 FLOST(SUMPOP),TRIM(CUTOFF),RLOST(POPUL),RP 
  -0.5684E-13   0.1242E-04   0.3622E-05   0.1546E+00   0.5642E-01   0.5423E-01   0.0000E+00

 J SPECTRUM OF PARENT 170Lu  
    AVERAGE=  42.690    SUM=   0.432E+02
    0.00      5     17     28     40     51     62     74     84     94    103
   10.00    489    139    145    151    156    159    162    164    164    164
   20.00    163    161    158    154    149    144    138    131    124    117
   30.00    110    102     95     87     80     73     66     60     54     49
   40.00     45     41     38     35     33     31     30     29     28     28
   50.00     29     31     33     37     42     50     60     74     94    120
   60.00    154    198    253    322    403    491    584    677    771    535

 J SPECTRUM OF FISS   170Lu  
    AVERAGE=  50.738    SUM=   0.951E+01
    0.00      1      5      9     12     16     20     24     28     32     36
   10.00    176     54     57     61     65     68     72     75     78     82
   20.00     85     88     90     93     95     96     98     98     99     99
   30.00     99     98     96     94     92     89     86     82     79     76
   40.00     74     71     69     66     65     63     62     62     63     65
   50.00     68     72     79     87     99    115    137    166    202    247
   60.00    300    361    429    502    568    621    658    679    687    425

 E SPECTRUM OF PARENT 170Lu  
    AVERAGE= 223.393    SUM=   0.432E+02
  189.00      0      0      0      0      0      1      2      3      5      7
  199.00      9     12     15     20     25     32     40     50     62     76
  209.00     93    111    133    157    183    212    244    277    311    346
  219.00    382    416    448    477    502    521    533    537    531    515
  229.00    488    451    405    351    293    233    175    123     80     47
  239.00     24     10      4      1      0      0      0

 DJN SPEC
    AVERAGE=  -0.875    SUM=   0.272E+02
   -1.00   8754   1245      0      0      0      0      0      0      0      0

 DJP SPEC
    AVERAGE=  -0.868    SUM=   0.396E+01
   -1.00   8683   1316      0      0      0      0      0      0      0      0

 DJA SPEC
    AVERAGE=  -2.681    SUM=   0.220E+01
   -9.00      0      0      0      0      0      0   8129    782    859    228

   N   M   EXMAX  AV.EX. NW  MW  EXMAXW      Q      AL   DELTA     AVJ      DJ        TOTAL  BRANCH
  71  57   245.0   223.4  73  34   188.0    0.00   20.31   -1.61   42.69    0.00     0.432E+02 10000    
  76  53   237.6   209.8  80  31   181.6   -7.29   20.21   -1.10   39.62    3.07     0.272E+02  6308   N
  76  53   236.8   205.4  80  31   180.8   -4.22   20.21   -0.89   38.43    4.26     0.396E+01   918   P
  76  53   235.2   202.2  80  62   179.2    2.16   19.92   -1.88   39.49    3.20     0.220E+01   510   A
                   224.2  71  35   189.0  -28.92   23.20   -1.61   50.74             0.951E+01  2203   F
                                                                                     0.000E+00     0   G

 SPECTRA N,P,A  AVE    6.14   14.04   23.88         SUMS  0.2733E+02  0.4019E+01  0.2254E+01
 SEQIN:PAIR,DELT,CST   4  11.00   1.160 AL=  20.21  20.11  20.11  19.82  23.09 DELTA= -1.10 -1.67  0.00 -1.11 -1.10
 AF/AN=   1.100   BS,BK=   1.2815   1.4899 DPBAR=  27.30 A= 169. Z=  71. Y=   0.381
 SHELL CORRECTIONS        -1.8    -1.3    -1.9    -1.5     0.0

 GRIDS  NROW,NSTEP   2   4
 SUMN,SUMLOW    0.2723E+02    0.0000E+00
 GOT POPP FROM UNIT  10      SUMP  0.6572E+01   M,N,EXMAX  53  76   239.6     169Lu      CN= 173Hf  
 SUMPOP FLOST,SUM,EXMAX,M,N  0.4263E-13  0.3380E+02  239.61  55  74  0.6572E+01  239.61  53  76  0.2723E+02  237.61  53  76  0 -2
 SUMPOP FLOST,SUM,EXMAX,M,N  0.0000E+00  0.3380E+02  239.61  55  74
 CUTOFF   NSTEP,TOTAL,TRIM,TRIMJ,TRIME,TRIMLEV   4  0.3380E+02  0.4681E-05  0.0000E+00  0.1979E-05  0.2703E-05
          ICUT,AMX,ALEVEL,IAGAIN  48  0.1369E+00  0.1306E-06  20    CUT,PRCNT  0.100E-06  0.100E+01  M1,N1=  51  70
 CUTOFF OLD,NEW M1  51  58
 DIMENSIONS  58  70   235.6  54  75   226.4  54  75   227.8  54  75   226.0
 DENSTY: JSHAP= 49    JBAR= 83        66.0     6.8
 EVA M1,N1=    58    70
 NOP,NOA,NOF,NOG,KE2MX= 0 0 0 016  NOLEP,NOLJI,NOLJF,JFJI= 1 1 1 1

 EVA  M1*N1  4060    ZEROS    44    CUTS    81    CUTPOP  0.6528E-07    SUM CUTS  0.2212E-05
 LOSS BELOW YRAST LINE  0.0000E+00
 EVA-,STEP  4
 SEQOUT NROW,NSTEP   2   4         PARENT 169Lu      ELAB   309.0    EXCIT   272.7

 SUMP,SUMLOW    0.3416E+01    0.0000E+00
 WROTE POPP ON UNIT  11               168Yb  
 SUMA,SUMLOW    0.1808E+01    0.0000E+00
 WROTE POPA ON UNIT  13               165Tm  
 TOTAL    0.3380E+02
 FLOST(SUMPOP),TRIM(CUTOFF),RLOST(POPUL),RP 
   0.4263E-13   0.6894E-05   0.1391E-06   0.2960E+00   0.1219E+00   0.1012E+00   0.0000E+00

 J SPECTRUM OF PARENT 169Lu  
    AVERAGE=  39.659    SUM=   0.338E+02
    0.00      7     21     35     49     62     75     91    103    114    125
   10.00    758    173    179    184    187    189    190    189    188    184
   20.00    180    175    169    162    154    145    136    127    117    108
   30.00     98     89     80     72     64     56     49     43     38     34
   40.00     30     27     24     22     20     18     17     17     16     16
   50.00     17     18     21     24     28     35     45     59     79    107
   60.00    146    198    267    355    460    576    700    829    596      0

 J SPECTRUM OF FISS   169Lu  
    AVERAGE=  52.208    SUM=   0.652E+01
    0.00      1      5      9     12     16     20     25     29     32     36
   10.00    229     56     59     62     65     68     71     74     76     78
   20.00     80     82     83     84     85     85     84     84     83     81
   30.00     79     77     74     71     67     63     59     56     52     50
   40.00     47     45     42     40     39     37     37     37     37     39
   50.00     41     45     51     59     71     87    110    142    185    242
   60.00    314    403    511    630    746    849    932    996    647      0

 E SPECTRUM OF PARENT 169Lu  
    AVERAGE= 209.840    SUM=   0.338E+02
  178.61      0      0      0      0      0      0      0     14     17     28
  188.61     34     42     50     61     73     86    102    119    138    160
  198.61    182    207    233    260    288    316    344    370    395    418
  208.61    438    453    464    469    469    462    448    428    401    369
  218.61    332    292    250    208    167    129     95     67     44     27
  228.61     15      8      3      1      0      0      0      0

 DJN SPEC
    AVERAGE=  -0.831    SUM=   0.215E+02
   -1.00   8311   1688      0      0      0      0      0      0      0      0

 DJP SPEC
    AVERAGE=  -0.823    SUM=   0.342E+01
   -1.00   8230   1769      0      0      0      0      0      0      0      0

 DJA SPEC
    AVERAGE=  -2.581    SUM=   0.181E+01
   -9.00      0      0      0      0      0      0   7567    948   1208    276

   N   M   EXMAX  AV.EX. NW  MW  EXMAXW      Q      AL   DELTA     AVJ      DJ        TOTAL  BRANCH
  70  58   235.6   209.8  72  34   177.6    0.00   20.21   -1.10   39.66    0.00     0.338E+02 10000    
  75  54   226.4   194.8  80  31   169.4   -9.09   20.11   -1.67   35.94    3.72     0.215E+02  6371   N
  75  54   227.8   192.9  80  31   170.8   -3.79   20.11    0.00   34.83    4.83     0.342E+01  1011   P
  75  54   226.0   189.6  80  62   169.0    2.42   19.82   -1.11   36.15    3.50     0.181E+01   535   A
                   211.0  70  35   178.6  -28.58   23.09   -1.10   52.21             0.652E+01  1930   F
                                                                                     0.000E+00     0   G

 SPECTRA N,P,A  AVE    5.97   13.88   23.69         SUMS  0.2179E+02  0.3537E+01  0.1909E+01
 SEQIN:PAIR,DELT,CST   4  11.00   1.160 AL=  20.11  20.01  20.01  19.72  22.98 DELTA= -1.67 -1.24 -1.09 -2.12 -1.67
 AF/AN=   1.100   BS,BK=   1.2814   1.4891 DPBAR=  26.91 A= 168. Z=  71. Y=   0.381
 SHELL CORRECTIONS        -1.3    -1.4    -1.6    -1.3     0.0

 GRIDS  NROW,NSTEP   2   5
 SUMN,SUMLOW    0.2154E+02    0.0000E+00
 GOT POPP FROM UNIT  10      SUMP  0.3796E+01   M,N,EXMAX  54  75   229.4     168Lu      CN= 173Hf  
 SUMPOP FLOST,SUM,EXMAX,M,N  0.9234E-01  0.2524E+02  229.42  56  73  0.3796E+01  229.42  54  75  0.2154E+02  226.42  54  75  0 -3
 SUMPOP FLOST,SUM,EXMAX,M,N  0.0000E+00  0.2524E+02  229.42  56  73
 CUTOFF   NSTEP,TOTAL,TRIM,TRIMJ,TRIME,TRIMLEV   5  0.2524E+02  0.1616E-05  0.0000E+00  0.1616E-05  0.0000E+00
          ICUT,AMX,ALEVEL,IAGAIN  48  0.1200E+00  0.5722E-07  21    CUT,PRCNT  0.100E-06  0.100E+01  M1,N1=  51  69
 CUTOFF OLD,NEW M1  51  59
 DIMENSIONS  59  69   224.4  55  74   216.7  55  74   216.7  55  74   214.8
 DENSTY: JSHAP= 48    JBAR= 82        65.0     6.8
 EVA M1,N1=    59    69
 NOP,NOA,NOF,NOG,KE2MX= 0 0 0 016  NOLEP,NOLJI,NOLJF,JFJI= 1 1 1 1

 EVA  M1*N1  4071    ZEROS     0    CUTS   125    CUTPOP  0.2861E-07    SUM CUTS  0.7483E-06
 LOSS BELOW YRAST LINE  0.0000E+00
 EVA-,STEP  5
 SEQOUT NROW,NSTEP   2   5         PARENT 168Lu      ELAB   309.0    EXCIT   272.7

 SUMP,SUMLOW    0.2877E+01    0.0000E+00
 WROTE POPP ON UNIT  11               167Yb  
 SUMA,SUMLOW    0.1445E+01    0.0000E+00
 WROTE POPA ON UNIT  13               164Tm  
 TOTAL    0.2524E+02
 FLOST(SUMPOP),TRIM(CUTOFF),RLOST(POPUL),RP 
   0.9234E-01   0.2364E-05   0.2392E-06   0.3747E+00   0.1804E+00   0.1379E+00   0.0000E+00

 J SPECTRUM OF PARENT 168Lu  
    AVERAGE=  35.945    SUM=   0.252E+02
    0.00      8     25     42     59     75     90    109    124    137    149
   10.00   1105    210    215    218    219    219    217    214    209    202
   20.00    195    186    177    166    155    143    132    120    109     98
   30.00     87     77     67     59     50     43     37     31     27     23
   40.00     20     18     16     14     12     11     11     10     10     10
   50.00     11     12     14     16     21     27     36     51     71    101
   60.00    145    206    288    394    520    663    818    610      0

 J SPECTRUM OF FISS   168Lu  
    AVERAGE=  51.635    SUM=   0.372E+01
    0.00      2      6     10     14     18     23     28     33     37     41
   10.00    318     65     68     71     74     76     78     80     82     83
   20.00     84     85     85     85     84     83     82     80     77     75
   30.00     71     68     64     59     55     51     47     43     40     37
   40.00     35     32     30     28     27     26     25     25     26     27
   50.00     30     33     39     47     58     75    100    136    185    252
   60.00    342    458    602    760    919   1068   1201    817      1

 E SPECTRUM OF PARENT 168Lu  
    AVERAGE= 194.885    SUM=   0.252E+02
  166.42      0      0      0      0      0      0      0      0     45     55
  176.42     78     92    106    123    140    159    180    201    224    247
  186.42    271    295    319    341    363    382    399    413    424    431
  196.42    433    431    423    411    395    373    348    319    288    255
  206.42    221    188    155    125     98     74     54     38     25     16
  216.42      9      5      2      1      0      0      0      0      0

 DJN SPEC
    AVERAGE=  -0.784    SUM=   0.165E+02
   -1.00   7835   2164      0      0      0      0      0      0      0      0

 DJP SPEC
    AVERAGE=  -0.775    SUM=   0.288E+01
   -1.00   7745   2254      0      0      0      0      0      0      0      0

 DJA SPEC
    AVERAGE=  -2.475    SUM=   0.145E+01
   -9.00      0      0      0      0      0      0   6987   1091   1599    320

   N   M   EXMAX  AV.EX. NW  MW  EXMAXW      Q      AL   DELTA     AVJ      DJ        TOTAL  BRANCH
  69  59   224.4   194.9  71  35   165.4    0.00   20.11   -1.67   35.95    0.00     0.252E+02 10000    
  74  55   216.7   181.6  80  31   158.7   -7.64   20.01   -1.24   32.60    3.35     0.165E+02  6538   N
  74  55   216.7   178.6  80  31   158.7   -3.77   20.01   -1.09   31.56    4.39     0.288E+01  1140   P
  74  55   214.8   175.5  80  62   156.8    2.41   19.72   -2.12   33.03    2.92     0.145E+01   573   A
                   196.4  69  36   166.4  -27.71   22.98   -1.67   51.63             0.372E+01  1475   F
                                                                                     0.000E+00     0   G

 SPECTRA N,P,A  AVE    5.80   13.70   23.48         SUMS  0.1684E+02  0.3057E+01  0.1583E+01
1    ROW  2      ELEMENT Lu      X-SECTION   0.000E+00
(14)N+(159)Tb -> (173)Hf                                                
 ELAB(MEV)  309.000     Q-VALUE  -11.257    EXCIT  272.737
 SIGFUS,SIGEVA,SIGFIS,SIGMXZ  0.9476E+03  0.0000E+00  0.8317E+03  0.0000E+00
 ZT= 65    AT 159    ZP  7    AP  14


             172Lu     171Lu     170Lu     169Lu     168Lu  
 SIG        0.000E+00 0.000E+00 0.000E+00 0.000E+00 0.000E+00
 B-G               0         0         0         0         0
  R-N           5641      6023      6308      6371      6538
 BR-P            691       803       918      1011      1140
 BR-A            409       463       510       535       573
 BR-F           3259      2705      2203      1930      1475
 SIGF       0.167E+02 0.141E+02 0.951E+01 0.652E+01 0.372E+01
 TOTAL      0.514E+02 0.520E+02 0.432E+02 0.338E+02 0.252E+02
 EXCP          252.1     238.5     223.4     209.8     194.9
 SPINP          46.9      45.2      42.7      39.7      35.9
 EXCF          252.3     239.0     224.2     211.0     196.4
 SPINF          48.8      50.1      50.7      52.2      51.6
 DJN           -0.94     -0.91     -0.88     -0.83     -0.78
 DJP           -0.94     -0.91     -0.87     -0.82     -0.77
 DJA           -2.84     -2.76     -2.68     -2.58     -2.47
 AV.E N         6.46      6.30      6.14      5.97      5.80
 AV.E P        14.35     14.20     14.04     13.88     13.70
 AV.E A        24.27     24.08     23.88     23.69     23.48
 SUM GAM         0.0       0.0       0.0       0.0       0.0
 SPIN GAM        0.0       0.0       0.0       0.0       0.0

 TRIM       0.114E-05 0.871E-05 0.124E-04 0.689E-05 0.236E-05
 FLOST      0.000E+00-0.213E-13-0.568E-13 0.426E-13 0.923E-01
 RP         0.000E+00 0.000E+00 0.000E+00 0.000E+00 0.000E+00
 RLOSTG     0.000E+00 0.164E-08 0.362E-05 0.139E-06 0.239E-06
 RLOSTN     0.956E-06 0.147E-01 0.155E+00 0.296E+00 0.375E+00
 RLOSTP     0.350E-06 0.570E-02 0.564E-01 0.122E+00 0.180E+00
 RLOSTA     0.380E-03 0.901E-02 0.542E-01 0.101E+00 0.138E+00
 TIME              0         0         0         0         0

 STORAGE
  1.  1.  3.  3.  3.
  0.  0.  2.  2.  2.
  171.   70.   0.0010    21     1    25    25    35    12    12    20
 DEL     1.0     0.1     4.0    12.0     0.0
 TRANSM  APAR,ZPAR,SIGLOW,UNIT,DEL 171.0  70.0  0.10E-02  21     0.1     4.0    12.0
 SEQIN:PAIR,DELT,CST   4  11.00   1.160 AL=  20.41  20.31  20.31  20.01  23.32 DELTA= -0.79  0.00 -1.12 -0.76 -0.79
 AF/AN=   1.100   BS,BK=   1.2824   1.4950 DPBAR=  30.24 A= 171. Z=  70. Y=   0.388
 SHELL CORRECTIONS        -2.5    -2.3    -2.4    -2.4     0.0
1 NEW ROW

 GRIDS  NROW,NSTEP   3   1
 SUMN,SUMLOW    0.0000E+00    0.0000E+00
 GOT POPP FROM UNIT  11      SUMP  0.3548E+01   M,N,EXMAX  52  78   254.1     171Yb      CN= 173Hf  
 SUMPOP FLOST,SUM,EXMAX,M,N  0.0000E+00  0.3548E+01  254.05  52  78
 SUMPOP FLOST,SUM,EXMAX,M,N  0.0000E+00  0.3548E+01  254.05  52  78
 CUTOFF   NSTEP,TOTAL,TRIM,TRIMJ,TRIME,TRIMLEV   1  0.3548E+01  0.3190E-06  0.0000E+00  0.3190E-06  0.0000E+00
          ICUT,AMX,ALEVEL,IAGAIN  48  0.1381E-01  0.6586E-08  21    CUT,PRCNT  0.100E-06  0.100E+01  M1,N1=  49  72
 CUTOFF OLD,NEW M1  49  56
 DIMENSIONS  56  72   251.1  53  77   244.3  53  77   240.2  53  77   240.6
 DENSTY: JSHAP= 49    JBAR= 84        66.5     7.0
 EVA M1,N1=    56    72
 NOP,NOA,NOF,NOG,KE2MX= 0 0 0 016  NOLEP,NOLJI,NOLJF,JFJI= 1 1 1 1

 EVA  M1*N1  4032    ZEROS    24    CUTS   494    CUTPOP  0.3293E-08    SUM CUTS  0.2155E-06
 LOSS BELOW YRAST LINE  0.0000E+00
 EVA-,STEP  1
 SEQOUT NROW,NSTEP   3   1         PARENT 171Yb      ELAB   309.0    EXCIT   272.7

 SUMP,SUMLOW    0.2404E+00    0.0000E+00
 WROTE POPP ON UNIT  10               170Tm  
 SUMA,SUMLOW    0.1497E+00    0.0000E+00
 WROTE POPA ON UNIT  13               167Er  
 TOTAL    0.3548E+01
 FLOST(SUMPOP),TRIM(CUTOFF),RLOST(POPUL),RP 
   0.0000E+00   0.5345E-06   0.3428E-10   0.1531E-02   0.4009E-03   0.6880E-03   0.0000E+00

 J SPECTRUM OF PARENT 171Yb  
    AVERAGE=  44.033    SUM=   0.355E+01
    0.00      4     13     22     31     40     49     58     67     75     82
   10.00    289    109    115    121    127    132    136    140    143    145
   20.00    147    148    148    148    147    145    143    140    137    133
   30.00    129    124    119    114    108    103     97     91     86     81
   40.00     76     73     69     66     63     61     59     58     57     57
   50.00     58     60     63     68     74     82     93    107    125    148
   60.00    175    208    246    290    339    390    440    488    532    575
   70.00    380      0

 J SPECTRUM OF FISS   171Yb  
    AVERAGE=  51.126    SUM=   0.542E+00
    0.00      1      3      5      8     10     12     15     18     20     23
   10.00     84     34     37     40     42     46     49     52     55     58
   20.00     62     65     69     72     76     80     83     86     90     93
   30.00     96     99    101    103    105    107    108    109    109    110
   40.00    111    112    113    114    115    116    118    120    123    127
   50.00    132    139    148    159    173    190    210    236    265    297
   60.00    331    365    396    425    447    456    456    447    431    414
   70.00    244      0

 E SPECTRUM OF PARENT 171Yb  
    AVERAGE= 232.958    SUM=   0.355E+01
  206.05      0      0      1      1      2      4      6     10     14     20
  216.05     27     37     50     67     87    113    143    177    215    257
  226.05    300    346    394    443    493    541    585    621    647    658
  236.05    653    627    580    513    430    338    245    161     95     48
  246.05     21      7      2      0      0      0

 DJN SPEC
    AVERAGE=  -0.917    SUM=   0.261E+01
   -1.00   9167    832      0      0      0      0      0      0      0      0

 DJP SPEC
    AVERAGE=  -0.911    SUM=   0.240E+00
   -1.00   9106    893      0      0      0      0      0      0      0      0

 DJA SPEC
    AVERAGE=  -2.777    SUM=   0.150E+00
   -9.00      0      0      0      0      0      0   8670    604    553    171

   N   M   EXMAX  AV.EX. NW  MW  EXMAXW      Q      AL   DELTA     AVJ      DJ        TOTAL  BRANCH
  72  56   251.1   233.0  74  33   195.1    0.00   20.41   -0.79   44.03    0.00     0.355E+01 10000    
  77  53   244.3   220.0  80  31   189.3   -6.61   20.31    0.00   41.88    2.15     0.261E+01  7364   N
  77  53   240.2   212.2  80  31   185.2   -6.80   20.31   -1.12   40.59    3.44     0.240E+00   678   P
  77  53   240.6   210.9  80  62   185.6    1.56   20.01   -0.76   41.23    2.81     0.150E+00   422   A
                   233.6  72  34   196.1  -32.21   23.32   -0.79   51.13             0.542E+00  1529   F
                                                                                     0.000E+00     0   G

 SPECTRA N,P,A  AVE    6.23   14.00   23.74         SUMS  0.2609E+01  0.2407E+00  0.1504E+00
 SEQIN:PAIR,DELT,CST   4  11.00   1.160 AL=  20.31  20.21  20.21  19.92  23.21 DELTA=  0.00 -0.89 -0.87  0.00  0.00
 AF/AN=   1.100   BS,BK=   1.2824   1.4947 DPBAR=  29.92 A= 170. Z=  70. Y=   0.387
 SHELL CORRECTIONS        -2.3    -2.1    -2.5    -2.2     0.0

 GRIDS  NROW,NSTEP   3   2
 SUMN,SUMLOW    0.2613E+01    0.0000E+00
 GOT POPP FROM UNIT  11      SUMP  0.4176E+01   M,N,EXMAX  53  77   246.3     170Yb      CN= 173Hf  
 SUMPOP FLOST,SUM,EXMAX,M,N  0.1155E-13  0.6789E+01  246.34  55  74  0.4176E+01  246.34  53  77  0.2613E+01  244.34  53  77  0 -2
 SUMPOP FLOST,SUM,EXMAX,M,N  0.0000E+00  0.6789E+01  246.34  55  74
 CUTOFF   NSTEP,TOTAL,TRIM,TRIMJ,TRIME,TRIMLEV   2  0.6789E+01  0.7482E-06  0.0000E+00  0.8846E-07  0.6597E-06
          ICUT,AMX,ALEVEL,IAGAIN  74  0.2483E-01  0.2368E-07  20    CUT,PRCNT  0.100E-06  0.100E+01  M1,N1=  52  71
 CUTOFF OLD,NEW M1  52  57
 DIMENSIONS  57  71   243.3  53  76   234.8  53  76   232.6  53  76   233.1
 DENSTY: JSHAP= 49    JBAR= 83        66.0     6.8
 EVA M1,N1=    57    71
 NOP,NOA,NOF,NOG,KE2MX= 0 0 0 016  NOLEP,NOLJI,NOLJF,JFJI= 1 1 1 1

 EVA  M1*N1  4047    ZEROS    69    CUTS   130    CUTPOP  0.1184E-07    SUM CUTS  0.7501E-06
 LOSS BELOW YRAST LINE  0.0000E+00
 EVA-,STEP  2
 SEQOUT NROW,NSTEP   3   2         PARENT 170Yb      ELAB   309.0    EXCIT   272.7

 SUMP,SUMLOW    0.5039E+00    0.0000E+00
 WROTE POPP ON UNIT  10               169Tm  
 SUMA,SUMLOW    0.3042E+00    0.0000E+00
 WROTE POPA ON UNIT  13               166Er  
 TOTAL    0.6789E+01
 FLOST(SUMPOP),TRIM(CUTOFF),RLOST(POPUL),RP 
   0.1155E-13   0.1498E-05   0.3503E-06   0.3619E-01   0.8873E-02   0.9020E-02   0.0000E+00

 J SPECTRUM OF PARENT 170Yb  
    AVERAGE=  41.588    SUM=   0.679E+01
    0.00      5     16     28     39     50     60     72     82     92    101
   10.00    484    139    145    151    156    160    164    166    168    168
   20.00    168    167    165    162    158    153    148    142    136    130
   30.00    123    116    108    101     93     86     79     72     66     61
   40.00     56     52     48     45     42     40     38     37     37     37
   50.00     38     39     42     46     52     60     71     86    106    132
   60.00    165    205    254    314    380    449    520    589    656    447

 J SPECTRUM OF FISS   170Yb  
    AVERAGE=  51.966    SUM=   0.827E+00
    0.00      1      3      6      9     11     14     17     20     23     26
   10.00    128     39     42     45     48     51     54     57     60     63
   20.00     66     69     71     74     77     79     81     83     85     87
   30.00     88     89     90     90     90     89     88     87     85     84
   40.00     84     83     82     82     81     82     82     83     86     89
   50.00     94    101    110    121    137    156    182    214    253    298
   60.00    349    404    461    517    562    593    611    615    611    373

 E SPECTRUM OF PARENT 170Yb  
    AVERAGE= 219.946    SUM=   0.679E+01
  187.34      0      0      0      0      0      1      1      5      7      9
  197.34     12     17     22     28     36     45     57     71     87    106
  207.34    127    152    179    209    242    276    312    349    385    420
  217.34    452    481    506    525    536    539    532    515    488    450
  227.34    404    351    294    236    180    130     88     55     31     16
  237.34      7      2      0      0      0      0      0

 DJN SPEC
    AVERAGE=  -0.886    SUM=   0.510E+01
   -1.00   8859   1140      0      0      0      0      0      0      0      0

 DJP SPEC
    AVERAGE=  -0.878    SUM=   0.504E+00
   -1.00   8784   1215      0      0      0      0      0      0      0      0

 DJA SPEC
    AVERAGE=  -2.706    SUM=   0.304E+00
   -9.00      0      0      0      0      0      0   8265    737    790    206

   N   M   EXMAX  AV.EX. NW  MW  EXMAXW      Q      AL   DELTA     AVJ      DJ        TOTAL  BRANCH
  71  57   243.3   219.9  73  34   186.3    0.00   20.31    0.00   41.59    0.00     0.679E+01 10000    
  76  53   234.8   205.4  80  31   178.8   -8.46   20.21   -0.89   39.35    2.24     0.510E+01  7512   N
  76  53   232.6   199.8  80  31   176.6   -6.78   20.21   -0.87   38.03    3.56     0.504E+00   742   P
  76  53   233.1   198.8  80  62   177.1    1.74   19.92    0.00   38.99    2.59     0.304E+00   448   A
                   221.0  71  35   187.3  -31.65   23.21    0.00   51.97             0.827E+00  1218   F
                                                                                     0.000E+00     0   G

 SPECTRA N,P,A  AVE    6.07   13.85   23.54         SUMS  0.5126E+01  0.5126E+00  0.3132E+00
 SEQIN:PAIR,DELT,CST   4  11.00   1.160 AL=  20.21  20.11  20.11  19.82  23.10 DELTA= -0.89  0.00 -1.48 -1.01 -0.89
 AF/AN=   1.100   BS,BK=   1.2823   1.4942 DPBAR=  29.58 A= 169. Z=  70. Y=   0.387
 SHELL CORRECTIONS        -2.1    -1.9    -2.1    -1.9     0.0

 GRIDS  NROW,NSTEP   3   3
 SUMN,SUMLOW    0.5100E+01    0.0000E+00
 GOT POPP FROM UNIT  11      SUMP  0.3965E+01   M,N,EXMAX  53  76   236.8     169Yb      CN= 173Hf  
 SUMPOP FLOST,SUM,EXMAX,M,N  0.1170E-01  0.9053E+01  236.78  54  75  0.3965E+01  236.78  53  76  0.5100E+01  234.78  53  76  0 -2
 GOT POPA FROM UNIT  12      SUMA  0.2879E+02   M,N,EXMAX  51  79   262.3     169Yb  
 SUMPOP FLOST,SUM,EXMAX,M,N  0.2385E+01  0.3545E+02  258.28  58  70  0.9053E+01  236.78  54  75  0.2879E+02  262.28  51  79-21  3
 CUTOFF   NSTEP,TOTAL,TRIM,TRIMJ,TRIME,TRIMLEV   3  0.3545E+02  0.0000E+00  0.0000E+00  0.0000E+00  0.0000E+00
          ICUT,AMX,ALEVEL,IAGAIN   0  0.1518E+00  0.5790E-06  18    CUT,PRCNT  0.100E-06  0.100E+01  M1,N1=  58  70
 DIMENSIONS  58  70   258.3  54  75   251.3  54  75   247.9  54  75   248.0
 DENSTY: JSHAP= 49    JBAR= 83        66.0     6.8
 EVA M1,N1=    58    70
 NOP,NOA,NOF,NOG,KE2MX= 0 0 0 016  NOLEP,NOLJI,NOLJF,JFJI= 1 1 1 1

 EVA  M1*N1  4060    ZEROS     0    CUTS     0    CUTPOP  0.1773E-06    SUM CUTS  0.0000E+00
 LOSS BELOW YRAST LINE  0.0000E+00
 EVA-,STEP  3
 SEQOUT NROW,NSTEP   3   3         PARENT 169Yb      ELAB   309.0    EXCIT   272.7

 SUMP,SUMLOW    0.2368E+01    0.0000E+00
 WROTE POPP ON UNIT  10               168Tm  
 SUMA,SUMLOW    0.1372E+01    0.0000E+00
 WROTE POPA ON UNIT  13               165Er  
 TOTAL    0.3545E+02
 FLOST(SUMPOP),TRIM(CUTOFF),RLOST(POPUL),RP 
   0.2396E+01   0.0000E+00   0.1062E-02   0.2885E+01   0.4271E+00   0.2741E+00   0.0000E+00

 J SPECTRUM OF PARENT 169Yb  
    AVERAGE=  45.337    SUM=   0.355E+02
    0.00      3     10     17     24     31     63     45     52     58    111
   10.00    184     85     90    159    102    106    110    113    116    118
   20.00    120    122    123    123    123    123    122    120    119    117
   30.00    115    112    110    107    104    101     97     94     92     89
   40.00     88     86     85     84     83     83     83     84     86     88
   50.00     92     96    102    110    120    132    147    166    189    215
   60.00    246    281    321    365    410    456    500    542    522    274

 J SPECTRUM OF FISS   169Yb  
    AVERAGE=  50.442    SUM=   0.909E+01
    0.00      0      2      4      6      8     18     12     14     16     35
   10.00     33     25     28     58     34     36     39     42     45     48
   20.00     52     55     59     62     66     70     74     78     82     86
   30.00     90     94     98    102    105    109    112    116    119    123
   40.00    127    131    135    139    144    149    154    160    167    175
   50.00    184    195    208    223    240    260    282    306    331    355
   60.00    378    396    411    418    416    405    388    367    316    152

 E SPECTRUM OF PARENT 169Yb  
    AVERAGE= 241.955    SUM=   0.355E+02
  201.28     94    101    107    112    117    120    121    121    119    116
  211.28    111    104     96     87     76     66     55     44     34     26
  221.28     18     12      8      5      2      1      4      4      6      8
  231.28     11     14     19     25     32     41     53     68     86    108
  241.28    136    170    212    261    319    387    463    546    631    712
  251.28    776    802    766    643    444    233     90     26

 DJN SPEC
    AVERAGE=  -0.935    SUM=   0.190E+02
   -1.00   9349    650      0      0      0      0      0      0      0      0

 DJP SPEC
    AVERAGE=  -0.936    SUM=   0.237E+01
   -1.00   9360    639      0      0      0      0      0      0      0      0

 DJA SPEC
    AVERAGE=  -2.831    SUM=   0.137E+01
   -9.00      0      0      0      0      0      0   8970    523    347    158

   N   M   EXMAX  AV.EX. NW  MW  EXMAXW      Q      AL   DELTA     AVJ      DJ        TOTAL  BRANCH
  70  58   258.3   242.0  72  34   200.3    0.00   20.21   -0.89   45.34    0.00     0.355E+02 10000    
  75  54   251.3   232.3  80  31   194.3   -6.87   20.11    0.00   43.63    1.71     0.190E+02  5369   N
  75  54   247.9   227.1  80  31   190.9   -6.35   20.11   -1.48   43.05    2.28     0.237E+01   668   P
  75  54   248.0   225.9  80  62   191.0    1.72   19.82   -1.01   43.34    2.00     0.137E+01   387   A
                   246.5  70  35   201.3  -31.12   23.10   -0.89   50.44             0.909E+01  2565   F
                                                                                     0.000E+00     0   G

 SPECTRA N,P,A  AVE    6.35   14.14   23.90         SUMS  0.2188E+02  0.2794E+01  0.1646E+01
 SEQIN:PAIR,DELT,CST   4  11.00   1.160 AL=  20.11  20.01  20.01  19.72  22.99 DELTA=  0.00 -1.09 -0.98  0.00  0.00
 AF/AN=   1.100   BS,BK=   1.2822   1.4938 DPBAR=  29.23 A= 168. Z=  70. Y=   0.386
 SHELL CORRECTIONS        -1.9    -1.6    -2.0    -1.6     0.0

 GRIDS  NROW,NSTEP   3   4
 SUMN,SUMLOW    0.1903E+02    0.0000E+00
 GOT POPP FROM UNIT  11      SUMP  0.3416E+01   M,N,EXMAX  54  75   227.8     168Yb      CN= 173Hf  
 SUMPOP FLOST,SUM,EXMAX,M,N  0.1065E+01  0.2139E+02  247.31  59  69  0.3416E+01  227.82  54  75  0.1903E+02  251.31  54  75-19  3
 GOT POPA FROM UNIT  12      SUMA  0.1260E+02   M,N,EXMAX  52  78   255.3     168Yb  
 SUMPOP FLOST,SUM,EXMAX,M,N  0.1571E+00  0.3383E+02  248.31  59  69  0.2139E+02  247.31  59  69  0.1260E+02  255.31  52  78 -1  6
 CUTOFF   NSTEP,TOTAL,TRIM,TRIMJ,TRIME,TRIMLEV   4  0.3383E+02  0.0000E+00  0.0000E+00  0.0000E+00  0.0000E+00
          ICUT,AMX,ALEVEL,IAGAIN   0  0.1350E+00  0.8237E-05  14    CUT,PRCNT  0.100E-06  0.100E+01  M1,N1=  59  69
 DIMENSIONS  59  69   248.3  55  74   239.1  55  74   238.0  55  74   238.2
 DENSTY: JSHAP= 48    JBAR= 82        65.0     6.8
 EVA M1,N1=    59    69
 NOP,NOA,NOF,NOG,KE2MX= 0 0 0 016  NOLEP,NOLJI,NOLJF,JFJI= 1 1 1 1

 EVA  M1*N1  4071    ZEROS     0    CUTS     0    CUTPOP  0.1691E-06    SUM CUTS  0.0000E+00
 LOSS BELOW YRAST LINE  0.0000E+00
 EVA-,STEP  4
 SEQOUT NROW,NSTEP   3   4         PARENT 168Yb      ELAB   309.0    EXCIT   272.7

 SUMP,SUMLOW    0.2846E+01    0.0000E+00
 WROTE POPP ON UNIT  10               167Tm  
 SUMA,SUMLOW    0.1620E+01    0.0000E+00
 WROTE POPA ON UNIT  13               164Er  
 TOTAL    0.3383E+02
 FLOST(SUMPOP),TRIM(CUTOFF),RLOST(POPUL),RP 
   0.1222E+01   0.0000E+00   0.4244E-03   0.1550E+01   0.2929E+00   0.1883E+00   0.0000E+00

 J SPECTRUM OF PARENT 168Yb  
    AVERAGE=  43.886    SUM=   0.338E+02
    0.00      4     13     21     30     38     84     56     64     72    177
   10.00    246    106    161    159    124    128    131    134    136    137
   20.00    138    138    137    135    133    130    127    123    119    115
   30.00    110    105    100     95     89     84     79     75     71     67
   40.00     64     61     59     56     55     54     53     53     54     55
   50.00     58     62     68     76     86     99    117    140    169    205
   60.00    248    301    362    430    502    575    647    670    398

 J SPECTRUM OF FISS   168Yb  
    AVERAGE=  50.420    SUM=   0.664E+01
    0.00      1      3      5      8     10     25     15     18     21     59
   10.00     56     34     57     58     44     47     51     54     57     60
   20.00     64     67     70     74     77     80     83     86     88     91
   30.00     93     95     96     98     99     99    100    100    101    101
   40.00    102    103    104    105    106    108    110    114    118    124
   50.00    132    142    155    171    191    215    246    281    320    363
   60.00    406    449    487    517    533    537    531    491    265

 E SPECTRUM OF PARENT 168Yb  
    AVERAGE= 230.811    SUM=   0.338E+02
  190.31     40     42     43     44     44     44     43    124    118    111
  200.31    103     94     84     74     64     54     44     36     29     23
  210.31     18     15     13     13     14     17     21     27     34     43
  220.31     54     67     82     99    120    142    168    198    230    266
  230.31    305    346    388    431    471    508    538    559    567    559
  240.31    533    488    424    346    260    176    104     52     14

 DJN SPEC
    AVERAGE=  -0.912    SUM=   0.207E+02
   -1.00   9121    878      0      0      0      0      0      0      0      0

 DJP SPEC
    AVERAGE=  -0.912    SUM=   0.285E+01
   -1.00   9115    884      0      0      0      0      0      0      0      0

 DJA SPEC
    AVERAGE=  -2.773    SUM=   0.162E+01
   -9.00      0      0      0      0      0      0   8635    655    511    198

   N   M   EXMAX  AV.EX. NW  MW  EXMAXW      Q      AL   DELTA     AVJ      DJ        TOTAL  BRANCH
  69  59   248.3   230.8  71  35   189.3    0.00   20.11    0.00   43.89    0.00     0.338E+02 10000    
  74  55   239.1   217.2  80  31   181.1   -9.06   20.01   -1.09   41.99    1.89     0.207E+02  6117   N
  74  55   238.0   213.8  80  31   180.0   -6.33   20.01   -0.98   41.28    2.60     0.285E+01   841   P
  74  55   238.2   212.7  80  62   180.2    1.94   19.72    0.00   41.91    1.98     0.162E+01   479   A
                   234.0  69  36   190.3  -30.57   22.99    0.00   50.42             0.664E+01  1962   F
                                                                                     0.000E+00     0   G

 SPECTRA N,P,A  AVE    6.22   14.02   23.75         SUMS  0.2220E+02  0.3138E+01  0.1808E+01
 SEQIN:PAIR,DELT,CST   4  11.00   1.160 AL=  20.01  19.92  19.92  19.62  22.88 DELTA= -1.09  0.00 -1.88 -1.07 -1.09
 AF/AN=   1.100   BS,BK=   1.2821   1.4933 DPBAR=  28.86 A= 167. Z=  70. Y=   0.385
 SHELL CORRECTIONS        -1.6    -1.4    -1.7    -1.4     0.0

 GRIDS  NROW,NSTEP   3   5
 SUMN,SUMLOW    0.2069E+02    0.0000E+00
 GOT POPP FROM UNIT  11      SUMP  0.2877E+01   M,N,EXMAX  55  74   216.7     167Yb      CN= 173Hf  
 SUMPOP FLOST,SUM,EXMAX,M,N  0.9783E+00  0.2259E+02  234.15  60  68  0.2877E+01  216.65  55  74  0.2069E+02  239.15  55  74-17  4
 GOT POPA FROM UNIT  12      SUMA  0.6297E+01   M,N,EXMAX  53  77   246.2     167Yb  
 SUMPOP FLOST,SUM,EXMAX,M,N  0.6545E-01  0.2882E+02  234.15  60  68  0.2259E+02  234.15  60  68  0.6297E+01  246.15  53  77  0 11
 CUTOFF   NSTEP,TOTAL,TRIM,TRIMJ,TRIME,TRIMLEV   5  0.2882E+02  0.0000E+00  0.0000E+00  0.0000E+00  0.0000E+00
          ICUT,AMX,ALEVEL,IAGAIN   0  0.1092E+00  0.6668E-05  14    CUT,PRCNT  0.100E-06  0.100E+01  M1,N1=  60  68
 DIMENSIONS  60  68   234.2  56  73   227.0  56  73   224.2  56  73   224.3
 DENSTY: JSHAP= 48    JBAR= 82        65.0     6.8
 EVA M1,N1=    60    68
 NOP,NOA,NOF,NOG,KE2MX= 0 0 0 016  NOLEP,NOLJI,NOLJF,JFJI= 1 1 1 1

 EVA  M1*N1  4080    ZEROS     0    CUTS     0    CUTPOP  0.1441E-06    SUM CUTS  0.0000E+00
 LOSS BELOW YRAST LINE  0.0000E+00
 EVA-,STEP  5
 SEQOUT NROW,NSTEP   3   5         PARENT 167Yb      ELAB   309.0    EXCIT   272.7

 SUMP,SUMLOW    0.2759E+01    0.0000E+00
 WROTE POPP ON UNIT  10               166Tm  
 SUMA,SUMLOW    0.1521E+01    0.0000E+00
 WROTE POPA ON UNIT  13               163Er  
 TOTAL    0.2882E+02
 FLOST(SUMPOP),TRIM(CUTOFF),RLOST(POPUL),RP 
   0.1044E+01   0.0000E+00   0.3631E-03   0.1101E+01   0.2397E+00   0.1536E+00   0.0000E+00

 J SPECTRUM OF PARENT 167Yb  
    AVERAGE=  41.734    SUM=   0.288E+02
    0.00      5     16     26     37     47    103     69     78     88    254
   10.00    378    176    175    175    149    152    154    155    155    154
   20.00    153    150    147    142    138    132    126    120    113    107
   30.00    100     93     86     80     73     67     61     56     52     48
   40.00     45     42     39     37     36     34     34     34     34     36
   50.00     38     42     47     54     65     79     99    125    160    204
   60.00    261    332    416    511    611    714    770    477

 J SPECTRUM OF FISS   167Yb  
    AVERAGE=  52.160    SUM=   0.486E+01
    0.00      1      3      5      8     10     25     16     19     21     71
   10.00     76     50     51     53     45     48     50     53     56     58
   20.00     61     63     65     67     69     71     72     73     74     75
   30.00     75     75     75     74     74     72     71     70     70     69
   40.00     69     68     67     67     68     69     70     72     76     82
   50.00     89     99    112    130    153    183    222    271    329    397
   60.00    474    556    637    706    758    792    773    439

 E SPECTRUM OF PARENT 167Yb  
    AVERAGE= 214.888    SUM=   0.288E+02
  175.15     39     41     42     42     42     42     42     41     39    112
  185.15    113    110    101     90     80     70     60     52     45     39
  195.15     35     32     31     32     34     39     45     53     63     75
  205.15     90    106    124    144    166    190    216    243    271    300
  215.15    329    357    384    409    430    446    456    459    454    440
  225.15    417    385    346    301    251    201    152    108     71     43

 DJN SPEC
    AVERAGE=  -0.879    SUM=   0.182E+02
   -1.00   8794   1205      0      0      0      0      0      0      0      0

 DJP SPEC
    AVERAGE=  -0.878    SUM=   0.276E+01
   -1.00   8776   1223      0      0      0      0      0      0      0      0

 DJA SPEC
    AVERAGE=  -2.697    SUM=   0.152E+01
   -9.00      0      0      0      0      0      0   8200    807    747    243

   N   M   EXMAX  AV.EX. NW  MW  EXMAXW      Q      AL   DELTA     AVJ      DJ        TOTAL  BRANCH
  68  60   234.2   214.9  70  35   174.2    0.00   20.01   -1.09   41.73    0.00     0.288E+02 10000    
  73  56   227.0   203.1  79  31   168.0   -7.07   19.92    0.00   39.29    2.44     0.182E+02  6309   N
  73  56   224.2   197.8  79  31   165.2   -5.99   19.92   -1.88   38.51    3.22     0.276E+01   957   P
  73  56   224.3   196.7  80  62   165.3    2.15   19.62   -1.07   39.51    2.23     0.152E+01   528   A
                   218.1  68  36   175.2  -29.99   22.88   -1.09   52.16             0.486E+01  1688   F
                                                                                     0.000E+00     0   G

 SPECTRA N,P,A  AVE    6.05   13.84   23.54         SUMS  0.1925E+02  0.2997E+01  0.1674E+01
1    ROW  3      ELEMENT Yb      X-SECTION   0.000E+00
(14)N+(159)Tb -> (173)Hf                                                
 ELAB(MEV)  309.000     Q-VALUE  -11.257    EXCIT  272.737
 SIGFUS,SIGEVA,SIGFIS,SIGMXZ  0.9476E+03  0.0000E+00  0.8537E+03  0.0000E+00
 ZT= 65    AT 159    ZP  7    AP  14


             171Yb     170Yb     169Yb     168Yb     167Yb  
 SIG        0.000E+00 0.000E+00 0.000E+00 0.000E+00 0.000E+00
 B-G               0         0         0         0         0
  R-N           7364      7512      5369      6117      6309
 BR-P            678       742       668       841       957
 BR-A            422       448       387       479       528
 BR-F           1529      1218      2565      1962      1688
 SIGF       0.542E+00 0.827E+00 0.909E+01 0.664E+01 0.486E+01
 TOTAL      0.355E+01 0.679E+01 0.355E+02 0.338E+02 0.288E+02
 EXCP          233.0     219.9     242.0     230.8     214.9
 SPINP          44.0      41.6      45.3      43.9      41.7
 EXCF          233.6     221.0     246.5     234.0     218.1
 SPINF          51.1      52.0      50.4      50.4      52.2
 DJN           -0.92     -0.89     -0.93     -0.91     -0.88
 DJP           -0.91     -0.88     -0.94     -0.91     -0.88
 DJA           -2.78     -2.71     -2.83     -2.77     -2.70
 AV.E N         6.23      6.07      6.35      6.22      6.05
 AV.E P        14.00     13.85     14.14     14.02     13.84
 AV.E A        23.74     23.54     23.90     23.75     23.54
 SUM GAM         0.0       0.0       0.0       0.0       0.0
 SPIN GAM        0.0       0.0       0.0       0.0       0.0

 TRIM       0.535E-06 0.150E-05 0.000E+00 0.000E+00 0.000E+00
 FLOST      0.000E+00 0.115E-13 0.240E+01 0.122E+01 0.104E+01
 RP         0.000E+00 0.000E+00 0.000E+00 0.000E+00 0.000E+00
 RLOSTG     0.343E-10 0.350E-06 0.106E-02 0.424E-03 0.363E-03
 RLOSTN     0.153E-02 0.362E-01 0.288E+01 0.155E+01 0.110E+01
 RLOSTP     0.401E-03 0.887E-02 0.427E+00 0.293E+00 0.240E+00
 RLOSTA     0.688E-03 0.902E-02 0.274E+00 0.188E+00 0.154E+00
 TIME              0         0         0         0         0

 STORAGE
  1.  1.  3.  3.  3.
  0.  0.  2.  2.  2.
  170.   69.   0.0010    21     1    25    25    35    12    12    20
 DEL     1.0     0.1     4.0    12.0     0.0
 TRANSM  APAR,ZPAR,SIGLOW,UNIT,DEL 170.0  69.0  0.10E-02  21     0.1     4.0    12.0
 SEQIN:PAIR,DELT,CST   4  11.00   1.160 AL=  20.31  20.21  20.21  19.92  23.28 DELTA= -1.12 -0.87 -0.72 -1.27 -1.12
 AF/AN=   1.100   BS,BK=   1.2848   1.5191 DPBAR=  32.08 A= 170. Z=  69. Y=   0.428
 SHELL CORRECTIONS        -2.4    -2.5    -2.7    -2.3    -0.0
1 NEW ROW

 GRIDS  NROW,NSTEP   4   1
 SUMN,SUMLOW    0.0000E+00    0.0000E+00
 GOT POPP FROM UNIT  10      SUMP  0.2404E+00   M,N,EXMAX  53  77   240.2     170Tm      CN= 173Hf  
 SUMPOP FLOST,SUM,EXMAX,M,N  0.0000E+00  0.2404E+00  240.25  53  77
 SUMPOP FLOST,SUM,EXMAX,M,N  0.0000E+00  0.2404E+00  240.25  53  77
 CUTOFF   NSTEP,TOTAL,TRIM,TRIMJ,TRIME,TRIMLEV   1  0.2404E+00  0.2966E-07  0.0000E+00  0.1574E-07  0.1392E-07
          ICUT,AMX,ALEVEL,IAGAIN  37  0.7508E-03  0.7160E-09  20    CUT,PRCNT  0.100E-06  0.100E+01  M1,N1=  49  71
 CUTOFF OLD,NEW M1  49  57
 DIMENSIONS  57  71   236.2  53  76   229.6  53  76   226.1  53  76   225.1
 DENSTY: JSHAP= 49    JBAR= 94        71.5     9.0
 EVA M1,N1=    57    71
 NOP,NOA,NOF,NOG,KE2MX= 0 0 0 016  NOLEP,NOLJI,NOLJF,JFJI= 1 1 1 1

 EVA  M1*N1  4047    ZEROS    36    CUTS   178    CUTPOP  0.3580E-09    SUM CUTS  0.1802E-07
 LOSS BELOW YRAST LINE  0.0000E+00
 EVA-,STEP  1
 SEQOUT NROW,NSTEP   4   1         PARENT 170Tm      ELAB   309.0    EXCIT   272.7

 SUMP,SUMLOW    0.1264E-01    0.0000E+00
 WROTE POPP ON UNIT  11               169Er  
 SUMA,SUMLOW    0.8279E-02    0.0000E+00
 WROTE POPA ON UNIT  12               166Ho  
 TOTAL    0.2404E+00
 FLOST(SUMPOP),TRIM(CUTOFF),RLOST(POPUL),RP 
   0.0000E+00   0.4768E-07   0.2635E-09   0.1291E-02   0.2144E-03   0.2347E-03   0.0000E+00

 J SPECTRUM OF PARENT 170Tm  
    AVERAGE=  40.589    SUM=   0.240E+00
    0.00      5     16     27     38     49     60     71     81     91    100
   10.00    481    139    145    152    157    162    166    168    171    172
   20.00    172    172    170    168    165    161    157    152    146    140
   30.00    134    127    120    112    105     97     90     83     77     71
   40.00     66     62     58     54     51     48     46     45     44     44
   50.00     45     47     50     54     61     69     81     96    116    141
   60.00    172    209    253    304    357    411    463    512    559    373

 J SPECTRUM OF FISS   170Tm  
    AVERAGE=  58.067    SUM=   0.267E-01
    0.00      0      1      2      4      5      6      8      9     10     11
   10.00     58     18     19     21     22     23     25     26     28     29
   20.00     31     32     34     35     37     38     39     41     42     43
   30.00     44     45     46     47     47     47     47     47     47     48
   40.00     48     49     49     49     50     51     53     55     57     61
   50.00     66     73     82     93    108    128    154    189    232    286
   60.00    351    427    516    614    709    798    876    941    994    642

 E SPECTRUM OF PARENT 170Tm  
    AVERAGE= 212.229    SUM=   0.240E+00
  180.25      0      0      0      0      0      0      0      0      7      9
  190.25     13     18     23     30     39     50     63     79     97    119
  200.25    143    171    201    234    269    306    343    380    416    450
  210.25    480    505    525    537    541    535    520    493    457    413
  220.25    362    306    249    195    145    102     67     41     23     12
  230.25      5      2      0      0      0      0      0

 DJN SPEC
    AVERAGE=  -0.886    SUM=   0.191E+00
   -1.00   8862   1137      0      0      0      0      0      0      0      0

 DJP SPEC
    AVERAGE=  -0.878    SUM=   0.126E-01
   -1.00   8777   1222      0      0      0      0      0      0      0      0

 DJA SPEC
    AVERAGE=  -2.703    SUM=   0.828E-02
   -9.00      0      0      0      0      0      0   8238    755    798    207

   N   M   EXMAX  AV.EX. NW  MW  EXMAXW      Q      AL   DELTA     AVJ      DJ        TOTAL  BRANCH
  71  57   236.2   212.2  73  34   179.2    0.00   20.31   -1.12   40.59    0.00     0.240E+00 10000    
  76  53   229.6   199.6  80  31   173.6   -6.59   20.21   -0.87   37.60    2.99     0.191E+00  7947   N
  76  53   226.1   192.9  80  31   170.1   -6.16   20.21   -0.72   36.09    4.50     0.126E-01   526   P
  76  53   225.1   190.6  80  62   169.1    0.85   19.92   -1.27   36.95    3.64     0.828E-02   344   A
                   213.6  71  35   180.2  -33.95   23.28   -1.12   58.07             0.267E-01  1111   F
                                                                                     0.000E+00     0   G

 SPECTRA N,P,A  AVE    6.01   13.64   23.19         SUMS  0.1919E+00  0.1285E-01  0.8513E-02
 SEQIN:PAIR,DELT,CST   4  11.00   1.160 AL=  20.21  20.11  20.11  19.82  23.11 DELTA= -0.87 -1.48  0.00 -0.82 -0.87
 AF/AN=   1.100   BS,BK=   1.2827   1.4969 DPBAR=  31.75 A= 169. Z=  69. Y=   0.390
 SHELL CORRECTIONS        -2.5    -2.1    -2.6    -2.3    -0.0

 GRIDS  NROW,NSTEP   4   2
 SUMN,SUMLOW    0.1911E+00    0.0000E+00
 GOT POPP FROM UNIT  10      SUMP  0.5039E+00   M,N,EXMAX  53  76   232.6     169Tm      CN= 173Hf  
 SUMPOP FLOST,SUM,EXMAX,M,N  0.1110E-14  0.6950E+00  232.56  56  73  0.5039E+00  232.56  53  76  0.1911E+00  229.56  53  76  0 -3
 SUMPOP FLOST,SUM,EXMAX,M,N  0.0000E+00  0.6950E+00  232.56  56  73
 CUTOFF   NSTEP,TOTAL,TRIM,TRIMJ,TRIME,TRIMLEV   2  0.6950E+00  0.1002E-06  0.0000E+00  0.3640E-07  0.6381E-07
          ICUT,AMX,ALEVEL,IAGAIN  61  0.2389E-02  0.2278E-08  20    CUT,PRCNT  0.100E-06  0.100E+01  M1,N1=  51  70
 CUTOFF OLD,NEW M1  51  58
 DIMENSIONS  58  70   227.6  54  75   219.4  54  75   218.0  54  75   216.8
 DENSTY: JSHAP= 49    JBAR= 93        71.0     8.8
 EVA M1,N1=    58    70
 NOP,NOA,NOF,NOG,KE2MX= 0 0 0 016  NOLEP,NOLJI,NOLJF,JFJI= 1 1 1 1

 EVA  M1*N1  4060    ZEROS    56    CUTS   114    CUTPOP  0.1139E-08    SUM CUTS  0.5957E-07
 LOSS BELOW YRAST LINE  0.0000E+00
 EVA-,STEP  2
 SEQOUT NROW,NSTEP   4   2         PARENT 169Tm      ELAB   309.0    EXCIT   272.7

 SUMP,SUMLOW    0.3963E-01    0.0000E+00
 WROTE POPP ON UNIT  11               168Er  
 SUMA,SUMLOW    0.2512E-01    0.0000E+00
 WROTE POPA ON UNIT  12               165Ho  
 TOTAL    0.6950E+00
 FLOST(SUMPOP),TRIM(CUTOFF),RLOST(POPUL),RP 
   0.1110E-14   0.1598E-06   0.2380E-08   0.8032E-02   0.1460E-02   0.1434E-02   0.0000E+00

 J SPECTRUM OF PARENT 169Tm  
    AVERAGE=  37.908    SUM=   0.695E+00
    0.00      6     19     32     45     57     70     84     95    106    117
   10.00    718    167    174    179    184    188    190    191    192    191
   20.00    189    186    182    178    172    165    158    151    143    135
   30.00    126    118    109    100     92     83     76     68     62     57
   40.00     52     48     44     41     38     36     34     33     32     33
   50.00     34     36     39     43     50     59     71     88    110    138
   60.00    173    217    270    330    394    459    523    586    400      0

 J SPECTRUM OF FISS   169Tm  
    AVERAGE=  58.809    SUM=   0.569E-01
    0.00      0      1      2      3      4      6      7      8      9     11
   10.00     70     17     18     19     21     22     23     24     25     26
   20.00     27     28     29     30     31     32     33     34     34     35
   30.00     35     36     36     36     35     35     35     34     34     34
   40.00     34     34     34     34     35     35     36     38     41     44
   50.00     49     55     64     75     91    112    142    182    233    300
   60.00    383    485    609    742    878   1011   1132   1243    831      0

 E SPECTRUM OF PARENT 169Tm  
    AVERAGE= 199.747    SUM=   0.695E+00
  170.56      0      0      0      0      0      0      0      6      8     10
  180.56     48     59     72     86    103    122    143    166    191    218
  190.56    246    276    306    336    366    394    419    441    460    473
  200.56    481    482    477    465    447    421    390    354    315    273
  210.56    230    189    150    115     84     59     40     25     15      8
  220.56      4      2      0      0      0      0      0      0

 DJN SPEC
    AVERAGE=  -0.854    SUM=   0.562E+00
   -1.00   8539   1460      0      0      0      0      0      0      0      0

 DJP SPEC
    AVERAGE=  -0.844    SUM=   0.396E-01
   -1.00   8438   1561      0      0      0      0      0      0      0      0

 DJA SPEC
    AVERAGE=  -2.630    SUM=   0.251E-01
   -9.00      0      0      0      0      0      0   7832    871   1059    236

   N   M   EXMAX  AV.EX. NW  MW  EXMAXW      Q      AL   DELTA     AVJ      DJ        TOTAL  BRANCH
  70  58   227.6   199.7  72  34   169.6    0.00   20.21   -0.87   37.91    0.00     0.695E+00 10000    
  75  54   219.4   186.0  80  31   162.4   -8.03   20.11   -1.48   35.30    2.61     0.562E+00  8093   N
  75  54   218.0   181.6  80  31   161.0   -5.57   20.11    0.00   33.80    4.11     0.396E-01   570   P
  75  54   216.8   179.2  80  62   159.8    1.20   19.82   -0.82   34.90    3.01     0.251E-01   361   A
                   201.4  70  35   170.6  -33.70   23.11   -0.87   58.81             0.569E-01   818   F
                                                                                     0.000E+00     0   G

 SPECTRA N,P,A  AVE    5.85   13.48   23.00         SUMS  0.5691E+00  0.4107E-01  0.2655E-01
 SEQIN:PAIR,DELT,CST   4  11.00   1.160 AL=  20.11  20.01  20.01  19.72  23.00 DELTA= -1.48 -0.98 -0.76 -1.49 -1.48
 AF/AN=   1.100   BS,BK=   1.2827   1.4966 DPBAR=  31.43 A= 168. Z=  69. Y=   0.390
 SHELL CORRECTIONS        -2.1    -2.0    -2.4    -1.9     0.0

 GRIDS  NROW,NSTEP   4   3
 SUMN,SUMLOW    0.5625E+00    0.0000E+00
 GOT POPP FROM UNIT  10      SUMP  0.2368E+01   M,N,EXMAX  54  75   247.9     168Tm      CN= 173Hf  
 SUMPOP FLOST,SUM,EXMAX,M,N  0.1883E+00  0.2742E+01  239.93  59  69  0.2368E+01  247.93  54  75  0.5625E+00  219.43  54  75  7-21
 GOT POPA FROM UNIT  13      SUMA  0.2104E+01   M,N,EXMAX  52  78   252.9     168Tm  
 SUMPOP FLOST,SUM,EXMAX,M,N  0.3207E-01  0.4814E+01  240.92  59  69  0.2742E+01  239.93  59  69  0.2104E+01  252.92  52  78 -1 11
 CUTOFF   NSTEP,TOTAL,TRIM,TRIMJ,TRIME,TRIMLEV   3  0.4814E+01  0.0000E+00  0.0000E+00  0.0000E+00  0.0000E+00
          ICUT,AMX,ALEVEL,IAGAIN   0  0.1736E-01  0.5299E-06  15    CUT,PRCNT  0.100E-06  0.100E+01  M1,N1=  59  69
 DIMENSIONS  59  69   240.9  55  74   234.0  55  74   231.6  55  74   230.2
 DENSTY: JSHAP= 49    JBAR= 91        70.0     8.4
 EVA M1,N1=    59    69
 NOP,NOA,NOF,NOG,KE2MX= 0 0 0 016  NOLEP,NOLJI,NOLJF,JFJI= 1 1 1 1

 EVA  M1*N1  4071    ZEROS     0    CUTS     0    CUTPOP  0.2407E-07    SUM CUTS  0.0000E+00
 LOSS BELOW YRAST LINE  0.0000E+00
 EVA-,STEP  3
 SEQOUT NROW,NSTEP   4   3         PARENT 168Tm      ELAB   309.0    EXCIT   272.7

 SUMP,SUMLOW    0.3113E+00    0.0000E+00
 WROTE POPP ON UNIT  11               167Er  
 SUMA,SUMLOW    0.1925E+00    0.0000E+00
 WROTE POPA ON UNIT  12               164Ho  
 TOTAL    0.4814E+01
 FLOST(SUMPOP),TRIM(CUTOFF),RLOST(POPUL),RP 
   0.2204E+00   0.0000E+00   0.6799E-04   0.1973E+00   0.2200E-01   0.1545E-01   0.0000E+00

 J SPECTRUM OF PARENT 168Tm  
    AVERAGE=  43.061    SUM=   0.481E+01
    0.00      4     12     21     29     37     84     55     63     70    183
   10.00    215    104    159    165    124    129    133    136    139    141
   20.00    142    143    143    142    141    139    136    133    129    125
   30.00    121    116    111    106    101     95     90     85     81     77
   40.00     73     70     67     65     63     62     61     61     61     63
   50.00     66     70     76     84     95    109    127    150    178    212
   60.00    252    299    350    405    461    515    565    586    357

 J SPECTRUM OF FISS   168Tm  
    AVERAGE=  56.122    SUM=   0.829E+00
    0.00      0      1      2      3      4     11      7      8      9     28
   10.00     23     16     26     28     21     22     24     26     27     29
   20.00     31     33     35     36     38     40     42     44     46     48
   30.00     49     51     52     54     55     56     58     59     60     62
   40.00     63     65     67     69     71     74     78     82     87     94
   50.00    103    114    128    145    168    196    231    274    325    385
   60.00    451    525    600    671    733    782    818    817    484

 E SPECTRUM OF PARENT 168Tm  
    AVERAGE= 224.585    SUM=   0.481E+01
  182.92     48     50     51     52     52     51     50     48     46     43
  192.92     40     85     76     67     58     49     40     32     26     20
  202.92     16     13     11     11     12     14     18     23     29     37
  212.92     48     60     76     94    116    142    171    203    239    277
  222.92    317    360    403    447    488    524    554    574    580    571
  232.92    544    499    437    362    281    201    131     76     26

 DJN SPEC
    AVERAGE=  -0.913    SUM=   0.325E+01
   -1.00   9129    870      0      0      0      0      0      0      0      0

 DJP SPEC
    AVERAGE=  -0.910    SUM=   0.311E+00
   -1.00   9098    901      0      0      0      0      0      0      0      0

 DJA SPEC
    AVERAGE=  -2.764    SUM=   0.192E+00
   -9.00      0      0      0      0      0      0   8578    691    526    203

   N   M   EXMAX  AV.EX. NW  MW  EXMAXW      Q      AL   DELTA     AVJ      DJ        TOTAL  BRANCH
  69  59   240.9   224.6  71  35   181.9    0.00   20.11   -1.48   43.06    0.00     0.481E+01 10000    
  74  55   234.0   213.1  80  31   176.0   -6.84   20.01   -0.98   39.85    3.21     0.325E+01  6743   N
  74  55   231.6   208.1  80  31   173.6   -5.31   20.01   -0.76   38.85    4.21     0.311E+00   647   P
  74  55   230.2   205.3  80  62   172.2    1.24   19.72   -1.49   39.41    3.65     0.192E+00   400   A
                   227.5  69  36   182.9  -33.04   23.00   -1.48   56.12             0.829E+00  1723   F
                                                                                     0.000E+00     0   G

 SPECTRA N,P,A  AVE    6.18   13.85   23.43         SUMS  0.3436E+01  0.3331E+00  0.2079E+00
 SEQIN:PAIR,DELT,CST   4  11.00   1.160 AL=  20.01  19.92  19.92  19.62  22.89 DELTA= -0.98 -1.88  0.00 -0.96 -0.98
 AF/AN=   1.100   BS,BK=   1.2826   1.4963 DPBAR=  31.10 A= 167. Z=  69. Y=   0.389
 SHELL CORRECTIONS        -2.0    -1.7    -2.2    -1.8     0.0

 GRIDS  NROW,NSTEP   4   4
 SUMN,SUMLOW    0.3246E+01    0.0000E+00
 GOT POPP FROM UNIT  10      SUMP  0.2846E+01   M,N,EXMAX  55  74   238.0     167Tm      CN= 173Hf  
 SUMPOP FLOST,SUM,EXMAX,M,N -0.8882E-15  0.6092E+01  237.98  59  69  0.2846E+01  237.98  55  74  0.3246E+01  233.98  55  74  0 -4
 GOT POPA FROM UNIT  13      SUMA  0.2405E+01   M,N,EXMAX  53  77   245.0     167Tm  
 SUMPOP FLOST,SUM,EXMAX,M,N  0.2167E-05  0.8497E+01  237.98  59  69  0.6092E+01  237.98  59  69  0.2405E+01  244.98  53  77  0  6
 CUTOFF   NSTEP,TOTAL,TRIM,TRIMJ,TRIME,TRIMLEV   4  0.8497E+01  0.3049E-06  0.0000E+00  0.0000E+00  0.3049E-06
          ICUT,AMX,ALEVEL,IAGAIN  18  0.2978E-01  0.2840E-07  20    CUT,PRCNT  0.100E-06  0.100E+01  M1,N1=  59  69
 DIMENSIONS  59  69   238.0  55  74   229.2  55  74   229.1  55  74   227.4
 DENSTY: JSHAP= 48    JBAR= 89        68.5     8.2
 EVA M1,N1=    59    69
 NOP,NOA,NOF,NOG,KE2MX= 0 0 0 016  NOLEP,NOLJI,NOLJF,JFJI= 1 1 1 1

 EVA  M1*N1  4071    ZEROS    14    CUTS     5    CUTPOP  0.1420E-07    SUM CUTS  0.1073E-07
 LOSS BELOW YRAST LINE  0.0000E+00
 EVA-,STEP  4
 SEQOUT NROW,NSTEP   4   4         PARENT 167Tm      ELAB   309.0    EXCIT   272.7

 SUMP,SUMLOW    0.6438E+00    0.0000E+00
 WROTE POPP ON UNIT  11               166Er  
 SUMA,SUMLOW    0.3885E+00    0.0000E+00
 WROTE POPA ON UNIT  12               163Ho  
 TOTAL    0.8497E+01
 FLOST(SUMPOP),TRIM(CUTOFF),RLOST(POPUL),RP 
   0.2167E-05   0.3156E-06   0.7670E-04   0.2242E+00   0.2920E-01   0.2107E-01   0.0000E+00

 J SPECTRUM OF PARENT 167Tm  
    AVERAGE=  40.968    SUM=   0.850E+01
    0.00      5     14     24     34     44    105     65     74     83    277
   10.00    269    171    175    180    146    150    154    156    158    158
   20.00    158    157    155    153    149    145    140    135    129    123
   30.00    117    110    103     97     90     83     77     72     67     63
   40.00     59     55     52     50     48     46     45     45     46     48
   50.00     51     55     61     69     80     95    115    140    173    213
   60.00    263    321    387    458    530    601    659    435      0

 J SPECTRUM OF FISS   167Tm  
    AVERAGE=  55.823    SUM=   0.112E+01
    0.00      0      1      3      4      5     14      8     10     11     41
   10.00     36     27     29     30     25     27     28     30     32     33
   20.00     35     37     38     40     41     43     44     46     47     48
   30.00     49     50     50     51     51     51     51     52     52     53
   40.00     53     54     55     56     57     59     62     65     70     76
   50.00     85     95    109    128    152    184    225    276    338    412
   60.00    499    597    698    793    878    948    992    625      0

 E SPECTRUM OF PARENT 167Tm  
    AVERAGE= 214.067    SUM=   0.850E+01
  179.98     24     24     24     24     51     47     43     38     32     28
  189.98     24     22     24     25     27     31     37     45     54     65
  199.98     79     94    113    133    156    182    209    239    271    303
  209.98    337    370    402    432    458    481    497    507    508    501
  219.98    484    457    420    376    326    272    218    166    119     80
  229.98     49     27     13      5      1      0      0      0      0

 DJN SPEC
    AVERAGE=  -0.890    SUM=   0.607E+01
   -1.00   8900   1099      0      0      0      0      0      0      0      0

 DJP SPEC
    AVERAGE=  -0.884    SUM=   0.644E+00
   -1.00   8840   1159      0      0      0      0      0      0      0      0

 DJA SPEC
    AVERAGE=  -2.704    SUM=   0.388E+00
   -9.00      0      0      0      0      0      0   8231    817    710    240

   N   M   EXMAX  AV.EX. NW  MW  EXMAXW      Q      AL   DELTA     AVJ      DJ        TOTAL  BRANCH
  69  59   238.0   214.1  71  35   179.0    0.00   20.01   -0.98   40.97    0.00     0.850E+01 10000    
  74  55   229.2   200.0  80  31   171.2   -8.73   19.92   -1.88   38.06    2.91     0.607E+01  7145   N
  74  55   229.1   196.8  80  31   171.1   -4.91   19.92    0.00   36.92    4.05     0.644E+00   758   P
  74  55   227.4   193.7  80  62   169.4    1.41   19.62   -0.96   37.73    3.24     0.388E+00   457   A
                   215.9  69  36   180.0  -32.63   22.89   -0.98   55.82             0.112E+01  1317   F
                                                                                     0.000E+00     0   G

 SPECTRA N,P,A  AVE    6.06   13.72   23.28         SUMS  0.6281E+01  0.6727E+00  0.4095E+00
 SEQIN:PAIR,DELT,CST   4  11.00   1.160 AL=  19.92  19.82  19.82  19.52  22.79 DELTA= -1.88 -1.11 -1.01 -1.69 -1.88
 AF/AN=   1.100   BS,BK=   1.2826   1.4960 DPBAR=  30.75 A= 166. Z=  69. Y=   0.389
 SHELL CORRECTIONS        -1.7    -1.5    -1.9    -1.4     0.0

 GRIDS  NROW,NSTEP   4   5
 SUMN,SUMLOW    0.6071E+01    0.0000E+00
 GOT POPP FROM UNIT  10      SUMP  0.2759E+01   M,N,EXMAX  56  73   224.2     166Tm      CN= 173Hf  
 SUMPOP FLOST,SUM,EXMAX,M,N  0.2463E-01  0.8805E+01  229.15  60  68  0.2759E+01  224.16  56  73  0.6071E+01  229.15  55  74 -5  0
 GOT POPA FROM UNIT  13      SUMA  0.2200E+01   M,N,EXMAX  53  76   235.2     166Tm  
 SUMPOP FLOST,SUM,EXMAX,M,N  0.4448E-07  0.1101E+02  229.16  60  68  0.8805E+01  229.15  60  68  0.2200E+01  235.16  53  76  0  5
 CUTOFF   NSTEP,TOTAL,TRIM,TRIMJ,TRIME,TRIMLEV   5  0.1101E+02  0.2746E-06  0.0000E+00  0.2746E-06  0.0000E+00
          ICUT,AMX,ALEVEL,IAGAIN  18  0.3656E-01  0.1743E-07  21    CUT,PRCNT  0.100E-06  0.100E+01  M1,N1=  59  68
 CUTOFF OLD,NEW M1  59  60
 DIMENSIONS  60  68   228.2  56  73   221.0  56  73   219.5  56  73   217.9
 DENSTY: JSHAP= 48    JBAR= 86        67.0     7.6
 EVA M1,N1=    60    68
 NOP,NOA,NOF,NOG,KE2MX= 0 0 0 016  NOLEP,NOLJI,NOLJF,JFJI= 1 1 1 1

 EVA  M1*N1  4080    ZEROS     0    CUTS    36    CUTPOP  0.8716E-08    SUM CUTS  0.1301E-06
 LOSS BELOW YRAST LINE  0.0000E+00
 EVA-,STEP  5
 SEQOUT NROW,NSTEP   4   5         PARENT 166Tm      ELAB   309.0    EXCIT   272.7

 SUMP,SUMLOW    0.9348E+00    0.0000E+00
 WROTE POPP ON UNIT  11               165Er  
 SUMA,SUMLOW    0.5455E+00    0.0000E+00
 WROTE POPA ON UNIT  12               162Ho  
 TOTAL    0.1101E+02
 FLOST(SUMPOP),TRIM(CUTOFF),RLOST(POPUL),RP 
   0.2463E-01   0.4047E-06   0.5562E-04   0.2385E+00   0.4643E-01   0.3624E-01   0.0000E+00

 J SPECTRUM OF PARENT 166Tm  
    AVERAGE=  38.472    SUM=   0.110E+02
    0.00      5     17     29     40     52    126     76     87     97    385
   10.00    423    191    195    199    170    173    175    176    176    174
   20.00    172    169    164    159    153    147    140    133    125    117
   30.00    109    101     93     85     78     71     65     59     54     50
   40.00     46     43     40     38     36     35     34     34     35     37
   50.00     40     44     50     59     71     87    109    138    175    223
   60.00    283    354    435    522    612    697    479      0

 J SPECTRUM OF FISS   166Tm  
    AVERAGE=  55.538    SUM=   0.110E+01
    0.00      0      2      3      4      6     15      9     11     12     53
   10.00     57     29     30     32     28     29     31     32     34     35
   20.00     37     38     39     40     41     42     43     44     45     45
   30.00     45     45     45     45     45     44     44     44     44     44
   40.00     44     44     45     46     47     49     51     55     60     66
   50.00     75     86    102    123    151    189    239    301    379    475
   60.00    587    712    838    955   1058   1138    739      0

 E SPECTRUM OF PARENT 166Tm  
    AVERAGE= 199.776    SUM=   0.110E+02
  169.16      0     21     20     18     16     15     37     35     35     36
  179.16     38     42     48     67     78     90    105    122    141    161
  189.16    184    208    233    259    286    314    340    366    390    412
  199.16    430    444    454    458    456    448    434    413    386    355
  209.16    319    279    239    198    160    124     92     65     44     27
  219.16     16      8      4      1      0      0      0      0      0      0

 DJN SPEC
    AVERAGE=  -0.855    SUM=   0.811E+01
   -1.00   8546   1453      0      0      0      0      0      0      0      0

 DJP SPEC
    AVERAGE=  -0.847    SUM=   0.935E+00
   -1.00   8466   1533      0      0      0      0      0      0      0      0

 DJA SPEC
    AVERAGE=  -2.629    SUM=   0.546E+00
   -9.00      0      0      0      0      0      0   7829    902    991    276

   N   M   EXMAX  AV.EX. NW  MW  EXMAXW      Q      AL   DELTA     AVJ      DJ        TOTAL  BRANCH
  68  60   228.2   199.8  70  35   168.2    0.00   19.92   -1.88   38.47    0.00     0.110E+02 10000    
  73  56   221.0   187.3  79  31   162.0   -7.03   19.82   -1.11   35.90    2.57     0.811E+01  7366   N
  73  56   219.5   182.8  79  31   160.5   -4.66   19.82   -1.01   34.74    3.73     0.935E+00   849   P
  73  56   217.9   180.0  80  62   158.9    1.73   19.52   -1.69   35.80    2.67     0.546E+00   496   A
                   201.6  68  36   169.2  -31.92   22.79   -1.88   55.54             0.110E+01   997   F
                                                                                     0.000E+00     0   G

 SPECTRA N,P,A  AVE    5.89   13.55   23.08         SUMS  0.8324E+01  0.9808E+00  0.5817E+00
1    ROW  4      ELEMENT Tm      X-SECTION   0.000E+00
(14)N+(159)Tb -> (173)Hf                                                
 ELAB(MEV)  309.000     Q-VALUE  -11.257    EXCIT  272.737
 SIGFUS,SIGEVA,SIGFIS,SIGMXZ  0.9476E+03  0.0000E+00  0.8568E+03  0.0000E+00
 ZT= 65    AT 159    ZP  7    AP  14


             170Tm     169Tm     168Tm     167Tm     166Tm  
 SIG        0.000E+00 0.000E+00 0.000E+00 0.000E+00 0.000E+00
 B-G               0         0         0         0         0
  R-N           7947      8093      6743      7145      7366
 BR-P            526       570       647       758       849
 BR-A            344       361       400       457       496
 BR-F           1111       818      1723      1317       997
 SIGF       0.267E-01 0.569E-01 0.829E+00 0.112E+01 0.110E+01
 TOTAL      0.240E+00 0.695E+00 0.481E+01 0.850E+01 0.110E+02
 EXCP          212.2     199.7     224.6     214.1     199.8
 SPINP          40.6      37.9      43.1      41.0      38.5
 EXCF          213.6     201.4     227.5     215.9     201.6
 SPINF          58.1      58.8      56.1      55.8      55.5
 DJN           -0.89     -0.85     -0.91     -0.89     -0.85
 DJP           -0.88     -0.84     -0.91     -0.88     -0.85
 DJA           -2.70     -2.63     -2.76     -2.70     -2.63
 AV.E N         6.01      5.85      6.18      6.06      5.89
 AV.E P        13.64     13.48     13.85     13.72     13.55
 AV.E A        23.19     23.00     23.43     23.28     23.08
 SUM GAM         0.0       0.0       0.0       0.0       0.0
 SPIN GAM        0.0       0.0       0.0       0.0       0.0

 TRIM       0.477E-07 0.160E-06 0.000E+00 0.316E-06 0.405E-06
 FLOST      0.000E+00 0.111E-14 0.220E+00 0.217E-05 0.246E-01
 RP         0.000E+00 0.000E+00 0.000E+00 0.000E+00 0.000E+00
 RLOSTG     0.264E-09 0.238E-08 0.680E-04 0.767E-04 0.556E-04
 RLOSTN     0.129E-02 0.803E-02 0.197E+00 0.224E+00 0.238E+00
 RLOSTP     0.214E-03 0.146E-02 0.220E-01 0.292E-01 0.464E-01
 RLOSTA     0.235E-03 0.143E-02 0.155E-01 0.211E-01 0.362E-01
 TIME              0         0         0         0         0

 STORAGE
  1.  1.  3.  3.  3.
  0.  0.  2.  2.  2.
  169.   68.   0.0010    21     1    25    25    35    12    12    20
 DEL     1.0     0.1     4.0    12.0     0.0
 TRANSM  APAR,ZPAR,SIGLOW,UNIT,DEL 169.0  68.0  0.10E-02  21     0.1     4.0    12.0
 SEQIN:PAIR,DELT,CST   4  11.00   1.160 AL=  20.21  20.11  20.11  19.82  23.17 DELTA= -0.72  0.00 -1.21 -0.75 -0.72
 AF/AN=   1.100   BS,BK=   1.2848   1.5195 DPBAR=  33.84 A= 169. Z=  68. Y=   0.429
 SHELL CORRECTIONS        -2.7    -2.6    -2.5    -2.5     0.0
1 NEW ROW

 GRIDS  NROW,NSTEP   5   1
 SUMN,SUMLOW    0.0000E+00    0.0000E+00
 GOT POPP FROM UNIT  11      SUMP  0.1264E-01   M,N,EXMAX  53  76   226.1     169Er      CN= 173Hf  
 SUMPOP FLOST,SUM,EXMAX,M,N  0.0000E+00  0.1264E-01  226.09  53  76
 SUMPOP FLOST,SUM,EXMAX,M,N  0.0000E+00  0.1264E-01  226.09  53  76
 CUTOFF   NSTEP,TOTAL,TRIM,TRIMJ,TRIME,TRIMLEV   1  0.1264E-01  0.2419E-09  0.0000E+00  0.2419E-09  0.0000E+00
          ICUT,AMX,ALEVEL,IAGAIN  18  0.4519E-04  0.2155E-10  21    CUT,PRCNT  0.100E-06  0.100E+01  M1,N1=  49  70
 CUTOFF OLD,NEW M1  49  58
 DIMENSIONS  58  70   222.1  54  75   216.0  54  75   209.9  54  75   210.4
 DENSTY: JSHAP= 49    JBAR= 96        72.5     9.4
 EVA M1,N1=    58    70
 NOP,NOA,NOF,NOG,KE2MX= 0 0 0 016  NOLEP,NOLJI,NOLJF,JFJI= 1 1 1 1

 EVA  M1*N1  4060    ZEROS     2    CUTS   200    CUTPOP  0.1077E-10    SUM CUTS  0.3229E-09
 LOSS BELOW YRAST LINE  0.0000E+00
 EVA-,STEP  1
 SEQOUT NROW,NSTEP   5   1         PARENT 169Er      ELAB   309.0    EXCIT   272.7

 SUMP,SUMLOW    0.5055E-03    0.0000E+00
 WROTE POPP ON UNIT  10               168Ho  
 SUMA,SUMLOW    0.3463E-03    0.0000E+00
 WROTE POPA ON UNIT  12               165Dy  
 TOTAL    0.1264E-01
 FLOST(SUMPOP),TRIM(CUTOFF),RLOST(POPUL),RP 
   0.0000E+00   0.5648E-09   0.5198E-10   0.1904E-03   0.2175E-04   0.2224E-04   0.0000E+00

 J SPECTRUM OF PARENT 169Er  
    AVERAGE=  36.094    SUM=   0.126E-01
    0.00      6     19     33     46     59     71     85     97    109    119
   10.00    739    173    180    186    191    195    198    200    201    201
   20.00    200    198    194    190    185    179    173    166    158    150
   30.00    141    133    124    115    106     97     89     81     75     69
   40.00     64     59     54     51     48     45     43     41     41     41
   50.00     42     44     48     52     59     68     80     96    116    141
   60.00    170    206    247    290    334    377    417    456    306      0

 J SPECTRUM OF FISS   169Er  
    AVERAGE=  59.189    SUM=   0.488E-03
    0.00      0      1      2      3      3      4      5      6      7      8
   10.00     56     14     15     16     17     18     19     20     21     22
   20.00     23     24     25     25     26     27     28     29     30     31
   30.00     31     32     32     32     33     33     33     33     33     34
   40.00     34     35     35     36     37     38     39     42     45     49
   50.00     55     63     73     86    103    128    160    202    256    323
   60.00    406    507    625    747    872    993   1105   1211    813      0

 E SPECTRUM OF PARENT 169Er  
    AVERAGE= 192.926    SUM=   0.126E-01
  165.09      0      0      0      0      0      0      0      0      0     50
  175.09     62     76     91    109    129    152    177    203    232    262
  185.09    293    324    354    384    411    436    457    472    483    487
  195.09    485    476    460    437    408    374    335    294    251    209
  205.09    169    132    100     73     51     33     21     12      7      3
  215.09      1      0      0      0      0      0      0      0

 DJN SPEC
    AVERAGE=  -0.857    SUM=   0.111E-01
   -1.00   8565   1434      0      0      0      0      0      0      0      0

 DJP SPEC
    AVERAGE=  -0.845    SUM=   0.506E-03
   -1.00   8448   1551      0      0      0      0      0      0      0      0

 DJA SPEC
    AVERAGE=  -2.632    SUM=   0.346E-03
   -9.00      0      0      0      0      0      0   7839    875   1051    233

   N   M   EXMAX  AV.EX. NW  MW  EXMAXW      Q      AL   DELTA     AVJ      DJ        TOTAL  BRANCH
  70  58   222.1   192.9  72  34   164.1    0.00   20.21   -0.72   36.09    0.00     0.126E-01 10000    
  75  54   216.0   181.4  80  31   159.0   -6.00   20.11    0.00   34.43    1.67     0.111E-01  8754   N
  75  54   209.9   172.7  80  31   152.9   -8.15   20.11   -1.21   32.68    3.42     0.506E-03   400   P
  75  54   210.4   172.0  80  62   153.4    0.27   19.82   -0.75   33.71    2.38     0.346E-03   274   A
                   194.9  70  35   165.1  -36.05   23.17   -0.72   59.19             0.488E-03   386   F
                                                                                     0.000E+00     0   G

 SPECTRA N,P,A  AVE    5.75   13.25   22.63         SUMS  0.1123E-01  0.5271E-03  0.3686E-03
 SEQIN:PAIR,DELT,CST   4  11.00   1.160 AL=  20.11  20.01  20.01  19.72  23.07 DELTA=  0.00 -0.76 -0.78  0.00  0.00
 AF/AN=   1.100   BS,BK=   1.2848   1.5195 DPBAR=  33.56 A= 168. Z=  68. Y=   0.429
 SHELL CORRECTIONS        -2.6    -2.4    -2.6    -2.5     0.0

 GRIDS  NROW,NSTEP   5   2
 SUMN,SUMLOW    0.1107E-01    0.0000E+00
 GOT POPP FROM UNIT  11      SUMP  0.3963E-01   M,N,EXMAX  54  75   218.0     168Er      CN= 173Hf  
 SUMPOP FLOST,SUM,EXMAX,M,N -0.5551E-16  0.5069E-01  217.99  56  73  0.3963E-01  217.99  54  75  0.1107E-01  215.99  54  75  0 -2
 SUMPOP FLOST,SUM,EXMAX,M,N  0.0000E+00  0.5069E-01  217.99  56  73
 CUTOFF   NSTEP,TOTAL,TRIM,TRIMJ,TRIME,TRIMLEV   2  0.5069E-01  0.3101E-08  0.0000E+00  0.3101E-08  0.0000E+00
          ICUT,AMX,ALEVEL,IAGAIN  18  0.2320E-03  0.1106E-09  21    CUT,PRCNT  0.100E-06  0.100E+01  M1,N1=  51  69
 CUTOFF OLD,NEW M1  51  59
 DIMENSIONS  59  69   213.0  55  74   205.1  55  74   201.0  55  74   201.5
 DENSTY: JSHAP= 49    JBAR= 95        72.0     9.2
 EVA M1,N1=    59    69
 NOP,NOA,NOF,NOG,KE2MX= 0 0 0 016  NOLEP,NOLJI,NOLJF,JFJI= 1 1 1 1

 EVA  M1*N1  4071    ZEROS     2    CUTS   127    CUTPOP  0.5531E-10    SUM CUTS  0.1474E-08
 LOSS BELOW YRAST LINE  0.0000E+00
 EVA-,STEP  2
 SEQOUT NROW,NSTEP   5   2         PARENT 168Er      ELAB   309.0    EXCIT   272.7

 SUMP,SUMLOW    0.2151E-02    0.0000E+00
 WROTE POPP ON UNIT  10               167Ho  
 SUMA,SUMLOW    0.1437E-02    0.0000E+00
 WROTE POPA ON UNIT  12               164Dy  
 TOTAL    0.5069E-01
 FLOST(SUMPOP),TRIM(CUTOFF),RLOST(POPUL),RP 
  -0.5551E-16   0.4576E-08   0.3220E-09   0.9302E-03   0.1180E-03   0.1164E-03   0.0000E+00

 J SPECTRUM OF PARENT 168Er  
    AVERAGE=  33.938    SUM=   0.507E-01
    0.00      7     22     36     51     65     79     95    108    120    132
   10.00   1003    197    203    208    212    214    216    216    214    212
   20.00    209    204    199    192    184    176    168    159    150    140
   30.00    130    120    110    100     91     82     74     67     61     56
   40.00     51     47     43     40     37     35     34     33     33     33
   50.00     35     37     41     47     54     65     78     96    119    148
   60.00    183    225    272    321    371    420    468    318      0

 J SPECTRUM OF FISS   168Er  
    AVERAGE=  59.384    SUM=   0.155E-02
    0.00      0      1      2      2      3      4      5      6      7      8
   10.00     64     13     14     15     15     16     17     18     19     19
   20.00     20     21     21     22     23     23     24     24     25     25
   30.00     25     25     25     25     25     25     25     25     25     25
   40.00     25     26     26     26     27     28     30     32     35     40
   50.00     45     53     63     78     98    126    164    214    280    364
   60.00    472    605    757    918   1084   1248   1409    970      1

 E SPECTRUM OF PARENT 168Er  
    AVERAGE= 181.582    SUM=   0.507E-01
  154.99      0      0      0      0      0      0      0      0     12     16
  164.99    101    121    143    164    187    212    237    264    291    318
  174.99    344    369    392    413    430    444    453    457    456    450
  184.99    438    421    399    373    343    310    275    240    205    171
  194.99    139    110     85     64     46     32     21     14      8      5
  204.99      2      1      0      0      0      0      0      0      0

 DJN SPEC
    AVERAGE=  -0.823    SUM=   0.444E-01
   -1.00   8232   1767      0      0      0      0      0      0      0      0

 DJP SPEC
    AVERAGE=  -0.810    SUM=   0.215E-02
   -1.00   8096   1903      0      0      0      0      0      0      0      0

 DJA SPEC
    AVERAGE=  -2.559    SUM=   0.144E-02
   -9.00      0      0      0      0      0      0   7434    974   1332    257

   N   M   EXMAX  AV.EX. NW  MW  EXMAXW      Q      AL   DELTA     AVJ      DJ        TOTAL  BRANCH
  69  59   213.0   181.6  71  35   154.0    0.00   20.11    0.00   33.94    0.00     0.507E-01 10000    
  74  55   205.1   168.5  80  31   147.1   -7.77   20.01   -0.76   32.45    1.49     0.444E-01  8757   N
  74  55   201.0   161.9  80  31   143.0   -8.00   20.01   -0.78   30.70    3.24     0.215E-02   424   P
  74  55   201.5   161.4  80  62   143.5    0.55   19.72    0.00   31.88    2.05     0.144E-02   284   A
                   183.9  69  36   155.0  -35.68   23.07    0.00   59.38             0.155E-02   305   F
                                                                                     0.000E+00     0   G

 SPECTRA N,P,A  AVE    5.59   13.08   22.43         SUMS  0.4520E-01  0.2268E-02  0.1554E-02
 SEQIN:PAIR,DELT,CST   4  11.00   1.160 AL=  20.01  19.92  19.92  19.62  22.96 DELTA= -0.76  0.00 -1.27 -0.79 -0.76
 AF/AN=   1.100   BS,BK=   1.2848   1.5194 DPBAR=  33.26 A= 167. Z=  68. Y=   0.429
 SHELL CORRECTIONS        -2.4    -2.2    -2.3    -2.2     0.0

 GRIDS  NROW,NSTEP   5   3
 SUMN,SUMLOW    0.4439E-01    0.0000E+00
 GOT POPP FROM UNIT  11      SUMP  0.3113E+00   M,N,EXMAX  55  74   231.6     167Er      CN= 173Hf  
 SUMPOP FLOST,SUM,EXMAX,M,N  0.1411E-01  0.3416E+00  223.61  60  68  0.3113E+00  231.61  55  74  0.4439E-01  205.12  55  74  7-18
 GOT POPA FROM UNIT  13      SUMA  0.1808E+01   M,N,EXMAX  54  75   226.0     165Tm  
 SUMPOP FLOST,SUM,EXMAX,M,N  0.2876E-11  0.2149E+01  224.03  60  68  0.3416E+00  223.61  60  68  0.1808E+01  226.03  54  75  0  1
 CUTOFF   NSTEP,TOTAL,TRIM,TRIMJ,TRIME,TRIMLEV   3  0.2149E+01  0.1017E-06  0.0000E+00  0.0000E+00  0.1017E-06
          ICUT,AMX,ALEVEL,IAGAIN   2  0.7721E-02  0.5891E-07  17    CUT,PRCNT  0.100E-06  0.100E+01  M1,N1=  60  68
 DIMENSIONS  60  68   224.0  56  73   217.5  56  73   212.5  56  73   212.7
 DENSTY: JSHAP= 49    JBAR= 94        71.5     9.0
 EVA M1,N1=    60    68
 NOP,NOA,NOF,NOG,KE2MX= 0 0 0 016  NOLEP,NOLJI,NOLJF,JFJI= 1 1 1 1

 EVA  M1*N1  4080    ZEROS     0    CUTS     0    CUTPOP  0.1075E-07    SUM CUTS  0.0000E+00
 LOSS BELOW YRAST LINE  0.0000E+00
 EVA-,STEP  3
 SEQOUT NROW,NSTEP   5   3         PARENT 167Er      ELAB   309.0    EXCIT   272.7

 SUMP,SUMLOW    0.1043E+00    0.0000E+00
 WROTE POPP ON UNIT  10               166Ho  
 SUMA,SUMLOW    0.6654E-01    0.0000E+00
 WROTE POPA ON UNIT  12               163Dy  
 TOTAL    0.2149E+01
 FLOST(SUMPOP),TRIM(CUTOFF),RLOST(POPUL),RP 
   0.1411E-01   0.1017E-06   0.5341E-05   0.9725E-01   0.1228E-01   0.1046E-01   0.0000E+00

 J SPECTRUM OF PARENT 167Er  
    AVERAGE=  36.499    SUM=   0.215E+01
    0.00      7     22     36     51     65    160     96    108    120    839
   10.00    219    192    197    358    193    194    193    190    187    182
   20.00    176    169    160    151    142    133    123    113    103     93
   30.00     84     75     67     59     52     46     41     37     33     30
   40.00     27     25     23     21     20     19     19     19     20     21
   50.00     23     27     32     39     50     65     88    120    164    225
   60.00    306    406    524    655    794    612     79     48

 J SPECTRUM OF FISS   167Er  
    AVERAGE=  59.128    SUM=   0.123E+00
    0.00      0      1      2      2      3      9      5      6      7     51
   10.00     15     14     15     25     15     15     16     17     17     18
   20.00     18     18     19     19     19     19     19     19     19     19
   30.00     19     18     18     18     17     17     17     17     16     17
   40.00     17     17     17     17     18     19     20     22     25     29
   50.00     33     40     50     65     87    119    165    232    328    462
   60.00    643    872   1140   1435   1748   1366    226    139

 E SPECTRUM OF PARENT 167Er  
    AVERAGE= 191.127    SUM=   0.215E+01
  165.03      8      8      8      8      9      9      8    108    123    138
  175.03    155    173    199    218    238    258    277    296    314    330
  185.03    346    359    369    377    381    381    378    371    360    346
  195.03    328    307    285    260    236    211    188    166    146    129
  205.03    115    104     95     89     84     81     78     75     71     67
  215.03     61     55     48     40     32     25     18     12      8      4

 DJN SPEC
    AVERAGE=  -0.819    SUM=   0.174E+01
   -1.00   8191   1808      0      0      0      0      0      0      0      0

 DJP SPEC
    AVERAGE=  -0.808    SUM=   0.104E+00
   -1.00   8082   1917      0      0      0      0      0      0      0      0

 DJA SPEC
    AVERAGE=  -2.542    SUM=   0.665E-01
   -9.00      0      0      0      0      0      0   7344   1071   1244    338

   N   M   EXMAX  AV.EX. NW  MW  EXMAXW      Q      AL   DELTA     AVJ      DJ        TOTAL  BRANCH
  68  60   224.0   191.1  70  35   164.0    0.00   20.01   -0.76   36.50    0.00     0.215E+01 10000    
  73  56   217.5   179.8  79  31   158.5   -6.44   19.92    0.00   34.59    1.91     0.174E+01  8076   N
  73  56   212.5   173.0  79  31   153.5   -7.51   19.92   -1.27   33.05    3.45     0.104E+00   485   P
  73  56   212.7   172.3  80  62   153.7    0.67   19.62   -0.79   34.63    1.87     0.665E-01   310   A
                   194.6  68  36   165.0  -35.17   22.96   -0.76   59.13             0.123E+00   571   F
                                                                                     0.000E+00     0   G

 SPECTRA N,P,A  AVE    5.74   13.25   22.62         SUMS  0.1828E+01  0.1166E+00  0.7700E-01
 SEQIN:PAIR,DELT,CST   4  11.00   1.160 AL=  19.92  19.82  19.82  19.52  22.85 DELTA=  0.00 -1.01 -0.82  0.00  0.00
 AF/AN=   1.100   BS,BK=   1.2848   1.5194 DPBAR=  32.95 A= 166. Z=  68. Y=   0.429
 SHELL CORRECTIONS        -2.2    -1.9    -2.3    -1.9     0.0

 GRIDS  NROW,NSTEP   5   4
 SUMN,SUMLOW    0.1736E+01    0.0000E+00
 GOT POPP FROM UNIT  11      SUMP  0.6438E+00   M,N,EXMAX  55  74   229.1     166Er      CN= 173Hf  
 SUMPOP FLOST,SUM,EXMAX,M,N  0.2586E-01  0.2354E+01  222.07  60  68  0.6438E+00  229.07  55  74  0.1736E+01  217.49  56  73  6 -5
 GOT POPA FROM UNIT  13      SUMA  0.1445E+01   M,N,EXMAX  55  74   214.8     164Tm  
 SUMPOP FLOST,SUM,EXMAX,M,N  0.1915E-05  0.3799E+01  220.07  60  68  0.2354E+01  222.07  60  68  0.1445E+01  214.83  55  74  1 -5
 CUTOFF   NSTEP,TOTAL,TRIM,TRIMJ,TRIME,TRIMLEV   4  0.3799E+01  0.5536E-07  0.0000E+00  0.0000E+00  0.5536E-07
          ICUT,AMX,ALEVEL,IAGAIN  12  0.1500E-01  0.1430E-07  20    CUT,PRCNT  0.100E-06  0.100E+01  M1,N1=  60  68
 DIMENSIONS  60  68   220.1  56  73   211.5  56  73   208.8  56  73   208.9
 DENSTY: JSHAP= 48    JBAR= 93        70.5     9.0
 EVA M1,N1=    60    68
 NOP,NOA,NOF,NOG,KE2MX= 0 0 0 016  NOLEP,NOLJI,NOLJF,JFJI= 1 1 1 1

 EVA  M1*N1  4080    ZEROS     3    CUTS    15    CUTPOP  0.7152E-08    SUM CUTS  0.1884E-07
 LOSS BELOW YRAST LINE  0.0000E+00
 EVA-,STEP  4
 SEQOUT NROW,NSTEP   5   4         PARENT 166Er      ELAB   309.0    EXCIT   272.7

 SUMP,SUMLOW    0.1574E+00    0.0000E+00
 WROTE POPP ON UNIT  10               165Ho  
 SUMA,SUMLOW    0.9548E-01    0.0000E+00
 WROTE POPA ON UNIT  12               162Dy  
 TOTAL    0.3799E+01
 FLOST(SUMPOP),TRIM(CUTOFF),RLOST(POPUL),RP 
   0.2586E-01   0.7420E-07   0.1986E-03   0.6977E+00   0.6817E-01   0.5045E-01   0.0000E+00

 J SPECTRUM OF PARENT 166Er  
    AVERAGE=  34.413    SUM=   0.380E+01
    0.00      7     23     39     54     69    172    103    116    129    951
   10.00    354    212    289    289    204    203    201    197    192    185
   20.00    177    169    159    150    139    129    119    108     98     88
   30.00     79     70     62     55     49     43     39     34     31     28
   40.00     25     23     22     20     19     19     19     19     20     22
   50.00     24     29     35     44     57     76    103    141    195    267
   60.00    359    470    597    736    592    130     86      0

 J SPECTRUM OF FISS   166Er  
    AVERAGE=  58.503    SUM=   0.161E+00
    0.00      0      1      2      2      3      9      5      6      7     51
   10.00     25     15     19     19     15     15     16     17     17     17
   20.00     18     18     18     18     19     19     19     19     18     18
   30.00     18     18     17     17     17     17     16     16     16     17
   40.00     17     17     17     18     19     20     21     24     27     31
   50.00     37     46     59     77    105    146    205    290    413    583
   60.00    806   1082   1397   1745   1456    417    278      0

 E SPECTRUM OF PARENT 166Er  
    AVERAGE= 180.266    SUM=   0.380E+01
  161.07     73    162    184    202    219    237    255    271    287    301
  171.07    313    324    339    346    350    351    350    346    340    330
  181.07    319    305    290    274    257    239    222    206    191    178
  191.07    165    155    146    138    132    126    121    116    110    104
  201.07     97     89     80     71     61     51     42     33     25     18
  211.07     13      8      5      3      1      0      0      0      0      0

 DJN SPEC
    AVERAGE=  -0.799    SUM=   0.257E+01
   -1.00   7986   2013      0      0      0      0      0      0      0      0

 DJP SPEC
    AVERAGE=  -0.791    SUM=   0.157E+00
   -1.00   7912   2087      0      0      0      0      0      0      0      0

 DJA SPEC
    AVERAGE=  -2.517    SUM=   0.955E-01
   -9.00      0      0      0      0      0      0   7221   1061   1378    338

   N   M   EXMAX  AV.EX. NW  MW  EXMAXW      Q      AL   DELTA     AVJ      DJ        TOTAL  BRANCH
  68  60   220.1   180.3  70  35   160.1    0.00   19.92    0.00   34.41    0.00     0.380E+01 10000    
  73  56   211.5   169.9  79  31   152.5   -8.48   19.82   -1.01   33.39    1.02     0.257E+01  6760   N
  73  56   208.8   166.2  79  31   149.8   -7.32   19.82   -0.82   32.07    2.34     0.157E+00   414   P
  73  56   208.9   165.8  80  62   149.9    0.83   19.52    0.00   33.67    0.74     0.955E-01   251   A
                   184.3  68  36   161.1  -34.66   22.85    0.00   58.50             0.161E+00   425   F
                                                                                     0.000E+00     0   G

 SPECTRA N,P,A  AVE    5.58   13.09   22.44         SUMS  0.3257E+01  0.2255E+00  0.1459E+00
 SEQIN:PAIR,DELT,CST   4  11.00   1.160 AL=  19.82  19.72  19.72  19.42  22.74 DELTA= -1.01  0.00 -1.49 -0.97 -1.01
 AF/AN=   1.100   BS,BK=   1.2848   1.5193 DPBAR=  32.62 A= 165. Z=  68. Y=   0.429
 SHELL CORRECTIONS        -1.9    -1.6    -1.9    -1.7     0.0

 GRIDS  NROW,NSTEP   5   5
 SUMN,SUMLOW    0.2568E+01    0.0000E+00
 GOT POPP FROM UNIT  11      SUMP  0.9348E+00   M,N,EXMAX  56  73   219.5     165Er      CN= 173Hf  
 SUMPOP FLOST,SUM,EXMAX,M,N  0.8506E-10  0.3503E+01  216.50  61  67  0.9348E+00  219.50  56  73  0.2568E+01  211.49  56  73  2 -5
 GOT POPA FROM UNIT  13      SUMA  0.1497E+00   M,N,EXMAX  53  77   240.6     167Er  
 SUMPOP FLOST,SUM,EXMAX,M,N  0.3012E-01  0.3623E+01  216.61  61  67  0.3503E+01  216.50  61  67  0.1497E+00  240.61  53  77  0 23
 CUTOFF   NSTEP,TOTAL,TRIM,TRIMJ,TRIME,TRIMLEV   5  0.3623E+01  0.1994E-06  0.0000E+00  0.0000E+00  0.1994E-06
          ICUT,AMX,ALEVEL,IAGAIN   3  0.1282E-01  0.9785E-07  17    CUT,PRCNT  0.100E-06  0.100E+01  M1,N1=  61  67
 DIMENSIONS  61  67   216.6  56  72   209.9  56  72   205.8  56  72   205.7
 DENSTY: JSHAP= 48    JBAR= 93        70.5     9.0
 EVA M1,N1=    61    67
 NOP,NOA,NOF,NOG,KE2MX= 0 0 0 016  NOLEP,NOLJI,NOLJF,JFJI= 1 1 1 1

 EVA  M1*N1  4087    ZEROS     0    CUTS     0    CUTPOP  0.1811E-07    SUM CUTS  0.0000E+00
 LOSS BELOW YRAST LINE  0.0000E+00
 EVA-,STEP  5
 SEQOUT NROW,NSTEP   5   5         PARENT 165Er      ELAB   309.0    EXCIT   272.7

 SUMP,SUMLOW    0.1457E+00    0.0000E+00
 WROTE POPP ON UNIT  10               164Ho  
 SUMA,SUMLOW    0.8543E-01    0.0000E+00
 WROTE POPA ON UNIT  12               161Dy  
 TOTAL    0.3623E+01
 FLOST(SUMPOP),TRIM(CUTOFF),RLOST(POPUL),RP 
   0.3012E-01   0.1994E-06   0.3444E-03   0.9832E+00   0.9778E-01   0.6759E-01   0.0000E+00

 J SPECTRUM OF PARENT 165Er  
    AVERAGE=  33.949    SUM=   0.362E+01
    0.00      7     22     37     52     66    164     98    111    123    784
   10.00    597    267    264    205    201    200    198    194    189    183
   20.00    176    169    160    151    142    132    122    113    103     94
   30.00     85     77     69     62     55     50     45     41     37     34
   40.00     31     29     27     26     25     24     24     25     27     29
   50.00     33     38     46     58     75     98    131    176    237    314
   60.00    407    514    631    562    278    199     21

 J SPECTRUM OF FISS   165Er  
    AVERAGE=  58.028    SUM=   0.161E+00
    0.00      0      1      1      2      3      8      5      5      6     37
   10.00     36     16     16     14     14     14     15     16     16     17
   20.00     17     17     18     18     18     19     19     19     19     19
   30.00     19     19     19     19     19     19     19     19     19     19
   40.00     20     20     21     21     23     24     26     30     34     40
   50.00     48     59     76    100    136    187    259    361    503    689
   60.00    925   1204   1514   1434    868    637     93

 E SPECTRUM OF PARENT 165Er  
    AVERAGE= 174.363    SUM=   0.362E+01
  156.61    274    284    292    299    304    307    307    328    327    324
  166.61    320    315    309    302    295    287    279    271    264    258
  176.61    252    246    241    236    232    227    221    215    207    199
  186.61    189    178    165    151    137    122    106     91     77     64
  196.61     52     42     33     27     22     19     17     16     16     16
  206.61     17     18     19     20     20     21     21     20     19     18
  216.61     16

 DJN SPEC
    AVERAGE=  -0.803    SUM=   0.208E+01
   -1.00   8034   1965      0      0      0      0      0      0      0      0

 DJP SPEC
    AVERAGE=  -0.799    SUM=   0.146E+00
   -1.00   7992   2007      0      0      0      0      0      0      0      0

 DJA SPEC
    AVERAGE=  -2.542    SUM=   0.854E-01
   -9.00      0      0      0      0      0      0   7373    976   1341    307

   N   M   EXMAX  AV.EX. NW  MW  EXMAXW      Q      AL   DELTA     AVJ      DJ        TOTAL  BRANCH
  67  61   216.6   174.4  69  36   155.6    0.00   19.82   -1.01   33.95    0.00     0.362E+01 10000    
  72  56   209.9   168.1  78  32   149.9   -6.65   19.72    0.00   33.00    0.95     0.208E+01  5746   N
  72  56   205.8   163.4  78  32   145.8   -6.83   19.72   -1.49   31.76    2.19     0.146E+00   402   P
  72  56   205.7   162.8  80  62   145.7    1.11   19.42   -0.97   33.11    0.84     0.854E-01   236   A
                   179.3  67  37   156.6  -34.04   22.74   -1.01   58.03             0.161E+00   444   F
                                                                                     0.000E+00     0   G

 SPECTRA N,P,A  AVE    5.52   13.03   22.37         SUMS  0.3056E+01  0.2434E+00  0.1530E+00
1    ROW  5      ELEMENT Er      X-SECTION   0.000E+00
(14)N+(159)Tb -> (173)Hf                                                
 ELAB(MEV)  309.000     Q-VALUE  -11.257    EXCIT  272.737
 SIGFUS,SIGEVA,SIGFIS,SIGMXZ  0.9476E+03  0.0000E+00  0.8573E+03  0.0000E+00
 ZT= 65    AT 159    ZP  7    AP  14


             169Er     168Er     167Er     166Er     165Er  
 SIG        0.000E+00 0.000E+00 0.000E+00 0.000E+00 0.000E+00
 B-G               0         0         0         0         0
  R-N           8754      8757      8076      6760      5746
 BR-P            400       424       485       414       402
 BR-A            274       284       310       251       236
 BR-F            386       305       571       425       444
 SIGF       0.488E-03 0.155E-02 0.123E+00 0.161E+00 0.161E+00
 TOTAL      0.126E-01 0.507E-01 0.215E+01 0.380E+01 0.362E+01
 EXCP          192.9     181.6     191.1     180.3     174.4
 SPINP          36.1      33.9      36.5      34.4      33.9
 EXCF          194.9     183.9     194.6     184.3     179.3
 SPINF          59.2      59.4      59.1      58.5      58.0
 DJN           -0.86     -0.82     -0.82     -0.80     -0.80
 DJP           -0.84     -0.81     -0.81     -0.79     -0.80
 DJA           -2.63     -2.56     -2.54     -2.52     -2.54
 AV.E N         5.75      5.59      5.74      5.58      5.52
 AV.E P        13.25     13.08     13.25     13.09     13.03
 AV.E A        22.63     22.43     22.62     22.44     22.37
 SUM GAM         0.0       0.0       0.0       0.0       0.0
 SPIN GAM        0.0       0.0       0.0       0.0       0.0

 TRIM       0.565E-09 0.458E-08 0.102E-06 0.742E-07 0.199E-06
 FLOST      0.000E+00-0.555E-16 0.141E-01 0.259E-01 0.301E-01
 RP         0.000E+00 0.000E+00 0.000E+00 0.000E+00 0.000E+00
 RLOSTG     0.520E-10 0.322E-09 0.534E-05 0.199E-03 0.344E-03
 RLOSTN     0.190E-03 0.930E-03 0.972E-01 0.698E+00 0.983E+00
 RLOSTP     0.218E-04 0.118E-03 0.123E-01 0.682E-01 0.978E-01
 RLOSTA     0.222E-04 0.116E-03 0.105E-01 0.505E-01 0.676E-01
 TIME              0         0         0         0         0

 STORAGE
  1.  1.  3.  3.  3.
  0.  0.  2.  2.  2.
1     ENERGY   309.000     0.000

 HIVAP  ENGOUT

(14)N+(159)Tb -> (173)Hf                                                
    ELAB=   309.0      EXCIT=   272.7      CN= 173Hf  
    FUSION X-SECT=  0.9476E+03      LCRIT=  72.0
    EVAP SO FAR  0.0000E+00      FISSION  0.8573E+03

 MASS DISTRIBUTION
        3           2           1           0           9                 8           7           6           5           4
 173  0.0000E+00  0.0000E+00  0.0000E+00  0.0000E+00  0.0000E+00        0.0000E+00  0.0000E+00  0.0000E+00  0.0000E+00  0.0000E+00

 Z-DISTIBUTION
    Er         Tm         Yb         Lu         Hf  
  0.000E+00  0.000E+00  0.000E+00  0.000E+00  0.000E+00

  CROSS SECTIONS (MB)
  169Hf      170Hf      171Hf      172Hf      173Hf  
  0.000E+00  0.000E+00  0.000E+00  0.000E+00  0.000E+00
  168Lu      169Lu      170Lu      171Lu      172Lu  
  0.000E+00  0.000E+00  0.000E+00  0.000E+00  0.000E+00
  167Yb      168Yb      169Yb      170Yb      171Yb  
  0.000E+00  0.000E+00  0.000E+00  0.000E+00  0.000E+00
  166Tm      167Tm      168Tm      169Tm      170Tm  
  0.000E+00  0.000E+00  0.000E+00  0.000E+00  0.000E+00
  165Er      166Er      167Er      168Er      169Er  
  0.000E+00  0.000E+00  0.000E+00  0.000E+00  0.000E+00

 HALFLIFE FIRST STEP IN UNITS OF 10**(-22) SEC AS FUNTION OF J
   0.230E+01   0.176E+01   0.175E+01   0.175E+01   0.175E+01   0.174E+01   0.174E+01   0.173E+01   0.172E+01   0.171E+01
   0.170E+01   0.174E+01   0.171E+01   0.168E+01   0.165E+01   0.163E+01   0.160E+01   0.157E+01   0.153E+01   0.150E+01
   0.147E+01   0.143E+01   0.140E+01   0.136E+01   0.132E+01   0.129E+01   0.125E+01   0.121E+01   0.116E+01   0.112E+01
   0.108E+01   0.104E+01   0.100E+01   0.961E+00   0.920E+00   0.880E+00   0.840E+00   0.801E+00   0.764E+00   0.727E+00
   0.692E+00   0.662E+00   0.636E+00   0.613E+00   0.592E+00   0.573E+00   0.557E+00   0.543E+00   0.533E+00   0.526E+00
   0.523E+00   0.525E+00   0.532E+00   0.544E+00   0.561E+00   0.586E+00   0.619E+00   0.661E+00   0.715E+00   0.781E+00
   0.860E+00   0.951E+00   0.106E+01   0.117E+01   0.129E+01   0.143E+01   0.157E+01   0.171E+01   0.184E+01   0.195E+01
   0.206E+01   0.216E+01   0.225E+01   0.232E+01   0.000E+00   0.000E+00   0.000E+00   0.000E+00   0.000E+00   0.000E+00
1     ENERGY   309.000     0.000
  173.   72.   0.0010    21     1    25    25    35    12    12    20
 DEL     1.0     0.1     4.0    12.0     0.0
 TRANSM  APAR,ZPAR,SIGLOW,UNIT,DEL 173.0  72.0  0.10E-02  21     0.1     4.0    13.0
 SEQIN:PAIR,DELT,CST   4  11.00   1.160 AL=  20.60  20.51  20.51  20.21  23.51 DELTA= -0.80  0.00 -1.60 -0.89 -0.80
 AF/AN=   1.100   BS,BK=   1.2809   1.4870 DPBAR=  26.45 A= 173. Z=  72. Y=   0.378
 SHELL CORRECTIONS        -2.1    -1.9    -2.2    -2.1     0.0
1 NEW ROW

 GRIDS  NROW,NSTEP   1   1
 SUMN,SUMLOW    0.9476E+03    0.0000E+00
 SUMPOP FLOST,SUM,EXMAX,M,N  0.0000E+00  0.9476E+03  272.74   1  74
 SUMPOP FLOST,SUM,EXMAX,M,N  0.0000E+00  0.9476E+03  272.74   1  74
 CUTOFF   NSTEP,TOTAL,TRIM,TRIMJ,TRIME,TRIMLEV   1  0.9476E+03  0.0000E+00  0.0000E+00  0.0000E+00  0.0000E+00
          ICUT,AMX,ALEVEL,IAGAIN   0  0.2569E+02  0.1568E-02  14    CUT,PRCNT  0.100E-07  0.100E+01  M1,N1=   1  74
 CUTOFF OLD,NEW M1   1  55
 DIMENSIONS  55  74   272.7  51  79   265.6  51  79   262.8  51  79   262.3
 DENSTY: JSHAP= 49    JBAR= 84        66.5     7.0
 EVA M1,N1=    55    74
 NOP,NOA,NOF,NOG,KE2MX= 0 0 0 016  NOLEP,NOLJI,NOLJF,JFJI= 1 1 1 1

 EVA  M1*N1  4070    ZEROS  2963    CUTS   560    CUTPOP  0.4738E-05    SUM CUTS  0.1490E-03
 LOSS BELOW YRAST LINE  0.0000E+00
 EVA-,STEP  1
 SEQOUT NROW,NSTEP   1   1         PARENT 173Hf      ELAB   309.0    EXCIT   272.7

 SUMP,SUMLOW    0.5137E+02    0.0000E+00
 WROTE POPP ON UNIT  10               172Lu  
 SUMA,SUMLOW    0.2879E+02    0.0000E+00
 WROTE POPA ON UNIT  12               169Yb  
 TOTAL    0.9476E+03
 FLOST(SUMPOP),TRIM(CUTOFF),RLOST(POPUL),RP 
   0.0000E+00   0.1490E-03   0.0000E+00   0.0000E+00   0.0000E+00   0.0000E+00   0.0000E+00

 J SPECTRUM OF PARENT 173Hf  
    AVERAGE=  47.914    SUM=   0.948E+03
    0.00      1      5      9     13     17     20     24     28     32     36
   10.00     39     43     47     51     54     58     62     66     70     73
   20.00     77     81     85     89     92     96    100    104    108    111
   30.00    115    119    123    127    130    134    138    142    146    149
   40.00    153    157    161    164    168    172    176    180    183    187
   50.00    191    195    199    202    206    210    214    218    221    225
   60.00    229    233    237    240    244    248    252    255    259    263
   70.00    267    271    170      0

 J SPECTRUM OF FISS   173Hf  
    AVERAGE=  47.414    SUM=   0.545E+03
    0.00      0      2      4      7      9     11     13     15     18     20
   10.00     23     26     29     32     35     38     41     44     48     52
   20.00     56     60     65     70     75     81     86     92     99    105
   30.00    112    119    126    134    142    150    158    166    174    183
   40.00    191    199    207    215    222    230    237    244    250    257
   50.00    262    268    272    276    279    280    281    280    277    272
   60.00    265    255    243    229    213    195    176    157    139    122
   70.00    108     94     50      0

 E SPECTRUM OF PARENT 173Hf  
    AVERAGE= 272.737    SUM=   0.948E+03
  268.74      0      0      0      0  10000

 DJN SPEC
    AVERAGE=  -0.963    SUM=   0.322E+03
   -1.00   9630    369      0      0      0      0      0      0      0      0

 DJP SPEC
    AVERAGE=  -0.961    SUM=   0.514E+02
   -1.00   9609    390      0      0      0      0      0      0      0      0

 DJA SPEC
    AVERAGE=  -2.894    SUM=   0.288E+02
   -9.00      0      0      0      0      0      0   9351    334    212    101

   N   M   EXMAX  AV.EX. NW  MW  EXMAXW      Q      AL   DELTA     AVJ      DJ        TOTAL  BRANCH
  74  55   272.7   272.7  76  32   217.7    0.00   20.60   -0.80   47.91    0.00     0.948E+03 10000    
  79  51   265.6   259.0  80  31   211.6   -7.08   20.51    0.00   47.66    0.25     0.322E+03  3403   N
  79  51   262.8   252.1  80  31   208.8   -5.97   20.51   -1.60   46.90    1.01     0.514E+02   542   P
  79  51   262.3   250.5  80  62   208.3    2.54   20.21   -0.89   46.64    1.27     0.288E+02   304   A
                   272.7  74  33   218.7  -28.06   23.51   -0.80   47.41             0.545E+03  5751   F
                                                                                     0.000E+00     0   G

 SPECTRA N,P,A  AVE    6.67   14.68   24.79         SUMS  0.3220E+03  0.5134E+02  0.2878E+02
 SEQIN:PAIR,DELT,CST   4  11.00   1.160 AL=  20.51  20.41  20.41  20.11  23.40 DELTA=  0.00 -0.99 -1.02  0.00  0.00
 AF/AN=   1.100   BS,BK=   1.2807   1.4859 DPBAR=  26.08 A= 172. Z=  72. Y=   0.377
 SHELL CORRECTIONS        -1.9    -1.8    -2.1    -1.9     0.0

 GRIDS  NROW,NSTEP   1   2
 SUMN,SUMLOW    0.3225E+03    0.0000E+00
 SUMPOP FLOST,SUM,EXMAX,M,N  0.0000E+00  0.3225E+03  265.56  51  79
 SUMPOP FLOST,SUM,EXMAX,M,N  0.0000E+00  0.3225E+03  265.56  51  79
 CUTOFF   NSTEP,TOTAL,TRIM,TRIMJ,TRIME,TRIMLEV   2  0.3225E+03  0.0000E+00  0.0000E+00  0.0000E+00  0.0000E+00
          ICUT,AMX,ALEVEL,IAGAIN   0  0.1867E+01  0.8903E-06  21    CUT,PRCNT  0.100E-06  0.100E+01  M1,N1=  51  73
 CUTOFF OLD,NEW M1  51  56
 DIMENSIONS  56  73   265.6  52  78   256.4  52  78   255.7  52  78   255.3
 DENSTY: JSHAP= 49    JBAR= 84        66.5     7.0
 EVA M1,N1=    56    73
 NOP,NOA,NOF,NOG,KE2MX= 0 0 0 016  NOLEP,NOLJI,NOLJF,JFJI= 1 1 1 1

 EVA  M1*N1  4088    ZEROS  1288    CUTS   518    CUTPOP  0.4451E-06    SUM CUTS  0.9503E-05
 LOSS BELOW YRAST LINE  0.0000E+00
 EVA-,STEP  2
 SEQOUT NROW,NSTEP   1   2         PARENT 172Hf      ELAB   309.0    EXCIT   272.7

 SUMP,SUMLOW    0.2301E+02    0.0000E+00
 WROTE POPP ON UNIT  10               171Lu  
 SUMA,SUMLOW    0.1260E+02    0.0000E+00
 WROTE POPA ON UNIT  12               168Yb  
 TOTAL    0.3225E+03
 FLOST(SUMPOP),TRIM(CUTOFF),RLOST(POPUL),RP 
   0.0000E+00   0.9503E-05   0.0000E+00   0.1419E-05   0.7762E-06   0.6315E-03   0.0000E+00

 J SPECTRUM OF PARENT 172Hf  
    AVERAGE=  47.659    SUM=   0.322E+03
    0.00      3      9     15     21     27     33     40     45     51     57
   10.00    129     72     77     82     86     91     95     99    103    106
   20.00    109    111    114    116    117    118    119    119    119    119
   30.00    118    117    116    115    113    111    108    106    104    101
   40.00     99     97     96     94     93     93     92     92     93     94
   50.00     96     99    103    108    114    123    133    146    161    180
   60.00    202    227    256    286    320    355    390    424    456    485
   70.00    513    333      0

 J SPECTRUM OF FISS   172Hf  
    AVERAGE=  48.104    SUM=   0.155E+03
    0.00      1      4      7     11     14     17     21     24     28     32
   10.00     73     43     47     51     55     59     63     67     71     76
   20.00     80     85     89     94     98    103    107    111    115    119
   30.00    123    126    129    131    133    135    137    138    138    138
   40.00    139    139    140    140    141    141    142    144    146    149
   50.00    152    157    163    171    180    191    204    219    236    255
   60.00    275    294    311    325    334    336    331    319    303    283
   70.00    263    147      0

 E SPECTRUM OF PARENT 172Hf  
    AVERAGE= 258.981    SUM=   0.322E+03
  240.56      0     17     21     28     35     45     58     74     95    120
  250.56    152    192    240    298    368    450    547    656    773    896
  260.56   1008   1082   1098    986    665     84

 DJN SPEC
    AVERAGE=  -0.938    SUM=   0.132E+03
   -1.00   9379    620      0      0      0      0      0      0      0      0

 DJP SPEC
    AVERAGE=  -0.934    SUM=   0.230E+02
   -1.00   9343    656      0      0      0      0      0      0      0      0

 DJA SPEC
    AVERAGE=  -2.831    SUM=   0.126E+02
   -9.00      0      0      0      0      0      0   8984    483    384    147

   N   M   EXMAX  AV.EX. NW  MW  EXMAXW      Q      AL   DELTA     AVJ      DJ        TOTAL  BRANCH
  73  56   265.6   259.0  75  33   209.6    0.00   20.51    0.00   47.66    0.00     0.322E+03 10000    
  78  52   256.4   243.3  80  31   201.4   -9.04   20.41   -0.99   46.34    1.32     0.132E+03  4097   N
  78  52   255.7   238.5  80  31   200.7   -5.86   20.41   -1.02   45.44    2.22     0.230E+02   714   P
  78  52   255.3   237.0  80  62   200.3    2.76   20.11    0.00   45.70    1.96     0.126E+02   391   A
                   259.1  73  34   210.6  -27.55   23.40    0.00   48.10             0.155E+03  4799   F
                                                                                     0.000E+00     0   G

 SPECTRA N,P,A  AVE    6.51   14.53   24.60         SUMS  0.1319E+03  0.2300E+02  0.1260E+02
 SEQIN:PAIR,DELT,CST   4  11.00   1.160 AL=  20.41  20.31  20.31  20.01  23.29 DELTA= -0.99  0.00 -1.61 -1.09 -0.99
 AF/AN=   1.100   BS,BK=   1.2805   1.4847 DPBAR=  25.70 A= 171. Z=  72. Y=   0.376
 SHELL CORRECTIONS        -1.8    -1.7    -1.7    -1.6     0.0

 GRIDS  NROW,NSTEP   1   3
 SUMN,SUMLOW    0.1321E+03    0.0000E+00
 SUMPOP FLOST,SUM,EXMAX,M,N  0.0000E+00  0.1321E+03  256.41  52  78
 SUMPOP FLOST,SUM,EXMAX,M,N  0.0000E+00  0.1321E+03  256.41  52  78
 CUTOFF   NSTEP,TOTAL,TRIM,TRIMJ,TRIME,TRIMLEV   3  0.1321E+03  0.1008E-04  0.0000E+00  0.0000E+00  0.1008E-04
          ICUT,AMX,ALEVEL,IAGAIN 209  0.6899E+00  0.6579E-06  20    CUT,PRCNT  0.100E-06  0.100E+01  M1,N1=  52  72
 CUTOFF OLD,NEW M1  52  56
 DIMENSIONS  56  72   256.4  53  77   249.1  53  77   247.0  53  77   246.1
 DENSTY: JSHAP= 49    JBAR= 83        66.0     6.8
 EVA M1,N1=    56    72
 NOP,NOA,NOF,NOG,KE2MX= 0 0 0 016  NOLEP,NOLJI,NOLJF,JFJI= 1 1 1 1

 EVA  M1*N1  4032    ZEROS     2    CUTS   510    CUTPOP  0.3290E-06    SUM CUTS  0.7393E-05
 LOSS BELOW YRAST LINE  0.0000E+00
 EVA-,STEP  3
 SEQOUT NROW,NSTEP   1   3         PARENT 171Hf      ELAB   309.0    EXCIT   272.7

 SUMP,SUMLOW    0.1186E+02    0.0000E+00
 WROTE POPP ON UNIT  10               170Lu  
 SUMA,SUMLOW    0.6297E+01    0.0000E+00
 WROTE POPA ON UNIT  12               167Yb  
 TOTAL    0.1321E+03
 FLOST(SUMPOP),TRIM(CUTOFF),RLOST(POPUL),RP 
   0.0000E+00   0.1748E-04   0.0000E+00   0.1558E-01   0.8987E-02   0.1063E-01   0.0000E+00

 J SPECTRUM OF PARENT 171Hf  
    AVERAGE=  46.342    SUM=   0.132E+03
    0.00      4     13     22     31     40     48     57     65     73     80
   10.00    280    105    111    116    121    125    129    131    134    135
   20.00    136    136    135    134    132    129    126    122    118    113
   30.00    109    104     98     93     87     82     77     71     66     62
   40.00     58     55     52     49     47     46     44     43     43     43
   50.00     45     47     50     54     60     67     78     92    111    135
   60.00    166    205    251    307    373    446    522    599    673    746
   70.00    507      0

 J SPECTRUM OF FISS   171Hf  
    AVERAGE=  48.486    SUM=   0.522E+02
    0.00      2      6     11     15     20     24     29     34     39     43
   10.00    155     61     66     70     75     80     84     88     93     97
   20.00    101    104    108    111    113    116    117    119    119    120
   30.00    120    119    117    115    113    110    106    102     98     95
   40.00     92     89     86     84     82     80     79     79     79     80
   50.00     83     87     92    100    110    123    139    161    189    222
   60.00    260    304    349    397    442    476    498    506    502    491
   70.00    292      0

 E SPECTRUM OF PARENT 171Hf  
    AVERAGE= 243.264    SUM=   0.132E+03
  211.41      0      0      0      0      1      1      2      3      4      6
  221.41      8     12     16     21     28     37     48     62     78     98
  231.41    119    143    169    200    235    274    316    363    412    463
  241.41    514    563    607    643    668    676    664    628    566    480
  251.41    374    258    147     59     11      0

 DJN SPEC
    AVERAGE=  -0.906    SUM=   0.617E+02
   -1.00   9058    941      0      0      0      0      0      0      0      0

 DJP SPEC
    AVERAGE=  -0.901    SUM=   0.119E+02
   -1.00   9006    993      0      0      0      0      0      0      0      0

 DJA SPEC
    AVERAGE=  -2.754    SUM=   0.630E+01
   -9.00      0      0      0      0      0      0   8546    640    616    196

   N   M   EXMAX  AV.EX. NW  MW  EXMAXW      Q      AL   DELTA     AVJ      DJ        TOTAL  BRANCH
  72  56   256.4   243.3  74  33   200.4    0.00   20.41   -0.99   46.34    0.00     0.132E+03 10000    
  77  53   249.1   229.4  80  31   194.1   -7.25   20.31    0.00   44.07    2.28     0.617E+02  4673   N
  77  53   247.0   223.3  80  31   192.0   -5.41   20.31   -1.61   43.05    3.29     0.119E+02   898   P
  77  53   246.1   221.5  80  62   191.1    2.74   20.01   -1.09   43.81    2.54     0.630E+01   477   A
                   243.6  72  34   201.4  -27.05   23.29   -0.99   48.49             0.522E+02  3950   F
                                                                                     0.000E+00     0   G

 SPECTRA N,P,A  AVE    6.35   14.37   24.40         SUMS  0.6164E+02  0.1186E+02  0.6307E+01
 SEQIN:PAIR,DELT,CST   4  11.00   1.160 AL=  20.31  20.21  20.21  19.92  23.17 DELTA=  0.00 -1.19 -1.10  0.00  0.00
 AF/AN=   1.100   BS,BK=   1.2802   1.4834 DPBAR=  25.31 A= 170. Z=  72. Y=   0.375
 SHELL CORRECTIONS        -1.7    -1.5    -1.8    -1.4     0.0

 GRIDS  NROW,NSTEP   1   4
 SUMN,SUMLOW    0.6174E+02    0.0000E+00
 SUMPOP FLOST,SUM,EXMAX,M,N  0.0000E+00  0.6174E+02  249.06  53  77
 SUMPOP FLOST,SUM,EXMAX,M,N  0.0000E+00  0.6174E+02  249.06  53  77
 CUTOFF   NSTEP,TOTAL,TRIM,TRIMJ,TRIME,TRIMLEV   4  0.6174E+02  0.5511E-05  0.0000E+00  0.0000E+00  0.5511E-05
          ICUT,AMX,ALEVEL,IAGAIN  42  0.3163E+00  0.3016E-06  20    CUT,PRCNT  0.100E-06  0.100E+01  M1,N1=  53  71
 CUTOFF OLD,NEW M1  53  57
 DIMENSIONS  57  71   249.1  53  76   239.4  53  76   239.6  53  76   239.0
 DENSTY: JSHAP= 49    JBAR= 82        65.5     6.6
 EVA M1,N1=    57    71
 NOP,NOA,NOF,NOG,KE2MX= 0 0 0 016  NOLEP,NOLJI,NOLJF,JFJI= 1 1 1 1

 EVA  M1*N1  4047    ZEROS    41    CUTS   231    CUTPOP  0.1508E-06    SUM CUTS  0.1295E-04
 LOSS BELOW YRAST LINE  0.0000E+00
 EVA-,STEP  4
 SEQOUT NROW,NSTEP   1   4         PARENT 170Hf      ELAB   309.0    EXCIT   272.7

 SUMP,SUMLOW    0.6572E+01    0.0000E+00
 WROTE POPP ON UNIT  10               169Lu  
 SUMA,SUMLOW    0.3362E+01    0.0000E+00
 WROTE POPA ON UNIT  12               166Yb  
 TOTAL    0.6174E+02
 FLOST(SUMPOP),TRIM(CUTOFF),RLOST(POPUL),RP 
   0.0000E+00   0.1846E-04   0.6596E-05   0.1363E+00   0.7314E-01   0.5334E-01   0.0000E+00

 J SPECTRUM OF PARENT 170Hf  
    AVERAGE=  44.066    SUM=   0.617E+02
    0.00      6     17     29     41     53     64     76     86     96    105
   10.00    497    140    146    151    155    158    159    160    160    158
   20.00    156    153    148    143    137    131    124    116    109    101
   30.00     93     86     78     71     64     57     51     45     40     36
   40.00     32     29     27     25     23     21     20     20     19     20
   50.00     20     22     24     27     31     38     47     60     79    104
   60.00    140    187    248    329    427    539    661    787    915    649

 J SPECTRUM OF FISS   170Hf  
    AVERAGE=  48.944    SUM=   0.205E+02
    0.00      2      8     13     18     24     29     36     42     47     53
   10.00    256     77     81     86     90     95     99    102    105    108
   20.00    111    113    114    115    116    115    114    112    110    108
   30.00    104    100     95     91     85     80     74     69     63     59
   40.00     55     52     49     46     44     42     41     40     40     41
   50.00     43     46     50     57     66     78     96    120    152    194
   60.00    247    312    388    475    562    638    697    737    759    479

 E SPECTRUM OF PARENT 170Hf  
    AVERAGE= 229.410    SUM=   0.617E+02
  193.06      0      0      0      0      1      1      2      2      3      4
  203.06      6      8     10     14     17     22     28     35     44     54
  213.06     66     80     96    114    135    158    183    211    240    271
  223.06    304    337    371    405    437    467    493    514    529    536
  233.06    533    520    496    461    416    362    302    240    179    124
  243.06     77     42     18      6      1      0      0

 DJN SPEC
    AVERAGE=  -0.865    SUM=   0.311E+02
   -1.00   8652   1347      0      0      0      0      0      0      0      0

 DJP SPEC
    AVERAGE=  -0.859    SUM=   0.657E+01
   -1.00   8588   1411      0      0      0      0      0      0      0      0

 DJA SPEC
    AVERAGE=  -2.660    SUM=   0.336E+01
   -9.00      0      0      0      0      0      0   8021    807    921    249

   N   M   EXMAX  AV.EX. NW  MW  EXMAXW      Q      AL   DELTA     AVJ      DJ        TOTAL  BRANCH
  71  57   249.1   229.4  73  34   192.1    0.00   20.31    0.00   44.07    0.00     0.617E+02 10000    
  76  53   239.4   213.4  80  31   183.4   -9.61   20.21   -1.19   40.83    3.24     0.311E+02  5031   N
  76  53   239.6   209.8  80  31   183.6   -5.46   20.21   -1.10   39.83    4.24     0.657E+01  1065   P
  76  53   239.0   208.4  80  62   183.0    2.92   19.92    0.00   40.97    3.09     0.336E+01   545   A
                   230.0  71  35   193.1  -26.53   23.17    0.00   48.94             0.205E+02  3318   F
                                                                                     0.000E+00     0   G

 SPECTRA N,P,A  AVE    6.18   14.21   24.20         SUMS  0.3113E+02  0.6642E+01  0.3415E+01
 SEQIN:PAIR,DELT,CST   4  11.00   1.160 AL=  20.21  20.11  20.11  19.82  23.06 DELTA= -1.19  0.00 -1.67 -1.11 -1.19
 AF/AN=   1.100   BS,BK=   1.2798   1.4818 DPBAR=  24.90 A= 169. Z=  72. Y=   0.373
 SHELL CORRECTIONS        -1.5    -1.4    -1.3    -1.3     0.0

 GRIDS  NROW,NSTEP   1   5
 SUMN,SUMLOW    0.3106E+02    0.0000E+00
 SUMPOP FLOST,SUM,EXMAX,M,N  0.0000E+00  0.3106E+02  239.35  53  76
 SUMPOP FLOST,SUM,EXMAX,M,N  0.0000E+00  0.3106E+02  239.35  53  76
 CUTOFF   NSTEP,TOTAL,TRIM,TRIMJ,TRIME,TRIMLEV   5  0.3106E+02  0.1307E-06  0.0000E+00  0.1307E-06  0.0000E+00
          ICUT,AMX,ALEVEL,IAGAIN  42  0.1506E+00  0.7184E-07  21    CUT,PRCNT  0.100E-06  0.100E+01  M1,N1=  52  70
 CUTOFF OLD,NEW M1  52  58
 DIMENSIONS  58  70   238.4  54  75   230.8  54  75   229.4  54  75   228.5
 DENSTY: JSHAP= 48    JBAR= 82        65.0     6.8
 EVA M1,N1=    58    70
 NOP,NOA,NOF,NOG,KE2MX= 0 0 0 016  NOLEP,NOLJI,NOLJF,JFJI= 1 1 1 1

 EVA  M1*N1  4060    ZEROS     1    CUTS    98    CUTPOP  0.3592E-07    SUM CUTS  0.1489E-05
 LOSS BELOW YRAST LINE  0.0000E+00
 EVA-,STEP  5
 SEQOUT NROW,NSTEP   1   5         PARENT 169Hf      ELAB   309.0    EXCIT   272.7

 SUMP,SUMLOW    0.3796E+01    0.0000E+00
 WROTE POPP ON UNIT  10               168Lu  
 SUMA,SUMLOW    0.1844E+01    0.0000E+00
 WROTE POPA ON UNIT  12               165Yb  
 TOTAL    0.3106E+02
 FLOST(SUMPOP),TRIM(CUTOFF),RLOST(POPUL),RP 
   0.0000E+00   0.1620E-05   0.6097E-05   0.2370E+00   0.1406E+00   0.8695E-01   0.0000E+00

 J SPECTRUM OF PARENT 169Hf  
    AVERAGE=  40.830    SUM=   0.311E+02
    0.00      7     22     37     52     67     80     97    109    121    131
   10.00    790    178    183    187    189    190    189    186    183    178
   20.00    172    164    156    147    138    127    117    107     97     87
   30.00     78     69     60     52     45     38     33     28     24     20
   40.00     18     16     14     12     11     10      9      9      9      9
   50.00     10     10     12     14     17     23     30     42     60     86
   60.00    124    179    256    361    492    645    815    997    738      0

 J SPECTRUM OF FISS   169Hf  
    AVERAGE=  49.303    SUM=   0.873E+01
    0.00      3      9     15     21     27     33     41     47     53     59
   10.00    366     88     92     96    100    104    106    109    111    112
   20.00    113    113    112    111    109    106    103     99     95     90
   30.00     84     79     73     66     60     54     49     43     39     35
   40.00     32     29     27     24     23     21     20     20     20     21
   50.00     22     24     28     33     40     51     67     91    125    172
   60.00    237    323    433    567    707    843    963   1064    712      0

 E SPECTRUM OF PARENT 169Hf  
    AVERAGE= 213.390    SUM=   0.311E+02
  181.35      0      0      0      0      0      0     13     16     20     25
  191.35     30     37     45     54     65     77     90    106    123    142
  201.35    162    185    208    233    259    286    313    339    365    389
  211.35    411    430    446    457    463    463    457    445    426    401
  221.35    369    333    293    251    209    167    128     94     65     42
  231.35     24     13      6      2      0      0      0      0

 DJN SPEC
    AVERAGE=  -0.815    SUM=   0.162E+02
   -1.00   8152   1847      0      0      0      0      0      0      0      0

 DJP SPEC
    AVERAGE=  -0.808    SUM=   0.380E+01
   -1.00   8078   1921      0      0      0      0      0      0      0      0

 DJA SPEC
    AVERAGE=  -2.547    SUM=   0.184E+01
   -9.00      0      0      0      0      0      0   7398    983   1310    307

   N   M   EXMAX  AV.EX. NW  MW  EXMAXW      Q      AL   DELTA     AVJ      DJ        TOTAL  BRANCH
  70  58   238.4   213.4  72  34   180.4    0.00   20.21   -1.19   40.83    0.00     0.311E+02 10000    
  75  54   230.8   199.9  80  31   173.8   -7.43   20.11    0.00   36.81    4.02     0.162E+02  5222   N
  75  54   229.4   195.0  80  31   172.4   -4.94   20.11   -1.67   35.88    4.95     0.380E+01  1222   P
  75  54   228.5   193.4  80  62   171.5    3.15   19.82   -1.11   37.36    3.47     0.184E+01   594   A
                   214.4  70  35   181.4  -26.01   23.06   -1.19   49.30             0.873E+01  2812   F
                                                                                     0.000E+00     0   G

 SPECTRA N,P,A  AVE    6.01   14.04   23.99         SUMS  0.1642E+02  0.3935E+01  0.1931E+01
1    ROW  1      ELEMENT Hf      X-SECTION   0.000E+00
(14)N+(159)Tb -> (173)Hf                                                
 ELAB(MEV)  309.000     Q-VALUE  -11.257    EXCIT  272.737
 SIGFUS,SIGEVA,SIGFIS,SIGMXZ  0.9476E+03  0.0000E+00  0.7812E+03  0.0000E+00
 ZT= 65    AT 159    ZP  7    AP  14


             173Hf     172Hf     171Hf     170Hf     169Hf  
 SIG        0.000E+00 0.000E+00 0.000E+00 0.000E+00 0.000E+00
 B-G               0         0         0         0         0
  R-N           3403      4097      4673      5031      5222
 BR-P            542       714       898      1065      1222
 BR-A            304       391       477       545       594
 BR-F           5751      4799      3950      3318      2812
 SIGF       0.545E+03 0.155E+03 0.522E+02 0.205E+02 0.873E+01
 TOTAL      0.948E+03 0.322E+03 0.132E+03 0.617E+02 0.311E+02
 EXCP          272.7     259.0     243.3     229.4     213.4
 SPINP          47.9      47.7      46.3      44.1      40.8
 EXCF          272.7     259.1     243.6     230.0     214.4
 SPINF          47.4      48.1      48.5      48.9      49.3
 DJN           -0.96     -0.94     -0.91     -0.87     -0.82
 DJP           -0.96     -0.93     -0.90     -0.86     -0.81
 DJA           -2.89     -2.83     -2.75     -2.66     -2.55
 AV.E N         6.67      6.51      6.35      6.18      6.01
 AV.E P        14.68     14.53     14.37     14.21     14.04
 AV.E A        24.79     24.60     24.40     24.20     23.99
 SUM GAM         0.0       0.0       0.0       0.0       0.0
 SPIN GAM        0.0       0.0       0.0       0.0       0.0

 TRIM       0.149E-03 0.950E-05 0.175E-04 0.185E-04 0.162E-05
 FLOST      0.000E+00 0.000E+00 0.000E+00 0.000E+00 0.000E+00
 RP         0.000E+00 0.000E+00 0.000E+00 0.000E+00 0.000E+00
 RLOSTG     0.000E+00 0.000E+00 0.000E+00 0.660E-05 0.610E-05
 RLOSTN     0.000E+00 0.142E-05 0.156E-01 0.136E+00 0.237E+00
 RLOSTP     0.000E+00 0.776E-06 0.899E-02 0.731E-01 0.141E+00
 RLOSTA     0.000E+00 0.632E-03 0.106E-01 0.533E-01 0.870E-01
 TIME              0         0         0         0         0

 STORAGE
  1.  1.  1.  1.  1.
  0.  0.  2.  2.  2.
  172.   71.   0.0010    21     1    25    25    35    12    12    20
 DEL     1.0     0.1     4.0    13.0     0.0
 TRANSM  APAR,ZPAR,SIGLOW,UNIT,DEL 172.0  71.0  0.10E-02  21     0.1     4.0    12.0
 SEQIN:PAIR,DELT,CST   4  11.00   1.160 AL=  20.51  20.41  20.41  20.11  23.42 DELTA= -1.60 -1.02 -0.79 -1.48 -1.60
 AF/AN=   1.100   BS,BK=   1.2819   1.4919 DPBAR=  28.38 A= 172. Z=  71. Y=   0.384
 SHELL CORRECTIONS        -2.2    -2.1    -2.5    -2.1     0.0
1 NEW ROW

 GRIDS  NROW,NSTEP   2   1
 SUMN,SUMLOW    0.0000E+00    0.0000E+00
 GOT POPP FROM UNIT  10      SUMP  0.5137E+02   M,N,EXMAX  51  79   262.8     172Lu      CN= 173Hf  
 SUMPOP FLOST,SUM,EXMAX,M,N  0.0000E+00  0.5137E+02  262.77  51  79
 SUMPOP FLOST,SUM,EXMAX,M,N  0.0000E+00  0.5137E+02  262.77  51  79
 CUTOFF   NSTEP,TOTAL,TRIM,TRIMJ,TRIME,TRIMLEV   1  0.5137E+02  0.0000E+00  0.0000E+00  0.0000E+00  0.0000E+00
          ICUT,AMX,ALEVEL,IAGAIN  42  0.2587E+00  0.1233E-06  21    CUT,PRCNT  0.100E-06  0.100E+01  M1,N1=  51  73
 CUTOFF OLD,NEW M1  51  56
 DIMENSIONS  56  73   262.8  52  78   255.7  52  78   254.1  52  78   252.9
 DENSTY: JSHAP= 49    JBAR= 84        66.5     7.0
 EVA M1,N1=    56    73
 NOP,NOA,NOF,NOG,KE2MX= 0 0 0 016  NOLEP,NOLJI,NOLJF,JFJI= 1 1 1 1

 EVA  M1*N1  4088    ZEROS  1261    CUTS   520    CUTPOP  0.6167E-07    SUM CUTS  0.1140E-05
 LOSS BELOW YRAST LINE  0.0000E+00
 EVA-,STEP  1
 SEQOUT NROW,NSTEP   2   1         PARENT 172Lu      ELAB   309.0    EXCIT   272.7

 SUMP,SUMLOW    0.3548E+01    0.0000E+00
 WROTE POPP ON UNIT  11               171Yb  
 SUMA,SUMLOW    0.2104E+01    0.0000E+00
 WROTE POPA ON UNIT  13               168Tm  
 TOTAL    0.5137E+02
 FLOST(SUMPOP),TRIM(CUTOFF),RLOST(POPUL),RP 
   0.0000E+00   0.1140E-05   0.0000E+00   0.9559E-06   0.3498E-06   0.3805E-03   0.0000E+00

 J SPECTRUM OF PARENT 172Lu  
    AVERAGE=  46.904    SUM=   0.514E+02
    0.00      3      9     16     22     29     35     42     48     54     60
   10.00    137     76     81     86     91     96    100    104    108    111
   20.00    114    117    119    121    123    124    124    124    124    124
   30.00    123    122    120    119    117    114    112    109    106    104
   40.00    101     99     98     96     95     94     93     93     94     95
   50.00     96     99    103    108    114    122    132    144    159    177
   60.00    198    222    249    278    310    343    376    407    436    462
   70.00    487    316      0

 J SPECTRUM OF FISS   172Lu  
    AVERAGE=  48.816    SUM=   0.167E+02
    0.00      1      3      6      8     11     13     16     19     22     25
   10.00     58     34     37     41     44     48     51     55     59     63
   20.00     67     71     76     80     85     90     94     99    104    109
   30.00    113    118    122    126    130    134    137    140    143    145
   40.00    147    150    152    155    157    159    162    165    168    172
   50.00    177    183    190    198    208    219    232    246    262    278
   60.00    294    308    318    325    327    321    310    294    274    254
   70.00    234    132      0

 E SPECTRUM OF PARENT 172Lu  
    AVERAGE= 252.085    SUM=   0.514E+02
  237.77      0     53     67     86    110    139    175    220    273    337
  247.77    413    501    599    705    815    914    989   1009    942    767
  257.77    515    257     86     18      1      0

 DJN SPEC
    AVERAGE=  -0.941    SUM=   0.290E+02
   -1.00   9405    594      0      0      0      0      0      0      0      0

 DJP SPEC
    AVERAGE=  -0.937    SUM=   0.355E+01
   -1.00   9366    633      0      0      0      0      0      0      0      0

 DJA SPEC
    AVERAGE=  -2.836    SUM=   0.210E+01
   -9.00      0      0      0      0      0      0   9010    476    371    140

   N   M   EXMAX  AV.EX. NW  MW  EXMAXW      Q      AL   DELTA     AVJ      DJ        TOTAL  BRANCH
  73  56   262.8   252.1  75  33   206.8    0.00   20.51   -1.60   46.90    0.00     0.514E+02 10000    
  78  52   255.7   238.5  80  31   200.7   -6.98   20.41   -1.02   45.08    1.82     0.290E+02  5641   N
  78  52   254.1   233.0  80  31   199.1   -4.72   20.41   -0.79   44.03    2.87     0.355E+01   691   P
  78  52   252.9   229.9  80  62   197.9    2.15   20.11   -1.48   44.29    2.62     0.210E+01   409   A
                   252.3  73  34   207.8  -30.07   23.42   -1.60   48.82             0.167E+02  3259   F
                                                                                     0.000E+00     0   G

 SPECTRA N,P,A  AVE    6.46   14.35   24.27         SUMS  0.2893E+02  0.3546E+01  0.2104E+01
 SEQIN:PAIR,DELT,CST   4  11.00   1.160 AL=  20.41  20.31  20.31  20.01  23.31 DELTA= -1.02 -1.61  0.00 -0.98 -1.02
 AF/AN=   1.100   BS,BK=   1.2818   1.4913 DPBAR=  28.03 A= 171. Z=  71. Y=   0.383
 SHELL CORRECTIONS        -2.1    -1.7    -2.3    -2.0     0.0

 GRIDS  NROW,NSTEP   2   2
 SUMN,SUMLOW    0.2898E+02    0.0000E+00
 GOT POPP FROM UNIT  10      SUMP  0.2301E+02   M,N,EXMAX  52  78   255.7     171Lu      CN= 173Hf  
 SUMPOP FLOST,SUM,EXMAX,M,N -0.2132E-13  0.5199E+02  255.69  52  78  0.2301E+02  255.69  52  78  0.2898E+02  255.69  52  78  0  0
 SUMPOP FLOST,SUM,EXMAX,M,N  0.0000E+00  0.5199E+02  255.69  52  78
 CUTOFF   NSTEP,TOTAL,TRIM,TRIMJ,TRIME,TRIMLEV   2  0.5199E+02  0.3453E-05  0.0000E+00  0.3453E-05  0.0000E+00
          ICUT,AMX,ALEVEL,IAGAIN  42  0.2348E+00  0.1120E-06  21    CUT,PRCNT  0.100E-06  0.100E+01  M1,N1=  51  72
 CUTOFF OLD,NEW M1  51  56
 DIMENSIONS  56  72   254.7  53  77   246.0  53  77   246.3  53  77   245.0
 DENSTY: JSHAP= 49    JBAR= 84        66.5     7.0
 EVA M1,N1=    56    72
 NOP,NOA,NOF,NOG,KE2MX= 0 0 0 016  NOLEP,NOLJI,NOLJF,JFJI= 1 1 1 1

 EVA  M1*N1  4032    ZEROS    27    CUTS   476    CUTPOP  0.5598E-07    SUM CUTS  0.5255E-05
 LOSS BELOW YRAST LINE  0.0000E+00
 EVA-,STEP  2
 SEQOUT NROW,NSTEP   2   2         PARENT 171Lu      ELAB   309.0    EXCIT   272.7

 SUMP,SUMLOW    0.4176E+01    0.0000E+00
 WROTE POPP ON UNIT  11               170Yb  
 SUMA,SUMLOW    0.2405E+01    0.0000E+00
 WROTE POPA ON UNIT  13               167Tm  
 TOTAL    0.5199E+02
 FLOST(SUMPOP),TRIM(CUTOFF),RLOST(POPUL),RP 
  -0.2132E-13   0.8708E-05   0.1638E-08   0.1473E-01   0.5696E-02   0.9014E-02   0.0000E+00

 J SPECTRUM OF PARENT 171Lu  
    AVERAGE=  45.237    SUM=   0.520E+02
    0.00      4     13     22     31     40     48     57     65     73     81
   10.00    282    106    112    118    123    127    131    135    137    139
   20.00    140    141    141    140    139    137    134    131    127    123
   30.00    119    114    109    104     98     93     87     82     77     72
   40.00     68     64     61     58     56     54     52     51     51     51
   50.00     52     54     57     62     68     76     87    101    120    143
   60.00    173    208    250    300    358    418    481    542    600    656
   70.00    439      0

 J SPECTRUM OF FISS   171Lu  
    AVERAGE=  50.130    SUM=   0.141E+02
    0.00      1      4      7     10     14     17     20     24     27     31
   10.00    110     44     48     51     55     59     62     66     70     74
   20.00     77     81     85     88     92     95     98    101    104    106
   30.00    108    109    110    111    111    110    110    108    107    105
   40.00    104    103    102    101    100     99     99    100    101    103
   50.00    107    112    119    128    140    155    174    198    227    260
   60.00    297    337    377    416    450    472    483    483    473    459
   70.00    271      0

 E SPECTRUM OF PARENT 171Lu  
    AVERAGE= 238.504    SUM=   0.520E+02
  209.69      0      0      1      1      2      3      4      7      9     13
  219.69     18     24     33     43     56     73     92    116    143    175
  229.69    211    250    291    335    383    432    483    532    578    618
  239.69    648    665    664    643    598    532    445    345    242    149
  249.69     77     32      9      2      0      0

 DJN SPEC
    AVERAGE=  -0.911    SUM=   0.313E+02
   -1.00   9109    890      0      0      0      0      0      0      0      0

 DJP SPEC
    AVERAGE=  -0.905    SUM=   0.418E+01
   -1.00   9054    945      0      0      0      0      0      0      0      0

 DJA SPEC
    AVERAGE=  -2.764    SUM=   0.241E+01
   -9.00      0      0      0      0      0      0   8598    629    587    184

   N   M   EXMAX  AV.EX. NW  MW  EXMAXW      Q      AL   DELTA     AVJ      DJ        TOTAL  BRANCH
  72  56   254.7   238.5  74  33   198.7    0.00   20.41   -1.02   45.24    0.00     0.520E+02 10000    
  77  53   246.0   223.4  80  31   191.0   -8.59   20.31   -1.61   42.55    2.68     0.313E+02  6023   N
  77  53   246.3   219.9  80  31   191.3   -4.35   20.31    0.00   41.40    3.83     0.418E+01   803   P
  77  53   245.0   216.7  80  62   190.0    2.29   20.01   -0.98   42.11    3.13     0.241E+01   463   A
                   239.0  72  34   199.7  -29.63   23.31   -1.02   50.13             0.141E+02  2705   F
                                                                                     0.000E+00     0   G

 SPECTRA N,P,A  AVE    6.30   14.20   24.08         SUMS  0.3127E+02  0.4180E+01  0.2414E+01
 SEQIN:PAIR,DELT,CST   4  11.00   1.160 AL=  20.31  20.21  20.21  19.92  23.20 DELTA= -1.61 -1.10 -0.89 -1.88 -1.61
 AF/AN=   1.100   BS,BK=   1.2817   1.4907 DPBAR=  27.67 A= 170. Z=  71. Y=   0.382
 SHELL CORRECTIONS        -1.7    -1.8    -2.1    -1.7     0.0

 GRIDS  NROW,NSTEP   2   3
 SUMN,SUMLOW    0.3131E+02    0.0000E+00
 GOT POPP FROM UNIT  10      SUMP  0.1186E+02   M,N,EXMAX  53  77   247.0     170Lu      CN= 173Hf  
 SUMPOP FLOST,SUM,EXMAX,M,N -0.5684E-13  0.4317E+02  247.00  54  75  0.1186E+02  247.00  53  77  0.3131E+02  246.00  53  77  0 -1
 SUMPOP FLOST,SUM,EXMAX,M,N  0.0000E+00  0.4317E+02  247.00  54  75
 CUTOFF   NSTEP,TOTAL,TRIM,TRIMJ,TRIME,TRIMLEV   3  0.4317E+02  0.4379E-05  0.0000E+00  0.8404E-06  0.3539E-05
          ICUT,AMX,ALEVEL,IAGAIN  47  0.1856E+00  0.1770E-06  20    CUT,PRCNT  0.100E-06  0.100E+01  M1,N1=  52  71
 CUTOFF OLD,NEW M1  52  57
 DIMENSIONS  57  71   245.0  53  76   237.6  53  76   236.8  53  76   235.2
 DENSTY: JSHAP= 49    JBAR= 83        66.0     6.8
 EVA M1,N1=    57    71
 NOP,NOA,NOF,NOG,KE2MX= 0 0 0 016  NOLEP,NOLJI,NOLJF,JFJI= 1 1 1 1

 EVA  M1*N1  4047    ZEROS    44    CUTS   189    CUTPOP  0.8849E-07    SUM CUTS  0.8039E-05
 LOSS BELOW YRAST LINE  0.0000E+00
 EVA-,STEP  3
 SEQOUT NROW,NSTEP   2   3         PARENT 170Lu      ELAB   309.0    EXCIT   272.7

 SUMP,SUMLOW    0.3965E+01    0.0000E+00
 WROTE POPP ON UNIT  11               169Yb  
 SUMA,SUMLOW    0.2200E+01    0.0000E+00
 WROTE POPA ON UNIT  13               166Tm  
 TOTAL    0.4317E+02
 FLOST(SUMPOP),TRIM(CUTOFF),RLOST(POPUL),RP 
  -0.5684E-13   0.1242E-04   0.3622E-05   0.1546E+00   0.5642E-01   0.5423E-01   0.0000E+00

 J SPECTRUM OF PARENT 170Lu  
    AVERAGE=  42.690    SUM=   0.432E+02
    0.00      5     17     28     40     51     62     74     84     94    103
   10.00    489    139    145    151    156    159    162    164    164    164
   20.00    163    161    158    154    149    144    138    131    124    117
   30.00    110    102     95     87     80     73     66     60     54     49
   40.00     45     41     38     35     33     31     30     29     28     28
   50.00     29     31     33     37     42     50     60     74     94    120
   60.00    154    198    253    322    403    491    584    677    771    535

 J SPECTRUM OF FISS   170Lu  
    AVERAGE=  50.738    SUM=   0.951E+01
    0.00      1      5      9     12     16     20     24     28     32     36
   10.00    176     54     57     61     65     68     72     75     78     82
   20.00     85     88     90     93     95     96     98     98     99     99
   30.00     99     98     96     94     92     89     86     82     79     76
   40.00     74     71     69     66     65     63     62     62     63     65
   50.00     68     72     79     87     99    115    137    166    202    247
   60.00    300    361    429    502    568    621    658    679    687    425

 E SPECTRUM OF PARENT 170Lu  
    AVERAGE= 223.393    SUM=   0.432E+02
  189.00      0      0      0      0      0      1      2      3      5      7
  199.00      9     12     15     20     25     32     40     50     62     76
  209.00     93    111    133    157    183    212    244    277    311    346
  219.00    382    416    448    477    502    521    533    537    531    515
  229.00    488    451    405    351    293    233    175    123     80     47
  239.00     24     10      4      1      0      0      0

 DJN SPEC
    AVERAGE=  -0.875    SUM=   0.272E+02
   -1.00   8754   1245      0      0      0      0      0      0      0      0

 DJP SPEC
    AVERAGE=  -0.868    SUM=   0.396E+01
   -1.00   8683   1316      0      0      0      0      0      0      0      0

 DJA SPEC
    AVERAGE=  -2.681    SUM=   0.220E+01
   -9.00      0      0      0      0      0      0   8129    782    859    228

   N   M   EXMAX  AV.EX. NW  MW  EXMAXW      Q      AL   DELTA     AVJ      DJ        TOTAL  BRANCH
  71  57   245.0   223.4  73  34   188.0    0.00   20.31   -1.61   42.69    0.00     0.432E+02 10000    
  76  53   237.6   209.8  80  31   181.6   -7.29   20.21   -1.10   39.62    3.07     0.272E+02  6308   N
  76  53   236.8   205.4  80  31   180.8   -4.22   20.21   -0.89   38.43    4.26     0.396E+01   918   P
  76  53   235.2   202.2  80  62   179.2    2.16   19.92   -1.88   39.49    3.20     0.220E+01   510   A
                   224.2  71  35   189.0  -28.92   23.20   -1.61   50.74             0.951E+01  2203   F
                                                                                     0.000E+00     0   G

 SPECTRA N,P,A  AVE    6.14   14.04   23.88         SUMS  0.2733E+02  0.4019E+01  0.2254E+01
 SEQIN:PAIR,DELT,CST   4  11.00   1.160 AL=  20.21  20.11  20.11  19.82  23.09 DELTA= -1.10 -1.67  0.00 -1.11 -1.10
 AF/AN=   1.100   BS,BK=   1.2815   1.4899 DPBAR=  27.30 A= 169. Z=  71. Y=   0.381
 SHELL CORRECTIONS        -1.8    -1.3    -1.9    -1.5     0.0

 GRIDS  NROW,NSTEP   2   4
 SUMN,SUMLOW    0.2723E+02    0.0000E+00
 GOT POPP FROM UNIT  10      SUMP  0.6572E+01   M,N,EXMAX  53  76   239.6     169Lu      CN= 173Hf  
 SUMPOP FLOST,SUM,EXMAX,M,N  0.4263E-13  0.3380E+02  239.61  55  74  0.6572E+01  239.61  53  76  0.2723E+02  237.61  53  76  0 -2
 SUMPOP FLOST,SUM,EXMAX,M,N  0.0000E+00  0.3380E+02  239.61  55  74
 CUTOFF   NSTEP,TOTAL,TRIM,TRIMJ,TRIME,TRIMLEV   4  0.3380E+02  0.4681E-05  0.0000E+00  0.1979E-05  0.2703E-05
          ICUT,AMX,ALEVEL,IAGAIN  48  0.1369E+00  0.1306E-06  20    CUT,PRCNT  0.100E-06  0.100E+01  M1,N1=  51  70
 CUTOFF OLD,NEW M1  51  58
 DIMENSIONS  58  70   235.6  54  75   226.4  54  75   227.8  54  75   226.0
 DENSTY: JSHAP= 49    JBAR= 83        66.0     6.8
 EVA M1,N1=    58    70
 NOP,NOA,NOF,NOG,KE2MX= 0 0 0 016  NOLEP,NOLJI,NOLJF,JFJI= 1 1 1 1

 EVA  M1*N1  4060    ZEROS    44    CUTS    81    CUTPOP  0.6528E-07    SUM CUTS  0.2212E-05
 LOSS BELOW YRAST LINE  0.0000E+00
 EVA-,STEP  4
 SEQOUT NROW,NSTEP   2   4         PARENT 169Lu      ELAB   309.0    EXCIT   272.7

 SUMP,SUMLOW    0.3416E+01    0.0000E+00
 WROTE POPP ON UNIT  11               168Yb  
 SUMA,SUMLOW    0.1808E+01    0.0000E+00
 WROTE POPA ON UNIT  13               165Tm  
 TOTAL    0.3380E+02
 FLOST(SUMPOP),TRIM(CUTOFF),RLOST(POPUL),RP 
   0.4263E-13   0.6894E-05   0.1391E-06   0.2960E+00   0.1219E+00   0.1012E+00   0.0000E+00

 J SPECTRUM OF PARENT 169Lu  
    AVERAGE=  39.659    SUM=   0.338E+02
    0.00      7     21     35     49     62     75     91    103    114    125
   10.00    758    173    179    184    187    189    190    189    188    184
   20.00    180    175    169    162    154    145    136    127    117    108
   30.00     98     89     80     72     64     56     49     43     38     34
   40.00     30     27     24     22     20     18     17     17     16     16
   50.00     17     18     21     24     28     35     45     59     79    107
   60.00    146    198    267    355    460    576    700    829    596      0

 J SPECTRUM OF FISS   169Lu  
    AVERAGE=  52.208    SUM=   0.652E+01
    0.00      1      5      9     12     16     20     25     29     32     36
   10.00    229     56     59     62     65     68     71     74     76     78
   20.00     80     82     83     84     85     85     84     84     83     81
   30.00     79     77     74     71     67     63     59     56     52     50
   40.00     47     45     42     40     39     37     37     37     37     39
   50.00     41     45     51     59     71     87    110    142    185    242
   60.00    314    403    511    630    746    849    932    996    647      0

 E SPECTRUM OF PARENT 169Lu  
    AVERAGE= 209.840    SUM=   0.338E+02
  178.61      0      0      0      0      0      0      0     14     17     28
  188.61     34     42     50     61     73     86    102    119    138    160
  198.61    182    207    233    260    288    316    344    370    395    418
  208.61    438    453    464    469    469    462    448    428    401    369
  218.61    332    292    250    208    167    129     95     67     44     27
  228.61     15      8      3      1      0      0      0      0

 DJN SPEC
    AVERAGE=  -0.831    SUM=   0.215E+02
   -1.00   8311   1688      0      0      0      0      0      0      0      0

 DJP SPEC
    AVERAGE=  -0.823    SUM=   0.342E+01
   -1.00   8230   1769      0      0      0      0      0      0      0      0

 DJA SPEC
    AVERAGE=  -2.581    SUM=   0.181E+01
   -9.00      0      0      0      0      0      0   7567    948   1208    276

   N   M   EXMAX  AV.EX. NW  MW  EXMAXW      Q      AL   DELTA     AVJ      DJ        TOTAL  BRANCH
  70  58   235.6   209.8  72  34   177.6    0.00   20.21   -1.10   39.66    0.00     0.338E+02 10000    
  75  54   226.4   194.8  80  31   169.4   -9.09   20.11   -1.67   35.94    3.72     0.215E+02  6371   N
  75  54   227.8   192.9  80  31   170.8   -3.79   20.11    0.00   34.83    4.83     0.342E+01  1011   P
  75  54   226.0   189.6  80  62   169.0    2.42   19.82   -1.11   36.15    3.50     0.181E+01   535   A
                   211.0  70  35   178.6  -28.58   23.09   -1.10   52.21             0.652E+01  1930   F
                                                                                     0.000E+00     0   G

 SPECTRA N,P,A  AVE    5.97   13.88   23.69         SUMS  0.2179E+02  0.3537E+01  0.1909E+01
 SEQIN:PAIR,DELT,CST   4  11.00   1.160 AL=  20.11  20.01  20.01  19.72  22.98 DELTA= -1.67 -1.24 -1.09 -2.12 -1.67
 AF/AN=   1.100   BS,BK=   1.2814   1.4891 DPBAR=  26.91 A= 168. Z=  71. Y=   0.381
 SHELL CORRECTIONS        -1.3    -1.4    -1.6    -1.3     0.0

 GRIDS  NROW,NSTEP   2   5
 SUMN,SUMLOW    0.2154E+02    0.0000E+00
 GOT POPP FROM UNIT  10      SUMP  0.3796E+01   M,N,EXMAX  54  75   229.4     168Lu      CN= 173Hf  
 SUMPOP FLOST,SUM,EXMAX,M,N  0.9234E-01  0.2524E+02  229.42  56  73  0.3796E+01  229.42  54  75  0.2154E+02  226.42  54  75  0 -3
 SUMPOP FLOST,SUM,EXMAX,M,N  0.0000E+00  0.2524E+02  229.42  56  73
 CUTOFF   NSTEP,TOTAL,TRIM,TRIMJ,TRIME,TRIMLEV   5  0.2524E+02  0.1616E-05  0.0000E+00  0.1616E-05  0.0000E+00
          ICUT,AMX,ALEVEL,IAGAIN  48  0.1200E+00  0.5722E-07  21    CUT,PRCNT  0.100E-06  0.100E+01  M1,N1=  51  69
 CUTOFF OLD,NEW M1  51  59
 DIMENSIONS  59  69   224.4  55  74   216.7  55  74   216.7  55  74   214.8
 DENSTY: JSHAP= 48    JBAR= 82        65.0     6.8
 EVA M1,N1=    59    69
 NOP,NOA,NOF,NOG,KE2MX= 0 0 0 016  NOLEP,NOLJI,NOLJF,JFJI= 1 1 1 1

 EVA  M1*N1  4071    ZEROS     0    CUTS   125    CUTPOP  0.2861E-07    SUM CUTS  0.7483E-06
 LOSS BELOW YRAST LINE  0.0000E+00
 EVA-,STEP  5
 SEQOUT NROW,NSTEP   2   5         PARENT 168Lu      ELAB   309.0    EXCIT   272.7

 SUMP,SUMLOW    0.2877E+01    0.0000E+00
 WROTE POPP ON UNIT  11               167Yb  
 SUMA,SUMLOW    0.1445E+01    0.0000E+00
 WROTE POPA ON UNIT  13               164Tm  
 TOTAL    0.2524E+02
 FLOST(SUMPOP),TRIM(CUTOFF),RLOST(POPUL),RP 
   0.9234E-01   0.2364E-05   0.2392E-06   0.3747E+00   0.1804E+00   0.1379E+00   0.0000E+00

 J SPECTRUM OF PARENT 168Lu  
    AVERAGE=  35.945    SUM=   0.252E+02
    0.00      8     25     42     59     75     90    109    124    137    149
   10.00   1105    210    215    218    219    219    217    214    209    202
   20.00    195    186    177    166    155    143    132    120    109     98
   30.00     87     77     67     59     50     43     37     31     27     23
   40.00     20     18     16     14     12     11     11     10     10     10
   50.00     11     12     14     16     21     27     36     51     71    101
   60.00    145    206    288    394    520    663    818    610      0

 J SPECTRUM OF FISS   168Lu  
    AVERAGE=  51.635    SUM=   0.372E+01
    0.00      2      6     10     14     18     23     28     33     37     41
   10.00    318     65     68     71     74     76     78     80     82     83
   20.00     84     85     85     85     84     83     82     80     77     75
   30.00     71     68     64     59     55     51     47     43     40     37
   40.00     35     32     30     28     27     26     25     25     26     27
   50.00     30     33     39     47     58     75    100    136    185    252
   60.00    342    458    602    760    919   1068   1201    817      1

 E SPECTRUM OF PARENT 168Lu  
    AVERAGE= 194.885    SUM=   0.252E+02
  166.42      0      0      0      0      0      0      0      0     45     55
  176.42     78     92    106    123    140    159    180    201    224    247
  186.42    271    295    319    341    363    382    399    413    424    431
  196.42    433    431    423    411    395    373    348    319    288    255
  206.42    221    188    155    125     98     74     54     38     25     16
  216.42      9      5      2      1      0      0      0      0      0

 DJN SPEC
    AVERAGE=  -0.784    SUM=   0.165E+02
   -1.00   7835   2164      0      0      0      0      0      0      0      0

 DJP SPEC
    AVERAGE=  -0.775    SUM=   0.288E+01
   -1.00   7745   2254      0      0      0      0      0      0      0      0

 DJA SPEC
    AVERAGE=  -2.475    SUM=   0.145E+01
   -9.00      0      0      0      0      0      0   6987   1091   1599    320

   N   M   EXMAX  AV.EX. NW  MW  EXMAXW      Q      AL   DELTA     AVJ      DJ        TOTAL  BRANCH
  69  59   224.4   194.9  71  35   165.4    0.00   20.11   -1.67   35.95    0.00     0.252E+02 10000    
  74  55   216.7   181.6  80  31   158.7   -7.64   20.01   -1.24   32.60    3.35     0.165E+02  6538   N
  74  55   216.7   178.6  80  31   158.7   -3.77   20.01   -1.09   31.56    4.39     0.288E+01  1140   P
  74  55   214.8   175.5  80  62   156.8    2.41   19.72   -2.12   33.03    2.92     0.145E+01   573   A
                   196.4  69  36   166.4  -27.71   22.98   -1.67   51.63             0.372E+01  1475   F
                                                                                     0.000E+00     0   G

 SPECTRA N,P,A  AVE    5.80   13.70   23.48         SUMS  0.1684E+02  0.3057E+01  0.1583E+01
1    ROW  2      ELEMENT Lu      X-SECTION   0.000E+00
(14)N+(159)Tb -> (173)Hf                                                
 ELAB(MEV)  309.000     Q-VALUE  -11.257    EXCIT  272.737
 SIGFUS,SIGEVA,SIGFIS,SIGMXZ  0.9476E+03  0.0000E+00  0.8317E+03  0.0000E+00
 ZT= 65    AT 159    ZP  7    AP  14


             172Lu     171Lu     170Lu     169Lu     168Lu  
 SIG        0.000E+00 0.000E+00 0.000E+00 0.000E+00 0.000E+00
 B-G               0         0         0         0         0
  R-N           5641      6023      6308      6371      6538
 BR-P            691       803       918      1011      1140
 BR-A            409       463       510       535       573
 BR-F           3259      2705      2203      1930      1475
 SIGF       0.167E+02 0.141E+02 0.951E+01 0.652E+01 0.372E+01
 TOTAL      0.514E+02 0.520E+02 0.432E+02 0.338E+02 0.252E+02
 EXCP          252.1     238.5     223.4     209.8     194.9
 SPINP          46.9      45.2      42.7      39.7      35.9
 EXCF          252.3     239.0     224.2     211.0     196.4
 SPINF          48.8      50.1      50.7      52.2      51.6
 DJN           -0.94     -0.91     -0.88     -0.83     -0.78
 DJP           -0.94     -0.91     -0.87     -0.82     -0.77
 DJA           -2.84     -2.76     -2.68     -2.58     -2.47
 AV.E N         6.46      6.30      6.14      5.97      5.80
 AV.E P        14.35     14.20     14.04     13.88     13.70
 AV.E A        24.27     24.08     23.88     23.69     23.48
 SUM GAM         0.0       0.0       0.0       0.0       0.0
 SPIN GAM        0.0       0.0       0.0       0.0       0.0

 TRIM       0.114E-05 0.871E-05 0.124E-04 0.689E-05 0.236E-05
 FLOST      0.000E+00-0.213E-13-0.568E-13 0.426E-13 0.923E-01
 RP         0.000E+00 0.000E+00 0.000E+00 0.000E+00 0.000E+00
 RLOSTG     0.000E+00 0.164E-08 0.362E-05 0.139E-06 0.239E-06
 RLOSTN     0.956E-06 0.147E-01 0.155E+00 0.296E+00 0.375E+00
 RLOSTP     0.350E-06 0.570E-02 0.564E-01 0.122E+00 0.180E+00
 RLOSTA     0.380E-03 0.901E-02 0.542E-01 0.101E+00 0.138E+00
 TIME              0         0         0         0         0

 STORAGE
  1.  1.  3.  3.  3.
  0.  0.  2.  2.  2.
  171.   70.   0.0010    21     1    25    25    35    12    12    20
 DEL     1.0     0.1     4.0    12.0     0.0
 TRANSM  APAR,ZPAR,SIGLOW,UNIT,DEL 171.0  70.0  0.10E-02  21     0.1     4.0    12.0
 SEQIN:PAIR,DELT,CST   4  11.00   1.160 AL=  20.41  20.31  20.31  20.01  23.32 DELTA= -0.79  0.00 -1.12 -0.76 -0.79
 AF/AN=   1.100   BS,BK=   1.2824   1.4950 DPBAR=  30.24 A= 171. Z=  70. Y=   0.388
 SHELL CORRECTIONS        -2.5    -2.3    -2.4    -2.4     0.0
1 NEW ROW

 GRIDS  NROW,NSTEP   3   1
 SUMN,SUMLOW    0.0000E+00    0.0000E+00
 GOT POPP FROM UNIT  11      SUMP  0.3548E+01   M,N,EXMAX  52  78   254.1     171Yb      CN= 173Hf  
 SUMPOP FLOST,SUM,EXMAX,M,N  0.0000E+00  0.3548E+01  254.05  52  78
 SUMPOP FLOST,SUM,EXMAX,M,N  0.0000E+00  0.3548E+01  254.05  52  78
 CUTOFF   NSTEP,TOTAL,TRIM,TRIMJ,TRIME,TRIMLEV   1  0.3548E+01  0.3190E-06  0.0000E+00  0.3190E-06  0.0000E+00
          ICUT,AMX,ALEVEL,IAGAIN  48  0.1381E-01  0.6586E-08  21    CUT,PRCNT  0.100E-06  0.100E+01  M1,N1=  49  72
 CUTOFF OLD,NEW M1  49  56
 DIMENSIONS  56  72   251.1  53  77   244.3  53  77   240.2  53  77   240.6
 DENSTY: JSHAP= 49    JBAR= 84        66.5     7.0
 EVA M1,N1=    56    72
 NOP,NOA,NOF,NOG,KE2MX= 0 0 0 016  NOLEP,NOLJI,NOLJF,JFJI= 1 1 1 1

 EVA  M1*N1  4032    ZEROS    24    CUTS   494    CUTPOP  0.3293E-08    SUM CUTS  0.2155E-06
 LOSS BELOW YRAST LINE  0.0000E+00
 EVA-,STEP  1
 SEQOUT NROW,NSTEP   3   1         PARENT 171Yb      ELAB   309.0    EXCIT   272.7

 SUMP,SUMLOW    0.2404E+00    0.0000E+00
 WROTE POPP ON UNIT  10               170Tm  
 SUMA,SUMLOW    0.1497E+00    0.0000E+00
 WROTE POPA ON UNIT  13               167Er  
 TOTAL    0.3548E+01
 FLOST(SUMPOP),TRIM(CUTOFF),RLOST(POPUL),RP 
   0.0000E+00   0.5345E-06   0.3428E-10   0.1531E-02   0.4009E-03   0.6880E-03   0.0000E+00

 J SPECTRUM OF PARENT 171Yb  
    AVERAGE=  44.033    SUM=   0.355E+01
    0.00      4     13     22     31     40     49     58     67     75     82
   10.00    289    109    115    121    127    132    136    140    143    145
   20.00    147    148    148    148    147    145    143    140    137    133
   30.00    129    124    119    114    108    103     97     91     86     81
   40.00     76     73     69     66     63     61     59     58     57     57
   50.00     58     60     63     68     74     82     93    107    125    148
   60.00    175    208    246    290    339    390    440    488    532    575
   70.00    380      0

 J SPECTRUM OF FISS   171Yb  
    AVERAGE=  51.126    SUM=   0.542E+00
    0.00      1      3      5      8     10     12     15     18     20     23
   10.00     84     34     37     40     42     46     49     52     55     58
   20.00     62     65     69     72     76     80     83     86     90     93
   30.00     96     99    101    103    105    107    108    109    109    110
   40.00    111    112    113    114    115    116    118    120    123    127
   50.00    132    139    148    159    173    190    210    236    265    297
   60.00    331    365    396    425    447    456    456    447    431    414
   70.00    244      0

 E SPECTRUM OF PARENT 171Yb  
    AVERAGE= 232.958    SUM=   0.355E+01
  206.05      0      0      1      1      2      4      6     10     14     20
  216.05     27     37     50     67     87    113    143    177    215    257
  226.05    300    346    394    443    493    541    585    621    647    658
  236.05    653    627    580    513    430    338    245    161     95     48
  246.05     21      7      2      0      0      0

 DJN SPEC
    AVERAGE=  -0.917    SUM=   0.261E+01
   -1.00   9167    832      0      0      0      0      0      0      0      0

 DJP SPEC
    AVERAGE=  -0.911    SUM=   0.240E+00
   -1.00   9106    893      0      0      0      0      0      0      0      0

 DJA SPEC
    AVERAGE=  -2.777    SUM=   0.150E+00
   -9.00      0      0      0      0      0      0   8670    604    553    171

   N   M   EXMAX  AV.EX. NW  MW  EXMAXW      Q      AL   DELTA     AVJ      DJ        TOTAL  BRANCH
  72  56   251.1   233.0  74  33   195.1    0.00   20.41   -0.79   44.03    0.00     0.355E+01 10000    
  77  53   244.3   220.0  80  31   189.3   -6.61   20.31    0.00   41.88    2.15     0.261E+01  7364   N
  77  53   240.2   212.2  80  31   185.2   -6.80   20.31   -1.12   40.59    3.44     0.240E+00   678   P
  77  53   240.6   210.9  80  62   185.6    1.56   20.01   -0.76   41.23    2.81     0.150E+00   422   A
                   233.6  72  34   196.1  -32.21   23.32   -0.79   51.13             0.542E+00  1529   F
                                                                                     0.000E+00     0   G

 SPECTRA N,P,A  AVE    6.23   14.00   23.74         SUMS  0.2609E+01  0.2407E+00  0.1504E+00
 SEQIN:PAIR,DELT,CST   4  11.00   1.160 AL=  20.31  20.21  20.21  19.92  23.21 DELTA=  0.00 -0.89 -0.87  0.00  0.00
 AF/AN=   1.100   BS,BK=   1.2824   1.4947 DPBAR=  29.92 A= 170. Z=  70. Y=   0.387
 SHELL CORRECTIONS        -2.3    -2.1    -2.5    -2.2     0.0

 GRIDS  NROW,NSTEP   3   2
 SUMN,SUMLOW    0.2613E+01    0.0000E+00
 GOT POPP FROM UNIT  11      SUMP  0.4176E+01   M,N,EXMAX  53  77   246.3     170Yb      CN= 173Hf  
 SUMPOP FLOST,SUM,EXMAX,M,N  0.1155E-13  0.6789E+01  246.34  55  74  0.4176E+01  246.34  53  77  0.2613E+01  244.34  53  77  0 -2
 SUMPOP FLOST,SUM,EXMAX,M,N  0.0000E+00  0.6789E+01  246.34  55  74
 CUTOFF   NSTEP,TOTAL,TRIM,TRIMJ,TRIME,TRIMLEV   2  0.6789E+01  0.7482E-06  0.0000E+00  0.8846E-07  0.6597E-06
          ICUT,AMX,ALEVEL,IAGAIN  74  0.2483E-01  0.2368E-07  20    CUT,PRCNT  0.100E-06  0.100E+01  M1,N1=  52  71
 CUTOFF OLD,NEW M1  52  57
 DIMENSIONS  57  71   243.3  53  76   234.8  53  76   232.6  53  76   233.1
 DENSTY: JSHAP= 49    JBAR= 83        66.0     6.8
 EVA M1,N1=    57    71
 NOP,NOA,NOF,NOG,KE2MX= 0 0 0 016  NOLEP,NOLJI,NOLJF,JFJI= 1 1 1 1

 EVA  M1*N1  4047    ZEROS    69    CUTS   130    CUTPOP  0.1184E-07    SUM CUTS  0.7501E-06
 LOSS BELOW YRAST LINE  0.0000E+00
 EVA-,STEP  2
 SEQOUT NROW,NSTEP   3   2         PARENT 170Yb      ELAB   309.0    EXCIT   272.7

 SUMP,SUMLOW    0.5039E+00    0.0000E+00
 WROTE POPP ON UNIT  10               169Tm  
 SUMA,SUMLOW    0.3042E+00    0.0000E+00
 WROTE POPA ON UNIT  13               166Er  
 TOTAL    0.6789E+01
 FLOST(SUMPOP),TRIM(CUTOFF),RLOST(POPUL),RP 
   0.1155E-13   0.1498E-05   0.3503E-06   0.3619E-01   0.8873E-02   0.9020E-02   0.0000E+00

 J SPECTRUM OF PARENT 170Yb  
    AVERAGE=  41.588    SUM=   0.679E+01
    0.00      5     16     28     39     50     60     72     82     92    101
   10.00    484    139    145    151    156    160    164    166    168    168
   20.00    168    167    165    162    158    153    148    142    136    130
   30.00    123    116    108    101     93     86     79     72     66     61
   40.00     56     52     48     45     42     40     38     37     37     37
   50.00     38     39     42     46     52     60     71     86    106    132
   60.00    165    205    254    314    380    449    520    589    656    447

 J SPECTRUM OF FISS   170Yb  
    AVERAGE=  51.966    SUM=   0.827E+00
    0.00      1      3      6      9     11     14     17     20     23     26
   10.00    128     39     42     45     48     51     54     57     60     63
   20.00     66     69     71     74     77     79     81     83     85     87
   30.00     88     89     90     90     90     89     88     87     85     84
   40.00     84     83     82     82     81     82     82     83     86     89
   50.00     94    101    110    121    137    156    182    214    253    298
   60.00    349    404    461    517    562    593    611    615    611    373

 E SPECTRUM OF PARENT 170Yb  
    AVERAGE= 219.946    SUM=   0.679E+01
  187.34      0      0      0      0      0      1      1      5      7      9
  197.34     12     17     22     28     36     45     57     71     87    106
  207.34    127    152    179    209    242    276    312    349    385    420
  217.34    452    481    506    525    536    539    532    515    488    450
  227.34    404    351    294    236    180    130     88     55     31     16
  237.34      7      2      0      0      0      0      0

 DJN SPEC
    AVERAGE=  -0.886    SUM=   0.510E+01
   -1.00   8859   1140      0      0      0      0      0      0      0      0

 DJP SPEC
    AVERAGE=  -0.878    SUM=   0.504E+00
   -1.00   8784   1215      0      0      0      0      0      0      0      0

 DJA SPEC
    AVERAGE=  -2.706    SUM=   0.304E+00
   -9.00      0      0      0      0      0      0   8265    737    790    206

   N   M   EXMAX  AV.EX. NW  MW  EXMAXW      Q      AL   DELTA     AVJ      DJ        TOTAL  BRANCH
  71  57   243.3   219.9  73  34   186.3    0.00   20.31    0.00   41.59    0.00     0.679E+01 10000    
  76  53   234.8   205.4  80  31   178.8   -8.46   20.21   -0.89   39.35    2.24     0.510E+01  7512   N
  76  53   232.6   199.8  80  31   176.6   -6.78   20.21   -0.87   38.03    3.56     0.504E+00   742   P
  76  53   233.1   198.8  80  62   177.1    1.74   19.92    0.00   38.99    2.59     0.304E+00   448   A
                   221.0  71  35   187.3  -31.65   23.21    0.00   51.97             0.827E+00  1218   F
                                                                                     0.000E+00     0   G

 SPECTRA N,P,A  AVE    6.07   13.85   23.54         SUMS  0.5126E+01  0.5126E+00  0.3132E+00
 SEQIN:PAIR,DELT,CST   4  11.00   1.160 AL=  20.21  20.11  20.11  19.82  23.10 DELTA= -0.89  0.00 -1.48 -1.01 -0.89
 AF/AN=   1.100   BS,BK=   1.2823   1.4942 DPBAR=  29.58 A= 169. Z=  70. Y=   0.387
 SHELL CORRECTIONS        -2.1    -1.9    -2.1    -1.9     0.0

 GRIDS  NROW,NSTEP   3   3
 SUMN,SUMLOW    0.5100E+01    0.0000E+00
 GOT POPP FROM UNIT  11      SUMP  0.3965E+01   M,N,EXMAX  53  76   236.8     169Yb      CN= 173Hf  
 SUMPOP FLOST,SUM,EXMAX,M,N  0.1170E-01  0.9053E+01  236.78  54  75  0.3965E+01  236.78  53  76  0.5100E+01  234.78  53  76  0 -2
 GOT POPA FROM UNIT  12      SUMA  0.2879E+02   M,N,EXMAX  51  79   262.3     169Yb  
 SUMPOP FLOST,SUM,EXMAX,M,N  0.2385E+01  0.3545E+02  258.28  58  70  0.9053E+01  236.78  54  75  0.2879E+02  262.28  51  79-21  3
 CUTOFF   NSTEP,TOTAL,TRIM,TRIMJ,TRIME,TRIMLEV   3  0.3545E+02  0.0000E+00  0.0000E+00  0.0000E+00  0.0000E+00
          ICUT,AMX,ALEVEL,IAGAIN   0  0.1518E+00  0.5790E-06  18    CUT,PRCNT  0.100E-06  0.100E+01  M1,N1=  58  70
 DIMENSIONS  58  70   258.3  54  75   251.3  54  75   247.9  54  75   248.0
 DENSTY: JSHAP= 49    JBAR= 83        66.0     6.8
 EVA M1,N1=    58    70
 NOP,NOA,NOF,NOG,KE2MX= 0 0 0 016  NOLEP,NOLJI,NOLJF,JFJI= 1 1 1 1

 EVA  M1*N1  4060    ZEROS     0    CUTS     0    CUTPOP  0.1773E-06    SUM CUTS  0.0000E+00
 LOSS BELOW YRAST LINE  0.0000E+00
 EVA-,STEP  3
 SEQOUT NROW,NSTEP   3   3         PARENT 169Yb      ELAB   309.0    EXCIT   272.7

 SUMP,SUMLOW    0.2368E+01    0.0000E+00
 WROTE POPP ON UNIT  10               168Tm  
 SUMA,SUMLOW    0.1372E+01    0.0000E+00
 WROTE POPA ON UNIT  13               165Er  
 TOTAL    0.3545E+02
 FLOST(SUMPOP),TRIM(CUTOFF),RLOST(POPUL),RP 
   0.2396E+01   0.0000E+00   0.1062E-02   0.2885E+01   0.4271E+00   0.2741E+00   0.0000E+00

 J SPECTRUM OF PARENT 169Yb  
    AVERAGE=  45.337    SUM=   0.355E+02
    0.00      3     10     17     24     31     63     45     52     58    111
   10.00    184     85     90    159    102    106    110    113    116    118
   20.00    120    122    123    123    123    123    122    120    119    117
   30.00    115    112    110    107    104    101     97     94     92     89
   40.00     88     86     85     84     83     83     83     84     86     88
   50.00     92     96    102    110    120    132    147    166    189    215
   60.00    246    281    321    365    410    456    500    542    522    274

 J SPECTRUM OF FISS   169Yb  
    AVERAGE=  50.442    SUM=   0.909E+01
    0.00      0      2      4      6      8     18     12     14     16     35
   10.00     33     25     28     58     34     36     39     42     45     48
   20.00     52     55     59     62     66     70     74     78     82     86
   30.00     90     94     98    102    105    109    112    116    119    123
   40.00    127    131    135    139    144    149    154    160    167    175
   50.00    184    195    208    223    240    260    282    306    331    355
   60.00    378    396    411    418    416    405    388    367    316    152

 E SPECTRUM OF PARENT 169Yb  
    AVERAGE= 241.955    SUM=   0.355E+02
  201.28     94    101    107    112    117    120    121    121    119    116
  211.28    111    104     96     87     76     66     55     44     34     26
  221.28     18     12      8      5      2      1      4      4      6      8
  231.28     11     14     19     25     32     41     53     68     86    108
  241.28    136    170    212    261    319    387    463    546    631    712
  251.28    776    802    766    643    444    233     90     26

 DJN SPEC
    AVERAGE=  -0.935    SUM=   0.190E+02
   -1.00   9349    650      0      0      0      0      0      0      0      0

 DJP SPEC
    AVERAGE=  -0.936    SUM=   0.237E+01
   -1.00   9360    639      0      0      0      0      0      0      0      0

 DJA SPEC
    AVERAGE=  -2.831    SUM=   0.137E+01
   -9.00      0      0      0      0      0      0   8970    523    347    158

   N   M   EXMAX  AV.EX. NW  MW  EXMAXW      Q      AL   DELTA     AVJ      DJ        TOTAL  BRANCH
  70  58   258.3   242.0  72  34   200.3    0.00   20.21   -0.89   45.34    0.00     0.355E+02 10000    
  75  54   251.3   232.3  80  31   194.3   -6.87   20.11    0.00   43.63    1.71     0.190E+02  5369   N
  75  54   247.9   227.1  80  31   190.9   -6.35   20.11   -1.48   43.05    2.28     0.237E+01   668   P
  75  54   248.0   225.9  80  62   191.0    1.72   19.82   -1.01   43.34    2.00     0.137E+01   387   A
                   246.5  70  35   201.3  -31.12   23.10   -0.89   50.44             0.909E+01  2565   F
                                                                                     0.000E+00     0   G

 SPECTRA N,P,A  AVE    6.35   14.14   23.90         SUMS  0.2188E+02  0.2794E+01  0.1646E+01
 SEQIN:PAIR,DELT,CST   4  11.00   1.160 AL=  20.11  20.01  20.01  19.72  22.99 DELTA=  0.00 -1.09 -0.98  0.00  0.00
 AF/AN=   1.100   BS,BK=   1.2822   1.4938 DPBAR=  29.23 A= 168. Z=  70. Y=   0.386
 SHELL CORRECTIONS        -1.9    -1.6    -2.0    -1.6     0.0

 GRIDS  NROW,NSTEP   3   4
 SUMN,SUMLOW    0.1903E+02    0.0000E+00
 GOT POPP FROM UNIT  11      SUMP  0.3416E+01   M,N,EXMAX  54  75   227.8     168Yb      CN= 173Hf  
 SUMPOP FLOST,SUM,EXMAX,M,N  0.1065E+01  0.2139E+02  247.31  59  69  0.3416E+01  227.82  54  75  0.1903E+02  251.31  54  75-19  3
 GOT POPA FROM UNIT  12      SUMA  0.1260E+02   M,N,EXMAX  52  78   255.3     168Yb  
 SUMPOP FLOST,SUM,EXMAX,M,N  0.1571E+00  0.3383E+02  248.31  59  69  0.2139E+02  247.31  59  69  0.1260E+02  255.31  52  78 -1  6
 CUTOFF   NSTEP,TOTAL,TRIM,TRIMJ,TRIME,TRIMLEV   4  0.3383E+02  0.0000E+00  0.0000E+00  0.0000E+00  0.0000E+00
          ICUT,AMX,ALEVEL,IAGAIN   0  0.1350E+00  0.8237E-05  14    CUT,PRCNT  0.100E-06  0.100E+01  M1,N1=  59  69
 DIMENSIONS  59  69   248.3  55  74   239.1  55  74   238.0  55  74   238.2
 DENSTY: JSHAP= 48    JBAR= 82        65.0     6.8
 EVA M1,N1=    59    69
 NOP,NOA,NOF,NOG,KE2MX= 0 0 0 016  NOLEP,NOLJI,NOLJF,JFJI= 1 1 1 1

 EVA  M1*N1  4071    ZEROS     0    CUTS     0    CUTPOP  0.1691E-06    SUM CUTS  0.0000E+00
 LOSS BELOW YRAST LINE  0.0000E+00
 EVA-,STEP  4
 SEQOUT NROW,NSTEP   3   4         PARENT 168Yb      ELAB   309.0    EXCIT   272.7

 SUMP,SUMLOW    0.2846E+01    0.0000E+00
 WROTE POPP ON UNIT  10               167Tm  
 SUMA,SUMLOW    0.1620E+01    0.0000E+00
 WROTE POPA ON UNIT  13               164Er  
 TOTAL    0.3383E+02
 FLOST(SUMPOP),TRIM(CUTOFF),RLOST(POPUL),RP 
   0.1222E+01   0.0000E+00   0.4244E-03   0.1550E+01   0.2929E+00   0.1883E+00   0.0000E+00

 J SPECTRUM OF PARENT 168Yb  
    AVERAGE=  43.886    SUM=   0.338E+02
    0.00      4     13     21     30     38     84     56     64     72    177
   10.00    246    106    161    159    124    128    131    134    136    137
   20.00    138    138    137    135    133    130    127    123    119    115
   30.00    110    105    100     95     89     84     79     75     71     67
   40.00     64     61     59     56     55     54     53     53     54     55
   50.00     58     62     68     76     86     99    117    140    169    205
   60.00    248    301    362    430    502    575    647    670    398

 J SPECTRUM OF FISS   168Yb  
    AVERAGE=  50.420    SUM=   0.664E+01
    0.00      1      3      5      8     10     25     15     18     21     59
   10.00     56     34     57     58     44     47     51     54     57     60
   20.00     64     67     70     74     77     80     83     86     88     91
   30.00     93     95     96     98     99     99    100    100    101    101
   40.00    102    103    104    105    106    108    110    114    118    124
   50.00    132    142    155    171    191    215    246    281    320    363
   60.00    406    449    487    517    533    537    531    491    265

 E SPECTRUM OF PARENT 168Yb  
    AVERAGE= 230.811    SUM=   0.338E+02
  190.31     40     42     43     44     44     44     43    124    118    111
  200.31    103     94     84     74     64     54     44     36     29     23
  210.31     18     15     13     13     14     17     21     27     34     43
  220.31     54     67     82     99    120    142    168    198    230    266
  230.31    305    346    388    431    471    508    538    559    567    559
  240.31    533    488    424    346    260    176    104     52     14

 DJN SPEC
    AVERAGE=  -0.912    SUM=   0.207E+02
   -1.00   9121    878      0      0      0      0      0      0      0      0

 DJP SPEC
    AVERAGE=  -0.912    SUM=   0.285E+01
   -1.00   9115    884      0      0      0      0      0      0      0      0

 DJA SPEC
    AVERAGE=  -2.773    SUM=   0.162E+01
   -9.00      0      0      0      0      0      0   8635    655    511    198

   N   M   EXMAX  AV.EX. NW  MW  EXMAXW      Q      AL   DELTA     AVJ      DJ        TOTAL  BRANCH
  69  59   248.3   230.8  71  35   189.3    0.00   20.11    0.00   43.89    0.00     0.338E+02 10000    
  74  55   239.1   217.2  80  31   181.1   -9.06   20.01   -1.09   41.99    1.89     0.207E+02  6117   N
  74  55   238.0   213.8  80  31   180.0   -6.33   20.01   -0.98   41.28    2.60     0.285E+01   841   P
  74  55   238.2   212.7  80  62   180.2    1.94   19.72    0.00   41.91    1.98     0.162E+01   479   A
                   234.0  69  36   190.3  -30.57   22.99    0.00   50.42             0.664E+01  1962   F
                                                                                     0.000E+00     0   G

 SPECTRA N,P,A  AVE    6.22   14.02   23.75         SUMS  0.2220E+02  0.3138E+01  0.1808E+01
 SEQIN:PAIR,DELT,CST   4  11.00   1.160 AL=  20.01  19.92  19.92  19.62  22.88 DELTA= -1.09  0.00 -1.88 -1.07 -1.09
 AF/AN=   1.100   BS,BK=   1.2821   1.4933 DPBAR=  28.86 A= 167. Z=  70. Y=   0.385
 SHELL CORRECTIONS        -1.6    -1.4    -1.7    -1.4     0.0

 GRIDS  NROW,NSTEP   3   5
 SUMN,SUMLOW    0.2069E+02    0.0000E+00
 GOT POPP FROM UNIT  11      SUMP  0.2877E+01   M,N,EXMAX  55  74   216.7     167Yb      CN= 173Hf  
 SUMPOP FLOST,SUM,EXMAX,M,N  0.9783E+00  0.2259E+02  234.15  60  68  0.2877E+01  216.65  55  74  0.2069E+02  239.15  55  74-17  4
 GOT POPA FROM UNIT  12      SUMA  0.6297E+01   M,N,EXMAX  53  77   246.2     167Yb  
 SUMPOP FLOST,SUM,EXMAX,M,N  0.6545E-01  0.2882E+02  234.15  60  68  0.2259E+02  234.15  60  68  0.6297E+01  246.15  53  77  0 11
 CUTOFF   NSTEP,TOTAL,TRIM,TRIMJ,TRIME,TRIMLEV   5  0.2882E+02  0.0000E+00  0.0000E+00  0.0000E+00  0.0000E+00
          ICUT,AMX,ALEVEL,IAGAIN   0  0.1092E+00  0.6668E-05  14    CUT,PRCNT  0.100E-06  0.100E+01  M1,N1=  60  68
 DIMENSIONS  60  68   234.2  56  73   227.0  56  73   224.2  56  73   224.3
 DENSTY: JSHAP= 48    JBAR= 82        65.0     6.8
 EVA M1,N1=    60    68
 NOP,NOA,NOF,NOG,KE2MX= 0 0 0 016  NOLEP,NOLJI,NOLJF,JFJI= 1 1 1 1

 EVA  M1*N1  4080    ZEROS     0    CUTS     0    CUTPOP  0.1441E-06    SUM CUTS  0.0000E+00
 LOSS BELOW YRAST LINE  0.0000E+00
 EVA-,STEP  5
 SEQOUT NROW,NSTEP   3   5         PARENT 167Yb      ELAB   309.0    EXCIT   272.7

 SUMP,SUMLOW    0.2759E+01    0.0000E+00
 WROTE POPP ON UNIT  10               166Tm  
 SUMA,SUMLOW    0.1521E+01    0.0000E+00
 WROTE POPA ON UNIT  13               163Er  
 TOTAL    0.2882E+02
 FLOST(SUMPOP),TRIM(CUTOFF),RLOST(POPUL),RP 
   0.1044E+01   0.0000E+00   0.3631E-03   0.1101E+01   0.2397E+00   0.1536E+00   0.0000E+00

 J SPECTRUM OF PARENT 167Yb  
    AVERAGE=  41.734    SUM=   0.288E+02
    0.00      5     16     26     37     47    103     69     78     88    254
   10.00    378    176    175    175    149    152    154    155    155    154
   20.00    153    150    147    142    138    132    126    120    113    107
   30.00    100     93     86     80     73     67     61     56     52     48
   40.00     45     42     39     37     36     34     34     34     34     36
   50.00     38     42     47     54     65     79     99    125    160    204
   60.00    261    332    416    511    611    714    770    477

 J SPECTRUM OF FISS   167Yb  
    AVERAGE=  52.160    SUM=   0.486E+01
    0.00      1      3      5      8     10     25     16     19     21     71
   10.00     76     50     51     53     45     48     50     53     56     58
   20.00     61     63     65     67     69     71     72     73     74     75
   30.00     75     75     75     74     74     72     71     70     70     69
   40.00     69     68     67     67     68     69     70     72     76     82
   50.00     89     99    112    130    153    183    222    271    329    397
   60.00    474    556    637    706    758    792    773    439

 E SPECTRUM OF PARENT 167Yb  
    AVERAGE= 214.888    SUM=   0.288E+02
  175.15     39     41     42     42     42     42     42     41     39    112
  185.15    113    110    101     90     80     70     60     52     45     39
  195.15     35     32     31     32     34     39     45     53     63     75
  205.15     90    106    124    144    166    190    216    243    271    300
  215.15    329    357    384    409    430    446    456    459    454    440
  225.15    417    385    346    301    251    201    152    108     71     43

 DJN SPEC
    AVERAGE=  -0.879    SUM=   0.182E+02
   -1.00   8794   1205      0      0      0      0      0      0      0      0

 DJP SPEC
    AVERAGE=  -0.878    SUM=   0.276E+01
   -1.00   8776   1223      0      0      0      0      0      0      0      0

 DJA SPEC
    AVERAGE=  -2.697    SUM=   0.152E+01
   -9.00      0      0      0      0      0      0   8200    807    747    243

   N   M   EXMAX  AV.EX. NW  MW  EXMAXW      Q      AL   DELTA     AVJ      DJ        TOTAL  BRANCH
  68  60   234.2   214.9  70  35   174.2    0.00   20.01   -1.09   41.73    0.00     0.288E+02 10000    
  73  56   227.0   203.1  79  31   168.0   -7.07   19.92    0.00   39.29    2.44     0.182E+02  6309   N
  73  56   224.2   197.8  79  31   165.2   -5.99   19.92   -1.88   38.51    3.22     0.276E+01   957   P
  73  56   224.3   196.7  80  62   165.3    2.15   19.62   -1.07   39.51    2.23     0.152E+01   528   A
                   218.1  68  36   175.2  -29.99   22.88   -1.09   52.16             0.486E+01  1688   F
                                                                                     0.000E+00     0   G

 SPECTRA N,P,A  AVE    6.05   13.84   23.54         SUMS  0.1925E+02  0.2997E+01  0.1674E+01
1    ROW  3      ELEMENT Yb      X-SECTION   0.000E+00
(14)N+(159)Tb -> (173)Hf                                                
 ELAB(MEV)  309.000     Q-VALUE  -11.257    EXCIT  272.737
 SIGFUS,SIGEVA,SIGFIS,SIGMXZ  0.9476E+03  0.0000E+00  0.8537E+03  0.0000E+00
 ZT= 65    AT 159    ZP  7    AP  14


             171Yb     170Yb     169Yb     168Yb     167Yb  
 SIG        0.000E+00 0.000E+00 0.000E+00 0.000E+00 0.000E+00
 B-G               0         0         0         0         0
  R-N           7364      7512      5369      6117      6309
 BR-P            678       742       668       841       957
 BR-A            422       448       387       479       528
 BR-F           1529      1218      2565      1962      1688
 SIGF       0.542E+00 0.827E+00 0.909E+01 0.664E+01 0.486E+01
 TOTAL      0.355E+01 0.679E+01 0.355E+02 0.338E+02 0.288E+02
 EXCP          233.0     219.9     242.0     230.8     214.9
 SPINP          44.0      41.6      45.3      43.9      41.7
 EXCF          233.6     221.0     246.5     234.0     218.1
 SPINF          51.1      52.0      50.4      50.4      52.2
 DJN           -0.92     -0.89     -0.93     -0.91     -0.88
 DJP           -0.91     -0.88     -0.94     -0.91     -0.88
 DJA           -2.78     -2.71     -2.83     -2.77     -2.70
 AV.E N         6.23      6.07      6.35      6.22      6.05
 AV.E P        14.00     13.85     14.14     14.02     13.84
 AV.E A        23.74     23.54     23.90     23.75     23.54
 SUM GAM         0.0       0.0       0.0       0.0       0.0
 SPIN GAM        0.0       0.0       0.0       0.0       0.0

 TRIM       0.535E-06 0.150E-05 0.000E+00 0.000E+00 0.000E+00
 FLOST      0.000E+00 0.115E-13 0.240E+01 0.122E+01 0.104E+01
 RP         0.000E+00 0.000E+00 0.000E+00 0.000E+00 0.000E+00
 RLOSTG     0.343E-10 0.350E-06 0.106E-02 0.424E-03 0.363E-03
 RLOSTN     0.153E-02 0.362E-01 0.288E+01 0.155E+01 0.110E+01
 RLOSTP     0.401E-03 0.887E-02 0.427E+00 0.293E+00 0.240E+00
 RLOSTA     0.688E-03 0.902E-02 0.274E+00 0.188E+00 0.154E+00
 TIME              0         0         0         0         0

 STORAGE
  1.  1.  3.  3.  3.
  0.  0.  2.  2.  2.
  170.   69.   0.0010    21     1    25    25    35    12    12    20
 DEL     1.0     0.1     4.0    12.0     0.0
 TRANSM  APAR,ZPAR,SIGLOW,UNIT,DEL 170.0  69.0  0.10E-02  21     0.1     4.0    12.0
 SEQIN:PAIR,DELT,CST   4  11.00   1.160 AL=  20.31  20.21  20.21  19.92  23.28 DELTA= -1.12 -0.87 -0.72 -1.27 -1.12
 AF/AN=   1.100   BS,BK=   1.2848   1.5191 DPBAR=  32.08 A= 170. Z=  69. Y=   0.428
 SHELL CORRECTIONS        -2.4    -2.5    -2.7    -2.3    -0.0
1 NEW ROW

 GRIDS  NROW,NSTEP   4   1
 SUMN,SUMLOW    0.0000E+00    0.0000E+00
 GOT POPP FROM UNIT  10      SUMP  0.2404E+00   M,N,EXMAX  53  77   240.2     170Tm      CN= 173Hf  
 SUMPOP FLOST,SUM,EXMAX,M,N  0.0000E+00  0.2404E+00  240.25  53  77
 SUMPOP FLOST,SUM,EXMAX,M,N  0.0000E+00  0.2404E+00  240.25  53  77
 CUTOFF   NSTEP,TOTAL,TRIM,TRIMJ,TRIME,TRIMLEV   1  0.2404E+00  0.2966E-07  0.0000E+00  0.1574E-07  0.1392E-07
          ICUT,AMX,ALEVEL,IAGAIN  37  0.7508E-03  0.7160E-09  20    CUT,PRCNT  0.100E-06  0.100E+01  M1,N1=  49  71
 CUTOFF OLD,NEW M1  49  57
 DIMENSIONS  57  71   236.2  53  76   229.6  53  76   226.1  53  76   225.1
 DENSTY: JSHAP= 49    JBAR= 94        71.5     9.0
 EVA M1,N1=    57    71
 NOP,NOA,NOF,NOG,KE2MX= 0 0 0 016  NOLEP,NOLJI,NOLJF,JFJI= 1 1 1 1

 EVA  M1*N1  4047    ZEROS    36    CUTS   178    CUTPOP  0.3580E-09    SUM CUTS  0.1802E-07
 LOSS BELOW YRAST LINE  0.0000E+00
 EVA-,STEP  1
 SEQOUT NROW,NSTEP   4   1         PARENT 170Tm      ELAB   309.0    EXCIT   272.7

 SUMP,SUMLOW    0.1264E-01    0.0000E+00
 WROTE POPP ON UNIT  11               169Er  
 SUMA,SUMLOW    0.8279E-02    0.0000E+00
 WROTE POPA ON UNIT  12               166Ho  
 TOTAL    0.2404E+00
 FLOST(SUMPOP),TRIM(CUTOFF),RLOST(POPUL),RP 
   0.0000E+00   0.4768E-07   0.2635E-09   0.1291E-02   0.2144E-03   0.2347E-03   0.0000E+00

 J SPECTRUM OF PARENT 170Tm  
    AVERAGE=  40.589    SUM=   0.240E+00
    0.00      5     16     27     38     49     60     71     81     91    100
   10.00    481    139    145    152    157    162    166    168    171    172
   20.00    172    172    170    168    165    161    157    152    146    140
   30.00    134    127    120    112    105     97     90     83     77     71
   40.00     66     62     58     54     51     48     46     45     44     44
   50.00     45     47     50     54     61     69     81     96    116    141
   60.00    172    209    253    304    357    411    463    512    559    373

 J SPECTRUM OF FISS   170Tm  
    AVERAGE=  58.067    SUM=   0.267E-01
    0.00      0      1      2      4      5      6      8      9     10     11
   10.00     58     18     19     21     22     23     25     26     28     29
   20.00     31     32     34     35     37     38     39     41     42     43
   30.00     44     45     46     47     47     47     47     47     47     48
   40.00     48     49     49     49     50     51     53     55     57     61
   50.00     66     73     82     93    108    128    154    189    232    286
   60.00    351    427    516    614    709    798    876    941    994    642

 E SPECTRUM OF PARENT 170Tm  
    AVERAGE= 212.229    SUM=   0.240E+00
  180.25      0      0      0      0      0      0      0      0      7      9
  190.25     13     18     23     30     39     50     63     79     97    119
  200.25    143    171    201    234    269    306    343    380    416    450
  210.25    480    505    525    537    541    535    520    493    457    413
  220.25    362    306    249    195    145    102     67     41     23     12
  230.25      5      2      0      0      0      0      0

 DJN SPEC
    AVERAGE=  -0.886    SUM=   0.191E+00
   -1.00   8862   1137      0      0      0      0      0      0      0      0

 DJP SPEC
    AVERAGE=  -0.878    SUM=   0.126E-01
   -1.00   8777   1222      0      0      0      0      0      0      0      0

 DJA SPEC
    AVERAGE=  -2.703    SUM=   0.828E-02
   -9.00      0      0      0      0      0      0   8238    755    798    207

   N   M   EXMAX  AV.EX. NW  MW  EXMAXW      Q      AL   DELTA     AVJ      DJ        TOTAL  BRANCH
  71  57   236.2   212.2  73  34   179.2    0.00   20.31   -1.12   40.59    0.00     0.240E+00 10000    
  76  53   229.6   199.6  80  31   173.6   -6.59   20.21   -0.87   37.60    2.99     0.191E+00  7947   N
  76  53   226.1   192.9  80  31   170.1   -6.16   20.21   -0.72   36.09    4.50     0.126E-01   526   P
  76  53   225.1   190.6  80  62   169.1    0.85   19.92   -1.27   36.95    3.64     0.828E-02   344   A
                   213.6  71  35   180.2  -33.95   23.28   -1.12   58.07             0.267E-01  1111   F
                                                                                     0.000E+00     0   G

 SPECTRA N,P,A  AVE    6.01   13.64   23.19         SUMS  0.1919E+00  0.1285E-01  0.8513E-02
 SEQIN:PAIR,DELT,CST   4  11.00   1.160 AL=  20.21  20.11  20.11  19.82  23.11 DELTA= -0.87 -1.48  0.00 -0.82 -0.87
 AF/AN=   1.100   BS,BK=   1.2827   1.4969 DPBAR=  31.75 A= 169. Z=  69. Y=   0.390
 SHELL CORRECTIONS        -2.5    -2.1    -2.6    -2.3    -0.0

 GRIDS  NROW,NSTEP   4   2
 SUMN,SUMLOW    0.1911E+00    0.0000E+00
 GOT POPP FROM UNIT  10      SUMP  0.5039E+00   M,N,EXMAX  53  76   232.6     169Tm      CN= 173Hf  
 SUMPOP FLOST,SUM,EXMAX,M,N  0.1110E-14  0.6950E+00  232.56  56  73  0.5039E+00  232.56  53  76  0.1911E+00  229.56  53  76  0 -3
 SUMPOP FLOST,SUM,EXMAX,M,N  0.0000E+00  0.6950E+00  232.56  56  73
 CUTOFF   NSTEP,TOTAL,TRIM,TRIMJ,TRIME,TRIMLEV   2  0.6950E+00  0.1002E-06  0.0000E+00  0.3640E-07  0.6381E-07
          ICUT,AMX,ALEVEL,IAGAIN  61  0.2389E-02  0.2278E-08  20    CUT,PRCNT  0.100E-06  0.100E+01  M1,N1=  51  70
 CUTOFF OLD,NEW M1  51  58
 DIMENSIONS  58  70   227.6  54  75   219.4  54  75   218.0  54  75   216.8
 DENSTY: JSHAP= 49    JBAR= 93        71.0     8.8
 EVA M1,N1=    58    70
 NOP,NOA,NOF,NOG,KE2MX= 0 0 0 016  NOLEP,NOLJI,NOLJF,JFJI= 1 1 1 1

 EVA  M1*N1  4060    ZEROS    56    CUTS   114    CUTPOP  0.1139E-08    SUM CUTS  0.5957E-07
 LOSS BELOW YRAST LINE  0.0000E+00
 EVA-,STEP  2
 SEQOUT NROW,NSTEP   4   2         PARENT 169Tm      ELAB   309.0    EXCIT   272.7

 SUMP,SUMLOW    0.3963E-01    0.0000E+00
 WROTE POPP ON UNIT  11               168Er  
 SUMA,SUMLOW    0.2512E-01    0.0000E+00
 WROTE POPA ON UNIT  12               165Ho  
 TOTAL    0.6950E+00
 FLOST(SUMPOP),TRIM(CUTOFF),RLOST(POPUL),RP 
   0.1110E-14   0.1598E-06   0.2380E-08   0.8032E-02   0.1460E-02   0.1434E-02   0.0000E+00

 J SPECTRUM OF PARENT 169Tm  
    AVERAGE=  37.908    SUM=   0.695E+00
    0.00      6     19     32     45     57     70     84     95    106    117
   10.00    718    167    174    179    184    188    190    191    192    191
   20.00    189    186    182    178    172    165    158    151    143    135
   30.00    126    118    109    100     92     83     76     68     62     57
   40.00     52     48     44     41     38     36     34     33     32     33
   50.00     34     36     39     43     50     59     71     88    110    138
   60.00    173    217    270    330    394    459    523    586    400      0

 J SPECTRUM OF FISS   169Tm  
    AVERAGE=  58.809    SUM=   0.569E-01
    0.00      0      1      2      3      4      6      7      8      9     11
   10.00     70     17     18     19     21     22     23     24     25     26
   20.00     27     28     29     30     31     32     33     34     34     35
   30.00     35     36     36     36     35     35     35     34     34     34
   40.00     34     34     34     34     35     35     36     38     41     44
   50.00     49     55     64     75     91    112    142    182    233    300
   60.00    383    485    609    742    878   1011   1132   1243    831      0

 E SPECTRUM OF PARENT 169Tm  
    AVERAGE= 199.747    SUM=   0.695E+00
  170.56      0      0      0      0      0      0      0      6      8     10
  180.56     48     59     72     86    103    122    143    166    191    218
  190.56    246    276    306    336    366    394    419    441    460    473
  200.56    481    482    477    465    447    421    390    354    315    273
  210.56    230    189    150    115     84     59     40     25     15      8
  220.56      4      2      0      0      0      0      0      0

 DJN SPEC
    AVERAGE=  -0.854    SUM=   0.562E+00
   -1.00   8539   1460      0      0      0      0      0      0      0      0

 DJP SPEC
    AVERAGE=  -0.844    SUM=   0.396E-01
   -1.00   8438   1561      0      0      0      0      0      0      0      0

 DJA SPEC
    AVERAGE=  -2.630    SUM=   0.251E-01
   -9.00      0      0      0      0      0      0   7832    871   1059    236

   N   M   EXMAX  AV.EX. NW  MW  EXMAXW      Q      AL   DELTA     AVJ      DJ        TOTAL  BRANCH
  70  58   227.6   199.7  72  34   169.6    0.00   20.21   -0.87   37.91    0.00     0.695E+00 10000    
  75  54   219.4   186.0  80  31   162.4   -8.03   20.11   -1.48   35.30    2.61     0.562E+00  8093   N
  75  54   218.0   181.6  80  31   161.0   -5.57   20.11    0.00   33.80    4.11     0.396E-01   570   P
  75  54   216.8   179.2  80  62   159.8    1.20   19.82   -0.82   34.90    3.01     0.251E-01   361   A
                   201.4  70  35   170.6  -33.70   23.11   -0.87   58.81             0.569E-01   818   F
                                                                                     0.000E+00     0   G

 SPECTRA N,P,A  AVE    5.85   13.48   23.00         SUMS  0.5691E+00  0.4107E-01  0.2655E-01
 SEQIN:PAIR,DELT,CST   4  11.00   1.160 AL=  20.11  20.01  20.01  19.72  23.00 DELTA= -1.48 -0.98 -0.76 -1.49 -1.48
 AF/AN=   1.100   BS,BK=   1.2827   1.4966 DPBAR=  31.43 A= 168. Z=  69. Y=   0.390
 SHELL CORRECTIONS        -2.1    -2.0    -2.4    -1.9     0.0

 GRIDS  NROW,NSTEP   4   3
 SUMN,SUMLOW    0.5625E+00    0.0000E+00
 GOT POPP FROM UNIT  10      SUMP  0.2368E+01   M,N,EXMAX  54  75   247.9     168Tm      CN= 173Hf  
 SUMPOP FLOST,SUM,EXMAX,M,N  0.1883E+00  0.2742E+01  239.93  59  69  0.2368E+01  247.93  54  75  0.5625E+00  219.43  54  75  7-21
 GOT POPA FROM UNIT  13      SUMA  0.2104E+01   M,N,EXMAX  52  78   252.9     168Tm  
 SUMPOP FLOST,SUM,EXMAX,M,N  0.3207E-01  0.4814E+01  240.92  59  69  0.2742E+01  239.93  59  69  0.2104E+01  252.92  52  78 -1 11
 CUTOFF   NSTEP,TOTAL,TRIM,TRIMJ,TRIME,TRIMLEV   3  0.4814E+01  0.0000E+00  0.0000E+00  0.0000E+00  0.0000E+00
          ICUT,AMX,ALEVEL,IAGAIN   0  0.1736E-01  0.5299E-06  15    CUT,PRCNT  0.100E-06  0.100E+01  M1,N1=  59  69
 DIMENSIONS  59  69   240.9  55  74   234.0  55  74   231.6  55  74   230.2
 DENSTY: JSHAP= 49    JBAR= 91        70.0     8.4
 EVA M1,N1=    59    69
 NOP,NOA,NOF,NOG,KE2MX= 0 0 0 016  NOLEP,NOLJI,NOLJF,JFJI= 1 1 1 1

 EVA  M1*N1  4071    ZEROS     0    CUTS     0    CUTPOP  0.2407E-07    SUM CUTS  0.0000E+00
 LOSS BELOW YRAST LINE  0.0000E+00
 EVA-,STEP  3
 SEQOUT NROW,NSTEP   4   3         PARENT 168Tm      ELAB   309.0    EXCIT   272.7

 SUMP,SUMLOW    0.3113E+00    0.0000E+00
 WROTE POPP ON UNIT  11               167Er  
 SUMA,SUMLOW    0.1925E+00    0.0000E+00
 WROTE POPA ON UNIT  12               164Ho  
 TOTAL    0.4814E+01
 FLOST(SUMPOP),TRIM(CUTOFF),RLOST(POPUL),RP 
   0.2204E+00   0.0000E+00   0.6799E-04   0.1973E+00   0.2200E-01   0.1545E-01   0.0000E+00

 J SPECTRUM OF PARENT 168Tm  
    AVERAGE=  43.061    SUM=   0.481E+01
    0.00      4     12     21     29     37     84     55     63     70    183
   10.00    215    104    159    165    124    129    133    136    139    141
   20.00    142    143    143    142    141    139    136    133    129    125
   30.00    121    116    111    106    101     95     90     85     81     77
   40.00     73     70     67     65     63     62     61     61     61     63
   50.00     66     70     76     84     95    109    127    150    178    212
   60.00    252    299    350    405    461    515    565    586    357

 J SPECTRUM OF FISS   168Tm  
    AVERAGE=  56.122    SUM=   0.829E+00
    0.00      0      1      2      3      4     11      7      8      9     28
   10.00     23     16     26     28     21     22     24     26     27     29
   20.00     31     33     35     36     38     40     42     44     46     48
   30.00     49     51     52     54     55     56     58     59     60     62
   40.00     63     65     67     69     71     74     78     82     87     94
   50.00    103    114    128    145    168    196    231    274    325    385
   60.00    451    525    600    671    733    782    818    817    484

 E SPECTRUM OF PARENT 168Tm  
    AVERAGE= 224.585    SUM=   0.481E+01
  182.92     48     50     51     52     52     51     50     48     46     43
  192.92     40     85     76     67     58     49     40     32     26     20
  202.92     16     13     11     11     12     14     18     23     29     37
  212.92     48     60     76     94    116    142    171    203    239    277
  222.92    317    360    403    447    488    524    554    574    580    571
  232.92    544    499    437    362    281    201    131     76     26

 DJN SPEC
    AVERAGE=  -0.913    SUM=   0.325E+01
   -1.00   9129    870      0      0      0      0      0      0      0      0

 DJP SPEC
    AVERAGE=  -0.910    SUM=   0.311E+00
   -1.00   9098    901      0      0      0      0      0      0      0      0

 DJA SPEC
    AVERAGE=  -2.764    SUM=   0.192E+00
   -9.00      0      0      0      0      0      0   8578    691    526    203

   N   M   EXMAX  AV.EX. NW  MW  EXMAXW      Q      AL   DELTA     AVJ      DJ        TOTAL  BRANCH
  69  59   240.9   224.6  71  35   181.9    0.00   20.11   -1.48   43.06    0.00     0.481E+01 10000    
  74  55   234.0   213.1  80  31   176.0   -6.84   20.01   -0.98   39.85    3.21     0.325E+01  6743   N
  74  55   231.6   208.1  80  31   173.6   -5.31   20.01   -0.76   38.85    4.21     0.311E+00   647   P
  74  55   230.2   205.3  80  62   172.2    1.24   19.72   -1.49   39.41    3.65     0.192E+00   400   A
                   227.5  69  36   182.9  -33.04   23.00   -1.48   56.12             0.829E+00  1723   F
                                                                                     0.000E+00     0   G

 SPECTRA N,P,A  AVE    6.18   13.85   23.43         SUMS  0.3436E+01  0.3331E+00  0.2079E+00
 SEQIN:PAIR,DELT,CST   4  11.00   1.160 AL=  20.01  19.92  19.92  19.62  22.89 DELTA= -0.98 -1.88  0.00 -0.96 -0.98
 AF/AN=   1.100   BS,BK=   1.2826   1.4963 DPBAR=  31.10 A= 167. Z=  69. Y=   0.389
 SHELL CORRECTIONS        -2.0    -1.7    -2.2    -1.8     0.0

 GRIDS  NROW,NSTEP   4   4
 SUMN,SUMLOW    0.3246E+01    0.0000E+00
 GOT POPP FROM UNIT  10      SUMP  0.2846E+01   M,N,EXMAX  55  74   238.0     167Tm      CN= 173Hf  
 SUMPOP FLOST,SUM,EXMAX,M,N -0.8882E-15  0.6092E+01  237.98  59  69  0.2846E+01  237.98  55  74  0.3246E+01  233.98  55  74  0 -4
 GOT POPA FROM UNIT  13      SUMA  0.2405E+01   M,N,EXMAX  53  77   245.0     167Tm  
 SUMPOP FLOST,SUM,EXMAX,M,N  0.2167E-05  0.8497E+01  237.98  59  69  0.6092E+01  237.98  59  69  0.2405E+01  244.98  53  77  0  6
 CUTOFF   NSTEP,TOTAL,TRIM,TRIMJ,TRIME,TRIMLEV   4  0.8497E+01  0.3049E-06  0.0000E+00  0.0000E+00  0.3049E-06
          ICUT,AMX,ALEVEL,IAGAIN  18  0.2978E-01  0.2840E-07  20    CUT,PRCNT  0.100E-06  0.100E+01  M1,N1=  59  69
 DIMENSIONS  59  69   238.0  55  74   229.2  55  74   229.1  55  74   227.4
 DENSTY: JSHAP= 48    JBAR= 89        68.5     8.2
 EVA M1,N1=    59    69
 NOP,NOA,NOF,NOG,KE2MX= 0 0 0 016  NOLEP,NOLJI,NOLJF,JFJI= 1 1 1 1

 EVA  M1*N1  4071    ZEROS    14    CUTS     5    CUTPOP  0.1420E-07    SUM CUTS  0.1073E-07
 LOSS BELOW YRAST LINE  0.0000E+00
 EVA-,STEP  4
 SEQOUT NROW,NSTEP   4   4         PARENT 167Tm      ELAB   309.0    EXCIT   272.7

 SUMP,SUMLOW    0.6438E+00    0.0000E+00
 WROTE POPP ON UNIT  11               166Er  
 SUMA,SUMLOW    0.3885E+00    0.0000E+00
 WROTE POPA ON UNIT  12               163Ho  
 TOTAL    0.8497E+01
 FLOST(SUMPOP),TRIM(CUTOFF),RLOST(POPUL),RP 
   0.2167E-05   0.3156E-06   0.7670E-04   0.2242E+00   0.2920E-01   0.2107E-01   0.0000E+00

 J SPECTRUM OF PARENT 167Tm  
    AVERAGE=  40.968    SUM=   0.850E+01
    0.00      5     14     24     34     44    105     65     74     83    277
   10.00    269    171    175    180    146    150    154    156    158    158
   20.00    158    157    155    153    149    145    140    135    129    123
   30.00    117    110    103     97     90     83     77     72     67     63
   40.00     59     55     52     50     48     46     45     45     46     48
   50.00     51     55     61     69     80     95    115    140    173    213
   60.00    263    321    387    458    530    601    659    435      0

 J SPECTRUM OF FISS   167Tm  
    AVERAGE=  55.823    SUM=   0.112E+01
    0.00      0      1      3      4      5     14      8     10     11     41
   10.00     36     27     29     30     25     27     28     30     32     33
   20.00     35     37     38     40     41     43     44     46     47     48
   30.00     49     50     50     51     51     51     51     52     52     53
   40.00     53     54     55     56     57     59     62     65     70     76
   50.00     85     95    109    128    152    184    225    276    338    412
   60.00    499    597    698    793    878    948    992    625      0

 E SPECTRUM OF PARENT 167Tm  
    AVERAGE= 214.067    SUM=   0.850E+01
  179.98     24     24     24     24     51     47     43     38     32     28
  189.98     24     22     24     25     27     31     37     45     54     65
  199.98     79     94    113    133    156    182    209    239    271    303
  209.98    337    370    402    432    458    481    497    507    508    501
  219.98    484    457    420    376    326    272    218    166    119     80
  229.98     49     27     13      5      1      0      0      0      0

 DJN SPEC
    AVERAGE=  -0.890    SUM=   0.607E+01
   -1.00   8900   1099      0      0      0      0      0      0      0      0

 DJP SPEC
    AVERAGE=  -0.884    SUM=   0.644E+00
   -1.00   8840   1159      0      0      0      0      0      0      0      0

 DJA SPEC
    AVERAGE=  -2.704    SUM=   0.388E+00
   -9.00      0      0      0      0      0      0   8231    817    710    240

   N   M   EXMAX  AV.EX. NW  MW  EXMAXW      Q      AL   DELTA     AVJ      DJ        TOTAL  BRANCH
  69  59   238.0   214.1  71  35   179.0    0.00   20.01   -0.98   40.97    0.00     0.850E+01 10000    
  74  55   229.2   200.0  80  31   171.2   -8.73   19.92   -1.88   38.06    2.91     0.607E+01  7145   N
  74  55   229.1   196.8  80  31   171.1   -4.91   19.92    0.00   36.92    4.05     0.644E+00   758   P
  74  55   227.4   193.7  80  62   169.4    1.41   19.62   -0.96   37.73    3.24     0.388E+00   457   A
                   215.9  69  36   180.0  -32.63   22.89   -0.98   55.82             0.112E+01  1317   F
                                                                                     0.000E+00     0   G

 SPECTRA N,P,A  AVE    6.06   13.72   23.28         SUMS  0.6281E+01  0.6727E+00  0.4095E+00
 SEQIN:PAIR,DELT,CST   4  11.00   1.160 AL=  19.92  19.82  19.82  19.52  22.79 DELTA= -1.88 -1.11 -1.01 -1.69 -1.88
 AF/AN=   1.100   BS,BK=   1.2826   1.4960 DPBAR=  30.75 A= 166. Z=  69. Y=   0.389
 SHELL CORRECTIONS        -1.7    -1.5    -1.9    -1.4     0.0

 GRIDS  NROW,NSTEP   4   5
 SUMN,SUMLOW    0.6071E+01    0.0000E+00
 GOT POPP FROM UNIT  10      SUMP  0.2759E+01   M,N,EXMAX  56  73   224.2     166Tm      CN= 173Hf  
 SUMPOP FLOST,SUM,EXMAX,M,N  0.2463E-01  0.8805E+01  229.15  60  68  0.2759E+01  224.16  56  73  0.6071E+01  229.15  55  74 -5  0
 GOT POPA FROM UNIT  13      SUMA  0.2200E+01   M,N,EXMAX  53  76   235.2     166Tm  
 SUMPOP FLOST,SUM,EXMAX,M,N  0.4448E-07  0.1101E+02  229.16  60  68  0.8805E+01  229.15  60  68  0.2200E+01  235.16  53  76  0  5
 CUTOFF   NSTEP,TOTAL,TRIM,TRIMJ,TRIME,TRIMLEV   5  0.1101E+02  0.2746E-06  0.0000E+00  0.2746E-06  0.0000E+00
          ICUT,AMX,ALEVEL,IAGAIN  18  0.3656E-01  0.1743E-07  21    CUT,PRCNT  0.100E-06  0.100E+01  M1,N1=  59  68
 CUTOFF OLD,NEW M1  59  60
 DIMENSIONS  60  68   228.2  56  73   221.0  56  73   219.5  56  73   217.9
 DENSTY: JSHAP= 48    JBAR= 86        67.0     7.6
 EVA M1,N1=    60    68
 NOP,NOA,NOF,NOG,KE2MX= 0 0 0 016  NOLEP,NOLJI,NOLJF,JFJI= 1 1 1 1

 EVA  M1*N1  4080    ZEROS     0    CUTS    36    CUTPOP  0.8716E-08    SUM CUTS  0.1301E-06
 LOSS BELOW YRAST LINE  0.0000E+00
 EVA-,STEP  5
 SEQOUT NROW,NSTEP   4   5         PARENT 166Tm      ELAB   309.0    EXCIT   272.7

 SUMP,SUMLOW    0.9348E+00    0.0000E+00
 WROTE POPP ON UNIT  11               165Er  
 SUMA,SUMLOW    0.5455E+00    0.0000E+00
 WROTE POPA ON UNIT  12               162Ho  
 TOTAL    0.1101E+02
 FLOST(SUMPOP),TRIM(CUTOFF),RLOST(POPUL),RP 
   0.2463E-01   0.4047E-06   0.5562E-04   0.2385E+00   0.4643E-01   0.3624E-01   0.0000E+00

 J SPECTRUM OF PARENT 166Tm  
    AVERAGE=  38.472    SUM=   0.110E+02
    0.00      5     17     29     40     52    126     76     87     97    385
   10.00    423    191    195    199    170    173    175    176    176    174
   20.00    172    169    164    159    153    147    140    133    125    117
   30.00    109    101     93     85     78     71     65     59     54     50
   40.00     46     43     40     38     36     35     34     34     35     37
   50.00     40     44     50     59     71     87    109    138    175    223
   60.00    283    354    435    522    612    697    479      0

 J SPECTRUM OF FISS   166Tm  
    AVERAGE=  55.538    SUM=   0.110E+01
    0.00      0      2      3      4      6     15      9     11     12     53
   10.00     57     29     30     32     28     29     31     32     34     35
   20.00     37     38     39     40     41     42     43     44     45     45
   30.00     45     45     45     45     45     44     44     44     44     44
   40.00     44     44     45     46     47     49     51     55     60     66
   50.00     75     86    102    123    151    189    239    301    379    475
   60.00    587    712    838    955   1058   1138    739      0

 E SPECTRUM OF PARENT 166Tm  
    AVERAGE= 199.776    SUM=   0.110E+02
  169.16      0     21     20     18     16     15     37     35     35     36
  179.16     38     42     48     67     78     90    105    122    141    161
  189.16    184    208    233    259    286    314    340    366    390    412
  199.16    430    444    454    458    456    448    434    413    386    355
  209.16    319    279    239    198    160    124     92     65     44     27
  219.16     16      8      4      1      0      0      0      0      0      0

 DJN SPEC
    AVERAGE=  -0.855    SUM=   0.811E+01
   -1.00   8546   1453      0      0      0      0      0      0      0      0

 DJP SPEC
    AVERAGE=  -0.847    SUM=   0.935E+00
   -1.00   8466   1533      0      0      0      0      0      0      0      0

 DJA SPEC
    AVERAGE=  -2.629    SUM=   0.546E+00
   -9.00      0      0      0      0      0      0   7829    902    991    276

   N   M   EXMAX  AV.EX. NW  MW  EXMAXW      Q      AL   DELTA     AVJ      DJ        TOTAL  BRANCH
  68  60   228.2   199.8  70  35   168.2    0.00   19.92   -1.88   38.47    0.00     0.110E+02 10000    
  73  56   221.0   187.3  79  31   162.0   -7.03   19.82   -1.11   35.90    2.57     0.811E+01  7366   N
  73  56   219.5   182.8  79  31   160.5   -4.66   19.82   -1.01   34.74    3.73     0.935E+00   849   P
  73  56   217.9   180.0  80  62   158.9    1.73   19.52   -1.69   35.80    2.67     0.546E+00   496   A
                   201.6  68  36   169.2  -31.92   22.79   -1.88   55.54             0.110E+01   997   F
                                                                                     0.000E+00     0   G

 SPECTRA N,P,A  AVE    5.89   13.55   23.08         SUMS  0.8324E+01  0.9808E+00  0.5817E+00
1    ROW  4      ELEMENT Tm      X-SECTION   0.000E+00
(14)N+(159)Tb -> (173)Hf                                                
 ELAB(MEV)  309.000     Q-VALUE  -11.257    EXCIT  272.737
 SIGFUS,SIGEVA,SIGFIS,SIGMXZ  0.9476E+03  0.0000E+00  0.8568E+03  0.0000E+00
 ZT= 65    AT 159    ZP  7    AP  14


             170Tm     169Tm     168Tm     167Tm     166Tm  
 SIG        0.000E+00 0.000E+00 0.000E+00 0.000E+00 0.000E+00
 B-G               0         0         0         0         0
  R-N           7947      8093      6743      7145      7366
 BR-P            526       570       647       758       849
 BR-A            344       361       400       457       496
 BR-F           1111       818      1723      1317       997
 SIGF       0.267E-01 0.569E-01 0.829E+00 0.112E+01 0.110E+01
 TOTAL      0.240E+00 0.695E+00 0.481E+01 0.850E+01 0.110E+02
 EXCP          212.2     199.7     224.6     214.1     199.8
 SPINP          40.6      37.9      43.1      41.0      38.5
 EXCF          213.6     201.4     227.5     215.9     201.6
 SPINF          58.1      58.8      56.1      55.8      55.5
 DJN           -0.89     -0.85     -0.91     -0.89     -0.85
 DJP           -0.88     -0.84     -0.91     -0.88     -0.85
 DJA           -2.70     -2.63     -2.76     -2.70     -2.63
 AV.E N         6.01      5.85      6.18      6.06      5.89
 AV.E P        13.64     13.48     13.85     13.72     13.55
 AV.E A        23.19     23.00     23.43     23.28     23.08
 SUM GAM         0.0       0.0       0.0       0.0       0.0
 SPIN GAM        0.0       0.0       0.0       0.0       0.0

 TRIM       0.477E-07 0.160E-06 0.000E+00 0.316E-06 0.405E-06
 FLOST      0.000E+00 0.111E-14 0.220E+00 0.217E-05 0.246E-01
 RP         0.000E+00 0.000E+00 0.000E+00 0.000E+00 0.000E+00
 RLOSTG     0.264E-09 0.238E-08 0.680E-04 0.767E-04 0.556E-04
 RLOSTN     0.129E-02 0.803E-02 0.197E+00 0.224E+00 0.238E+00
 RLOSTP     0.214E-03 0.146E-02 0.220E-01 0.292E-01 0.464E-01
 RLOSTA     0.235E-03 0.143E-02 0.155E-01 0.211E-01 0.362E-01
 TIME              0         0         0         0         0

 STORAGE
  1.  1.  3.  3.  3.
  0.  0.  2.  2.  2.
  169.   68.   0.0010    21     1    25    25    35    12    12    20
 DEL     1.0     0.1     4.0    12.0     0.0
 TRANSM  APAR,ZPAR,SIGLOW,UNIT,DEL 169.0  68.0  0.10E-02  21     0.1     4.0    12.0
 SEQIN:PAIR,DELT,CST   4  11.00   1.160 AL=  20.21  20.11  20.11  19.82  23.17 DELTA= -0.72  0.00 -1.21 -0.75 -0.72
 AF/AN=   1.100   BS,BK=   1.2848   1.5195 DPBAR=  33.84 A= 169. Z=  68. Y=   0.429
 SHELL CORRECTIONS        -2.7    -2.6    -2.5    -2.5     0.0
1 NEW ROW

 GRIDS  NROW,NSTEP   5   1
 SUMN,SUMLOW    0.0000E+00    0.0000E+00
 GOT POPP FROM UNIT  11      SUMP  0.1264E-01   M,N,EXMAX  53  76   226.1     169Er      CN= 173Hf  
 SUMPOP FLOST,SUM,EXMAX,M,N  0.0000E+00  0.1264E-01  226.09  53  76
 SUMPOP FLOST,SUM,EXMAX,M,N  0.0000E+00  0.1264E-01  226.09  53  76
 CUTOFF   NSTEP,TOTAL,TRIM,TRIMJ,TRIME,TRIMLEV   1  0.1264E-01  0.2419E-09  0.0000E+00  0.2419E-09  0.0000E+00
          ICUT,AMX,ALEVEL,IAGAIN  18  0.4519E-04  0.2155E-10  21    CUT,PRCNT  0.100E-06  0.100E+01  M1,N1=  49  70
 CUTOFF OLD,NEW M1  49  58
 DIMENSIONS  58  70   222.1  54  75   216.0  54  75   209.9  54  75   210.4
 DENSTY: JSHAP= 49    JBAR= 96        72.5     9.4
 EVA M1,N1=    58    70
 NOP,NOA,NOF,NOG,KE2MX= 0 0 0 016  NOLEP,NOLJI,NOLJF,JFJI= 1 1 1 1

 EVA  M1*N1  4060    ZEROS     2    CUTS   200    CUTPOP  0.1077E-10    SUM CUTS  0.3229E-09
 LOSS BELOW YRAST LINE  0.0000E+00
 EVA-,STEP  1
 SEQOUT NROW,NSTEP   5   1         PARENT 169Er      ELAB   309.0    EXCIT   272.7

 SUMP,SUMLOW    0.5055E-03    0.0000E+00
 WROTE POPP ON UNIT  10               168Ho  
 SUMA,SUMLOW    0.3463E-03    0.0000E+00
 WROTE POPA ON UNIT  12               165Dy  
 TOTAL    0.1264E-01
 FLOST(SUMPOP),TRIM(CUTOFF),RLOST(POPUL),RP 
   0.0000E+00   0.5648E-09   0.5198E-10   0.1904E-03   0.2175E-04   0.2224E-04   0.0000E+00

 J SPECTRUM OF PARENT 169Er  
    AVERAGE=  36.094    SUM=   0.126E-01
    0.00      6     19     33     46     59     71     85     97    109    119
   10.00    739    173    180    186    191    195    198    200    201    201
   20.00    200    198    194    190    185    179    173    166    158    150
   30.00    141    133    124    115    106     97     89     81     75     69
   40.00     64     59     54     51     48     45     43     41     41     41
   50.00     42     44     48     52     59     68     80     96    116    141
   60.00    170    206    247    290    334    377    417    456    306      0

 J SPECTRUM OF FISS   169Er  
    AVERAGE=  59.189    SUM=   0.488E-03
    0.00      0      1      2      3      3      4      5      6      7      8
   10.00     56     14     15     16     17     18     19     20     21     22
   20.00     23     24     25     25     26     27     28     29     30     31
   30.00     31     32     32     32     33     33     33     33     33     34
   40.00     34     35     35     36     37     38     39     42     45     49
   50.00     55     63     73     86    103    128    160    202    256    323
   60.00    406    507    625    747    872    993   1105   1211    813      0

 E SPECTRUM OF PARENT 169Er  
    AVERAGE= 192.926    SUM=   0.126E-01
  165.09      0      0      0      0      0      0      0      0      0     50
  175.09     62     76     91    109    129    152    177    203    232    262
  185.09    293    324    354    384    411    436    457    472    483    487
  195.09    485    476    460    437    408    374    335    294    251    209
  205.09    169    132    100     73     51     33     21     12      7      3
  215.09      1      0      0      0      0      0      0      0

 DJN SPEC
    AVERAGE=  -0.857    SUM=   0.111E-01
   -1.00   8565   1434      0      0      0      0      0      0      0      0

 DJP SPEC
    AVERAGE=  -0.845    SUM=   0.506E-03
   -1.00   8448   1551      0      0      0      0      0      0      0      0

 DJA SPEC
    AVERAGE=  -2.632    SUM=   0.346E-03
   -9.00      0      0      0      0      0      0   7839    875   1051    233

   N   M   EXMAX  AV.EX. NW  MW  EXMAXW      Q      AL   DELTA     AVJ      DJ        TOTAL  BRANCH
  70  58   222.1   192.9  72  34   164.1    0.00   20.21   -0.72   36.09    0.00     0.126E-01 10000    
  75  54   216.0   181.4  80  31   159.0   -6.00   20.11    0.00   34.43    1.67     0.111E-01  8754   N
  75  54   209.9   172.7  80  31   152.9   -8.15   20.11   -1.21   32.68    3.42     0.506E-03   400   P
  75  54   210.4   172.0  80  62   153.4    0.27   19.82   -0.75   33.71    2.38     0.346E-03   274   A
                   194.9  70  35   165.1  -36.05   23.17   -0.72   59.19             0.488E-03   386   F
                                                                                     0.000E+00     0   G

 SPECTRA N,P,A  AVE    5.75   13.25   22.63         SUMS  0.1123E-01  0.5271E-03  0.3686E-03
 SEQIN:PAIR,DELT,CST   4  11.00   1.160 AL=  20.11  20.01  20.01  19.72  23.07 DELTA=  0.00 -0.76 -0.78  0.00  0.00
 AF/AN=   1.100   BS,BK=   1.2848   1.5195 DPBAR=  33.56 A= 168. Z=  68. Y=   0.429
 SHELL CORRECTIONS        -2.6    -2.4    -2.6    -2.5     0.0

 GRIDS  NROW,NSTEP   5   2
 SUMN,SUMLOW    0.1107E-01    0.0000E+00
 GOT POPP FROM UNIT  11      SUMP  0.3963E-01   M,N,EXMAX  54  75   218.0     168Er      CN= 173Hf  
 SUMPOP FLOST,SUM,EXMAX,M,N -0.5551E-16  0.5069E-01  217.99  56  73  0.3963E-01  217.99  54  75  0.1107E-01  215.99  54  75  0 -2
 SUMPOP FLOST,SUM,EXMAX,M,N  0.0000E+00  0.5069E-01  217.99  56  73
 CUTOFF   NSTEP,TOTAL,TRIM,TRIMJ,TRIME,TRIMLEV   2  0.5069E-01  0.3101E-08  0.0000E+00  0.3101E-08  0.0000E+00
          ICUT,AMX,ALEVEL,IAGAIN  18  0.2320E-03  0.1106E-09  21    CUT,PRCNT  0.100E-06  0.100E+01  M1,N1=  51  69
 CUTOFF OLD,NEW M1  51  59
 DIMENSIONS  59  69   213.0  55  74   205.1  55  74   201.0  55  74   201.5
 DENSTY: JSHAP= 49    JBAR= 95        72.0     9.2
 EVA M1,N1=    59    69
 NOP,NOA,NOF,NOG,KE2MX= 0 0 0 016  NOLEP,NOLJI,NOLJF,JFJI= 1 1 1 1

 EVA  M1*N1  4071    ZEROS     2    CUTS   127    CUTPOP  0.5531E-10    SUM CUTS  0.1474E-08
 LOSS BELOW YRAST LINE  0.0000E+00
 EVA-,STEP  2
 SEQOUT NROW,NSTEP   5   2         PARENT 168Er      ELAB   309.0    EXCIT   272.7

 SUMP,SUMLOW    0.2151E-02    0.0000E+00
 WROTE POPP ON UNIT  10               167Ho  
 SUMA,SUMLOW    0.1437E-02    0.0000E+00
 WROTE POPA ON UNIT  12               164Dy  
 TOTAL    0.5069E-01
 FLOST(SUMPOP),TRIM(CUTOFF),RLOST(POPUL),RP 
  -0.5551E-16   0.4576E-08   0.3220E-09   0.9302E-03   0.1180E-03   0.1164E-03   0.0000E+00

 J SPECTRUM OF PARENT 168Er  
    AVERAGE=  33.938    SUM=   0.507E-01
    0.00      7     22     36     51     65     79     95    108    120    132
   10.00   1003    197    203    208    212    214    216    216    214    212
   20.00    209    204    199    192    184    176    168    159    150    140
   30.00    130    120    110    100     91     82     74     67     61     56
   40.00     51     47     43     40     37     35     34     33     33     33
   50.00     35     37     41     47     54     65     78     96    119    148
   60.00    183    225    272    321    371    420    468    318      0

 J SPECTRUM OF FISS   168Er  
    AVERAGE=  59.384    SUM=   0.155E-02
    0.00      0      1      2      2      3      4      5      6      7      8
   10.00     64     13     14     15     15     16     17     18     19     19
   20.00     20     21     21     22     23     23     24     24     25     25
   30.00     25     25     25     25     25     25     25     25     25     25
   40.00     25     26     26     26     27     28     30     32     35     40
   50.00     45     53     63     78     98    126    164    214    280    364
   60.00    472    605    757    918   1084   1248   1409    970      1

 E SPECTRUM OF PARENT 168Er  
    AVERAGE= 181.582    SUM=   0.507E-01
  154.99      0      0      0      0      0      0      0      0     12     16
  164.99    101    121    143    164    187    212    237    264    291    318
  174.99    344    369    392    413    430    444    453    457    456    450
  184.99    438    421    399    373    343    310    275    240    205    171
  194.99    139    110     85     64     46     32     21     14      8      5
  204.99      2      1      0      0      0      0      0      0      0

 DJN SPEC
    AVERAGE=  -0.823    SUM=   0.444E-01
   -1.00   8232   1767      0      0      0      0      0      0      0      0

 DJP SPEC
    AVERAGE=  -0.810    SUM=   0.215E-02
   -1.00   8096   1903      0      0      0      0      0      0      0      0

 DJA SPEC
    AVERAGE=  -2.559    SUM=   0.144E-02
   -9.00      0      0      0      0      0      0   7434    974   1332    257

   N   M   EXMAX  AV.EX. NW  MW  EXMAXW      Q      AL   DELTA     AVJ      DJ        TOTAL  BRANCH
  69  59   213.0   181.6  71  35   154.0    0.00   20.11    0.00   33.94    0.00     0.507E-01 10000    
  74  55   205.1   168.5  80  31   147.1   -7.77   20.01   -0.76   32.45    1.49     0.444E-01  8757   N
  74  55   201.0   161.9  80  31   143.0   -8.00   20.01   -0.78   30.70    3.24     0.215E-02   424   P
  74  55   201.5   161.4  80  62   143.5    0.55   19.72    0.00   31.88    2.05     0.144E-02   284   A
                   183.9  69  36   155.0  -35.68   23.07    0.00   59.38             0.155E-02   305   F
                                                                                     0.000E+00     0   G

 SPECTRA N,P,A  AVE    5.59   13.08   22.43         SUMS  0.4520E-01  0.2268E-02  0.1554E-02
 SEQIN:PAIR,DELT,CST   4  11.00   1.160 AL=  20.01  19.92  19.92  19.62  22.96 DELTA= -0.76  0.00 -1.27 -0.79 -0.76
 AF/AN=   1.100   BS,BK=   1.2848   1.5194 DPBAR=  33.26 A= 167. Z=  68. Y=   0.429
 SHELL CORRECTIONS        -2.4    -2.2    -2.3    -2.2     0.0

 GRIDS  NROW,NSTEP   5   3
 SUMN,SUMLOW    0.4439E-01    0.0000E+00
 GOT POPP FROM UNIT  11      SUMP  0.3113E+00   M,N,EXMAX  55  74   231.6     167Er      CN= 173Hf  
 SUMPOP FLOST,SUM,EXMAX,M,N  0.1411E-01  0.3416E+00  223.61  60  68  0.3113E+00  231.61  55  74  0.4439E-01  205.12  55  74  7-18
 GOT POPA FROM UNIT  13      SUMA  0.1808E+01   M,N,EXMAX  54  75   226.0     165Tm  
 SUMPOP FLOST,SUM,EXMAX,M,N  0.2876E-11  0.2149E+01  224.03  60  68  0.3416E+00  223.61  60  68  0.1808E+01  226.03  54  75  0  1
 CUTOFF   NSTEP,TOTAL,TRIM,TRIMJ,TRIME,TRIMLEV   3  0.2149E+01  0.1017E-06  0.0000E+00  0.0000E+00  0.1017E-06
          ICUT,AMX,ALEVEL,IAGAIN   2  0.7721E-02  0.5891E-07  17    CUT,PRCNT  0.100E-06  0.100E+01  M1,N1=  60  68
 DIMENSIONS  60  68   224.0  56  73   217.5  56  73   212.5  56  73   212.7
 DENSTY: JSHAP= 49    JBAR= 94        71.5     9.0
 EVA M1,N1=    60    68
 NOP,NOA,NOF,NOG,KE2MX= 0 0 0 016  NOLEP,NOLJI,NOLJF,JFJI= 1 1 1 1

 EVA  M1*N1  4080    ZEROS     0    CUTS     0    CUTPOP  0.1075E-07    SUM CUTS  0.0000E+00
 LOSS BELOW YRAST LINE  0.0000E+00
 EVA-,STEP  3
 SEQOUT NROW,NSTEP   5   3         PARENT 167Er      ELAB   309.0    EXCIT   272.7

 SUMP,SUMLOW    0.1043E+00    0.0000E+00
 WROTE POPP ON UNIT  10               166Ho  
 SUMA,SUMLOW    0.6654E-01    0.0000E+00
 WROTE POPA ON UNIT  12               163Dy  
 TOTAL    0.2149E+01
 FLOST(SUMPOP),TRIM(CUTOFF),RLOST(POPUL),RP 
   0.1411E-01   0.1017E-06   0.5341E-05   0.9725E-01   0.1228E-01   0.1046E-01   0.0000E+00

 J SPECTRUM OF PARENT 167Er  
    AVERAGE=  36.499    SUM=   0.215E+01
    0.00      7     22     36     51     65    160     96    108    120    839
   10.00    219    192    197    358    193    194    193    190    187    182
   20.00    176    169    160    151    142    133    123    113    103     93
   30.00     84     75     67     59     52     46     41     37     33     30
   40.00     27     25     23     21     20     19     19     19     20     21
   50.00     23     27     32     39     50     65     88    120    164    225
   60.00    306    406    524    655    794    612     79     48

 J SPECTRUM OF FISS   167Er  
    AVERAGE=  59.128    SUM=   0.123E+00
    0.00      0      1      2      2      3      9      5      6      7     51
   10.00     15     14     15     25     15     15     16     17     17     18
   20.00     18     18     19     19     19     19     19     19     19     19
   30.00     19     18     18     18     17     17     17     17     16     17
   40.00     17     17     17     17     18     19     20     22     25     29
   50.00     33     40     50     65     87    119    165    232    328    462
   60.00    643    872   1140   1435   1748   1366    226    139

 E SPECTRUM OF PARENT 167Er  
    AVERAGE= 191.127    SUM=   0.215E+01
  165.03      8      8      8      8      9      9      8    108    123    138
  175.03    155    173    199    218    238    258    277    296    314    330
  185.03    346    359    369    377    381    381    378    371    360    346
  195.03    328    307    285    260    236    211    188    166    146    129
  205.03    115    104     95     89     84     81     78     75     71     67
  215.03     61     55     48     40     32     25     18     12      8      4

 DJN SPEC
    AVERAGE=  -0.819    SUM=   0.174E+01
   -1.00   8191   1808      0      0      0      0      0      0      0      0

 DJP SPEC
    AVERAGE=  -0.808    SUM=   0.104E+00
   -1.00   8082   1917      0      0      0      0      0      0      0      0

 DJA SPEC
    AVERAGE=  -2.542    SUM=   0.665E-01
   -9.00      0      0      0      0      0      0   7344   1071   1244    338

   N   M   EXMAX  AV.EX. NW  MW  EXMAXW      Q      AL   DELTA     AVJ      DJ        TOTAL  BRANCH
  68  60   224.0   191.1  70  35   164.0    0.00   20.01   -0.76   36.50    0.00     0.215E+01 10000    
  73  56   217.5   179.8  79  31   158.5   -6.44   19.92    0.00   34.59    1.91     0.174E+01  8076   N
  73  56   212.5   173.0  79  31   153.5   -7.51   19.92   -1.27   33.05    3.45     0.104E+00   485   P
  73  56   212.7   172.3  80  62   153.7    0.67   19.62   -0.79   34.63    1.87     0.665E-01   310   A
                   194.6  68  36   165.0  -35.17   22.96   -0.76   59.13             0.123E+00   571   F
                                                                                     0.000E+00     0   G

 SPECTRA N,P,A  AVE    5.74   13.25   22.62         SUMS  0.1828E+01  0.1166E+00  0.7700E-01
 SEQIN:PAIR,DELT,CST   4  11.00   1.160 AL=  19.92  19.82  19.82  19.52  22.85 DELTA=  0.00 -1.01 -0.82  0.00  0.00
 AF/AN=   1.100   BS,BK=   1.2848   1.5194 DPBAR=  32.95 A= 166. Z=  68. Y=   0.429
 SHELL CORRECTIONS        -2.2    -1.9    -2.3    -1.9     0.0

 GRIDS  NROW,NSTEP   5   4
 SUMN,SUMLOW    0.1736E+01    0.0000E+00
 GOT POPP FROM UNIT  11      SUMP  0.6438E+00   M,N,EXMAX  55  74   229.1     166Er      CN= 173Hf  
 SUMPOP FLOST,SUM,EXMAX,M,N  0.2586E-01  0.2354E+01  222.07  60  68  0.6438E+00  229.07  55  74  0.1736E+01  217.49  56  73  6 -5
 GOT POPA FROM UNIT  13      SUMA  0.1445E+01   M,N,EXMAX  55  74   214.8     164Tm  
 SUMPOP FLOST,SUM,EXMAX,M,N  0.1915E-05  0.3799E+01  220.07  60  68  0.2354E+01  222.07  60  68  0.1445E+01  214.83  55  74  1 -5
 CUTOFF   NSTEP,TOTAL,TRIM,TRIMJ,TRIME,TRIMLEV   4  0.3799E+01  0.5536E-07  0.0000E+00  0.0000E+00  0.5536E-07
          ICUT,AMX,ALEVEL,IAGAIN  12  0.1500E-01  0.1430E-07  20    CUT,PRCNT  0.100E-06  0.100E+01  M1,N1=  60  68
 DIMENSIONS  60  68   220.1  56  73   211.5  56  73   208.8  56  73   208.9
 DENSTY: JSHAP= 48    JBAR= 93        70.5     9.0
 EVA M1,N1=    60    68
 NOP,NOA,NOF,NOG,KE2MX= 0 0 0 016  NOLEP,NOLJI,NOLJF,JFJI= 1 1 1 1

 EVA  M1*N1  4080    ZEROS     3    CUTS    15    CUTPOP  0.7152E-08    SUM CUTS  0.1884E-07
 LOSS BELOW YRAST LINE  0.0000E+00
 EVA-,STEP  4
 SEQOUT NROW,NSTEP   5   4         PARENT 166Er      ELAB   309.0    EXCIT   272.7

 SUMP,SUMLOW    0.1574E+00    0.0000E+00
 WROTE POPP ON UNIT  10               165Ho  
 SUMA,SUMLOW    0.9548E-01    0.0000E+00
 WROTE POPA ON UNIT  12               162Dy  
 TOTAL    0.3799E+01
 FLOST(SUMPOP),TRIM(CUTOFF),RLOST(POPUL),RP 
   0.2586E-01   0.7420E-07   0.1986E-03   0.6977E+00   0.6817E-01   0.5045E-01   0.0000E+00

 J SPECTRUM OF PARENT 166Er  
    AVERAGE=  34.413    SUM=   0.380E+01
    0.00      7     23     39     54     69    172    103    116    129    951
   10.00    354    212    289    289    204    203    201    197    192    185
   20.00    177    169    159    150    139    129    119    108     98     88
   30.00     79     70     62     55     49     43     39     34     31     28
   40.00     25     23     22     20     19     19     19     19     20     22
   50.00     24     29     35     44     57     76    103    141    195    267
   60.00    359    470    597    736    592    130     86      0

 J SPECTRUM OF FISS   166Er  
    AVERAGE=  58.503    SUM=   0.161E+00
    0.00      0      1      2      2      3      9      5      6      7     51
   10.00     25     15     19     19     15     15     16     17     17     17
   20.00     18     18     18     18     19     19     19     19     18     18
   30.00     18     18     17     17     17     17     16     16     16     17
   40.00     17     17     17     18     19     20     21     24     27     31
   50.00     37     46     59     77    105    146    205    290    413    583
   60.00    806   1082   1397   1745   1456    417    278      0

 E SPECTRUM OF PARENT 166Er  
    AVERAGE= 180.266    SUM=   0.380E+01
  161.07     73    162    184    202    219    237    255    271    287    301
  171.07    313    324    339    346    350    351    350    346    340    330
  181.07    319    305    290    274    257    239    222    206    191    178
  191.07    165    155    146    138    132    126    121    116    110    104
  201.07     97     89     80     71     61     51     42     33     25     18
  211.07     13      8      5      3      1      0      0      0      0      0

 DJN SPEC
    AVERAGE=  -0.799    SUM=   0.257E+01
   -1.00   7986   2013      0      0      0      0      0      0      0      0

 DJP SPEC
    AVERAGE=  -0.791    SUM=   0.157E+00
   -1.00   7912   2087      0      0      0      0      0      0      0      0

 DJA SPEC
    AVERAGE=  -2.517    SUM=   0.955E-01
   -9.00      0      0      0      0      0      0   7221   1061   1378    338

   N   M   EXMAX  AV.EX. NW  MW  EXMAXW      Q      AL   DELTA     AVJ      DJ        TOTAL  BRANCH
  68  60   220.1   180.3  70  35   160.1    0.00   19.92    0.00   34.41    0.00     0.380E+01 10000    
  73  56   211.5   169.9  79  31   152.5   -8.48   19.82   -1.01   33.39    1.02     0.257E+01  6760   N
  73  56   208.8   166.2  79  31   149.8   -7.32   19.82   -0.82   32.07    2.34     0.157E+00   414   P
  73  56   208.9   165.8  80  62   149.9    0.83   19.52    0.00   33.67    0.74     0.955E-01   251   A
                   184.3  68  36   161.1  -34.66   22.85    0.00   58.50             0.161E+00   425   F
                                                                                     0.000E+00     0   G

 SPECTRA N,P,A  AVE    5.58   13.09   22.44         SUMS  0.3257E+01  0.2255E+00  0.1459E+00
 SEQIN:PAIR,DELT,CST   4  11.00   1.160 AL=  19.82  19.72  19.72  19.42  22.74 DELTA= -1.01  0.00 -1.49 -0.97 -1.01
 AF/AN=   1.100   BS,BK=   1.2848   1.5193 DPBAR=  32.62 A= 165. Z=  68. Y=   0.429
 SHELL CORRECTIONS        -1.9    -1.6    -1.9    -1.7     0.0

 GRIDS  NROW,NSTEP   5   5
 SUMN,SUMLOW    0.2568E+01    0.0000E+00
 GOT POPP FROM UNIT  11      SUMP  0.9348E+00   M,N,EXMAX  56  73   219.5     165Er      CN= 173Hf  
 SUMPOP FLOST,SUM,EXMAX,M,N  0.8506E-10  0.3503E+01  216.50  61  67  0.9348E+00  219.50  56  73  0.2568E+01  211.49  56  73  2 -5
 GOT POPA FROM UNIT  13      SUMA  0.1497E+00   M,N,EXMAX  53  77   240.6     167Er  
 SUMPOP FLOST,SUM,EXMAX,M,N  0.3012E-01  0.3623E+01  216.61  61  67  0.3503E+01  216.50  61  67  0.1497E+00  240.61  53  77  0 23
 CUTOFF   NSTEP,TOTAL,TRIM,TRIMJ,TRIME,TRIMLEV   5  0.3623E+01  0.1994E-06  0.0000E+00  0.0000E+00  0.1994E-06
          ICUT,AMX,ALEVEL,IAGAIN   3  0.1282E-01  0.9785E-07  17    CUT,PRCNT  0.100E-06  0.100E+01  M1,N1=  61  67
 DIMENSIONS  61  67   216.6  56  72   209.9  56  72   205.8  56  72   205.7
 DENSTY: JSHAP= 48    JBAR= 93        70.5     9.0
 EVA M1,N1=    61    67
 NOP,NOA,NOF,NOG,KE2MX= 0 0 0 016  NOLEP,NOLJI,NOLJF,JFJI= 1 1 1 1

 EVA  M1*N1  4087    ZEROS     0    CUTS     0    CUTPOP  0.1811E-07    SUM CUTS  0.0000E+00
 LOSS BELOW YRAST LINE  0.0000E+00
 EVA-,STEP  5
 SEQOUT NROW,NSTEP   5   5         PARENT 165Er      ELAB   309.0    EXCIT   272.7

 SUMP,SUMLOW    0.1457E+00    0.0000E+00
 WROTE POPP ON UNIT  10               164Ho  
 SUMA,SUMLOW    0.8543E-01    0.0000E+00
 WROTE POPA ON UNIT  12               161Dy  
 TOTAL    0.3623E+01
 FLOST(SUMPOP),TRIM(CUTOFF),RLOST(POPUL),RP 
   0.3012E-01   0.1994E-06   0.3444E-03   0.9832E+00   0.9778E-01   0.6759E-01   0.0000E+00

 J SPECTRUM OF PARENT 165Er  
    AVERAGE=  33.949    SUM=   0.362E+01
    0.00      7     22     37     52     66    164     98    111    123    784
   10.00    597    267    264    205    201    200    198    194    189    183
   20.00    176    169    160    151    142    132    122    113    103     94
   30.00     85     77     69     62     55     50     45     41     37     34
   40.00     31     29     27     26     25     24     24     25     27     29
   50.00     33     38     46     58     75     98    131    176    237    314
   60.00    407    514    631    562    278    199     21

 J SPECTRUM OF FISS   165Er  
    AVERAGE=  58.028    SUM=   0.161E+00
    0.00      0      1      1      2      3      8      5      5      6     37
   10.00     36     16     16     14     14     14     15     16     16     17
   20.00     17     17     18     18     18     19     19     19     19     19
   30.00     19     19     19     19     19     19     19     19     19     19
   40.00     20     20     21     21     23     24     26     30     34     40
   50.00     48     59     76    100    136    187    259    361    503    689
   60.00    925   1204   1514   1434    868    637     93

 E SPECTRUM OF PARENT 165Er  
    AVERAGE= 174.363    SUM=   0.362E+01
  156.61    274    284    292    299    304    307    307    328    327    324
  166.61    320    315    309    302    295    287    279    271    264    258
  176.61    252    246    241    236    232    227    221    215    207    199
  186.61    189    178    165    151    137    122    106     91     77     64
  196.61     52     42     33     27     22     19     17     16     16     16
  206.61     17     18     19     20     20     21     21     20     19     18
  216.61     16

 DJN SPEC
    AVERAGE=  -0.803    SUM=   0.208E+01
   -1.00   8034   1965      0      0      0      0      0      0      0      0

 DJP SPEC
    AVERAGE=  -0.799    SUM=   0.146E+00
   -1.00   7992   2007      0      0      0      0      0      0      0      0

 DJA SPEC
    AVERAGE=  -2.542    SUM=   0.854E-01
   -9.00      0      0      0      0      0      0   7373    976   1341    307

   N   M   EXMAX  AV.EX. NW  MW  EXMAXW      Q      AL   DELTA     AVJ      DJ        TOTAL  BRANCH
  67  61   216.6   174.4  69  36   155.6    0.00   19.82   -1.01   33.95    0.00     0.362E+01 10000    
  72  56   209.9   168.1  78  32   149.9   -6.65   19.72    0.00   33.00    0.95     0.208E+01  5746   N
  72  56   205.8   163.4  78  32   145.8   -6.83   19.72   -1.49   31.76    2.19     0.146E+00   402   P
  72  56   205.7   162.8  80  62   145.7    1.11   19.42   -0.97   33.11    0.84     0.854E-01   236   A
                   179.3  67  37   156.6  -34.04   22.74   -1.01   58.03             0.161E+00   444   F
                                                                                     0.000E+00     0   G

 SPECTRA N,P,A  AVE    5.52   13.03   22.37         SUMS  0.3056E+01  0.2434E+00  0.1530E+00
1    ROW  5      ELEMENT Er      X-SECTION   0.000E+00
(14)N+(159)Tb -> (173)Hf                                                
 ELAB(MEV)  309.000     Q-VALUE  -11.257    EXCIT  272.737
 SIGFUS,SIGEVA,SIGFIS,SIGMXZ  0.9476E+03  0.0000E+00  0.8573E+03  0.0000E+00
 ZT= 65    AT 159    ZP  7    AP  14


             169Er     168Er     167Er     166Er     165Er  
 SIG        0.000E+00 0.000E+00 0.000E+00 0.000E+00 0.000E+00
 B-G               0         0         0         0         0
  R-N           8754      8757      8076      6760      5746
 BR-P            400       424       485       414       402
 BR-A            274       284       310       251       236
 BR-F            386       305       571       425       444
 SIGF       0.488E-03 0.155E-02 0.123E+00 0.161E+00 0.161E+00
 TOTAL      0.126E-01 0.507E-01 0.215E+01 0.380E+01 0.362E+01
 EXCP          192.9     181.6     191.1     180.3     174.4
 SPINP          36.1      33.9      36.5      34.4      33.9
 EXCF          194.9     183.9     194.6     184.3     179.3
 SPINF          59.2      59.4      59.1      58.5      58.0
 DJN           -0.86     -0.82     -0.82     -0.80     -0.80
 DJP           -0.84     -0.81     -0.81     -0.79     -0.80
 DJA           -2.63     -2.56     -2.54     -2.52     -2.54
 AV.E N         5.75      5.59      5.74      5.58      5.52
 AV.E P        13.25     13.08     13.25     13.09     13.03
 AV.E A        22.63     22.43     22.62     22.44     22.37
 SUM GAM         0.0       0.0       0.0       0.0       0.0
 SPIN GAM        0.0       0.0       0.0       0.0       0.0

 TRIM       0.565E-09 0.458E-08 0.102E-06 0.742E-07 0.199E-06
 FLOST      0.000E+00-0.555E-16 0.141E-01 0.259E-01 0.301E-01
 RP         0.000E+00 0.000E+00 0.000E+00 0.000E+00 0.000E+00
 RLOSTG     0.520E-10 0.322E-09 0.534E-05 0.199E-03 0.344E-03
 RLOSTN     0.190E-03 0.930E-03 0.972E-01 0.698E+00 0.983E+00
 RLOSTP     0.218E-04 0.118E-03 0.123E-01 0.682E-01 0.978E-01
 RLOSTA     0.222E-04 0.116E-03 0.105E-01 0.505E-01 0.676E-01
 TIME              0         0         0         0         0

 STORAGE
  1.  1.  3.  3.  3.
  0.  0.  2.  2.  2.
1     ENERGY   309.000     0.000

 HIVAP  ENGOUT

(14)N+(159)Tb -> (173)Hf                                                
    ELAB=   309.0      EXCIT=   272.7      CN= 173Hf  
    FUSION X-SECT=  0.9476E+03      LCRIT=  72.0
    EVAP SO FAR  0.0000E+00      FISSION  0.8573E+03

 MASS DISTRIBUTION
        3           2           1           0           9                 8           7           6           5           4
 173  0.0000E+00  0.0000E+00  0.0000E+00  0.0000E+00  0.0000E+00        0.0000E+00  0.0000E+00  0.0000E+00  0.0000E+00  0.0000E+00

 Z-DISTIBUTION
    Er         Tm         Yb         Lu         Hf  
  0.000E+00  0.000E+00  0.000E+00  0.000E+00  0.000E+00

  CROSS SECTIONS (MB)
  169Hf      170Hf      171Hf      172Hf      173Hf  
  0.000E+00  0.000E+00  0.000E+00  0.000E+00  0.000E+00
  168Lu      169Lu      170Lu      171Lu      172Lu  
  0.000E+00  0.000E+00  0.000E+00  0.000E+00  0.000E+00
  167Yb      168Yb      169Yb      170Yb      171Yb  
  0.000E+00  0.000E+00  0.000E+00  0.000E+00  0.000E+00
  166Tm      167Tm      168Tm      169Tm      170Tm  
  0.000E+00  0.000E+00  0.000E+00  0.000E+00  0.000E+00
  165Er      166Er      167Er      168Er      169Er  
  0.000E+00  0.000E+00  0.000E+00  0.000E+00  0.000E+00

 HALFLIFE FIRST STEP IN UNITS OF 10**(-22) SEC AS FUNTION OF J
   0.230E+01   0.176E+01   0.175E+01   0.175E+01   0.175E+01   0.174E+01   0.174E+01   0.173E+01   0.172E+01   0.171E+01
   0.170E+01   0.174E+01   0.171E+01   0.168E+01   0.165E+01   0.163E+01   0.160E+01   0.157E+01   0.153E+01   0.150E+01
   0.147E+01   0.143E+01   0.140E+01   0.136E+01   0.132E+01   0.129E+01   0.125E+01   0.121E+01   0.116E+01   0.112E+01
   0.108E+01   0.104E+01   0.100E+01   0.961E+00   0.920E+00   0.880E+00   0.840E+00   0.801E+00   0.764E+00   0.727E+00
   0.692E+00   0.662E+00   0.636E+00   0.613E+00   0.592E+00   0.573E+00   0.557E+00   0.543E+00   0.533E+00   0.526E+00
   0.523E+00   0.525E+00   0.532E+00   0.544E+00   0.561E+00   0.586E+00   0.619E+00   0.661E+00   0.715E+00   0.781E+00
   0.860E+00   0.951E+00   0.106E+01   0.117E+01   0.129E+01   0.143E+01   0.157E+01   0.171E+01   0.184E+01   0.195E+01
   0.206E+01   0.216E+01   0.225E+01   0.232E+01   0.000E+00   0.000E+00   0.000E+00   0.000E+00   0.000E+00   0.000E+00
1     ENERGY   309.000     0.000
  173.   72.   0.0010    21     1    25    25    35    12    12    20
 DEL     1.0     0.1     4.0    12.0     0.0
 TRANSM  APAR,ZPAR,SIGLOW,UNIT,DEL 173.0  72.0  0.10E-02  21     0.1     4.0    13.0
 SEQIN:PAIR,DELT,CST   4  11.00   1.160 AL=  20.60  20.51  20.51  20.21  23.51 DELTA= -0.80  0.00 -1.60 -0.89 -0.80
 AF/AN=   1.100   BS,BK=   1.2809   1.4870 DPBAR=  26.45 A= 173. Z=  72. Y=   0.378
 SHELL CORRECTIONS        -2.1    -1.9    -2.2    -2.1     0.0
1 NEW ROW

 GRIDS  NROW,NSTEP   1   1
 SUMN,SUMLOW    0.9476E+03    0.0000E+00
 SUMPOP FLOST,SUM,EXMAX,M,N  0.0000E+00  0.9476E+03  272.74   1  74
 SUMPOP FLOST,SUM,EXMAX,M,N  0.0000E+00  0.9476E+03  272.74   1  74
 CUTOFF   NSTEP,TOTAL,TRIM,TRIMJ,TRIME,TRIMLEV   1  0.9476E+03  0.0000E+00  0.0000E+00  0.0000E+00  0.0000E+00
          ICUT,AMX,ALEVEL,IAGAIN   0  0.2569E+02  0.1568E-02  14    CUT,PRCNT  0.100E-07  0.100E+01  M1,N1=   1  74
 CUTOFF OLD,NEW M1   1  55
 DIMENSIONS  55  74   272.7  51  79   265.6  51  79   262.8  51  79   262.3
 DENSTY: JSHAP= 49    JBAR= 84        66.5     7.0
 EVA M1,N1=    55    74
 NOP,NOA,NOF,NOG,KE2MX= 0 0 0 016  NOLEP,NOLJI,NOLJF,JFJI= 1 1 1 1

 EVA  M1*N1  4070    ZEROS  2963    CUTS   560    CUTPOP  0.4738E-05    SUM CUTS  0.1490E-03
 LOSS BELOW YRAST LINE  0.0000E+00
 EVA-,STEP  1
 SEQOUT NROW,NSTEP   1   1         PARENT 173Hf      ELAB   309.0    EXCIT   272.7

 SUMP,SUMLOW    0.5137E+02    0.0000E+00
 WROTE POPP ON UNIT  10               172Lu  
 SUMA,SUMLOW    0.2879E+02    0.0000E+00
 WROTE POPA ON UNIT  12               169Yb  
 TOTAL    0.9476E+03
 FLOST(SUMPOP),TRIM(CUTOFF),RLOST(POPUL),RP 
   0.0000E+00   0.1490E-03   0.0000E+00   0.0000E+00   0.0000E+00   0.0000E+00   0.0000E+00

 J SPECTRUM OF PARENT 173Hf  
    AVERAGE=  47.914    SUM=   0.948E+03
    0.00      1      5      9     13     17     20     24     28     32     36
   10.00     39     43     47     51     54     58     62     66     70     73
   20.00     77     81     85     89     92     96    100    104    108    111
   30.00    115    119    123    127    130    134    138    142    146    149
   40.00    153    157    161    164    168    172    176    180    183    187
   50.00    191    195    199    202    206    210    214    218    221    225
   60.00    229    233    237    240    244    248    252    255    259    263
   70.00    267    271    170      0

 J SPECTRUM OF FISS   173Hf  
    AVERAGE=  47.414    SUM=   0.545E+03
    0.00      0      2      4      7      9     11     13     15     18     20
   10.00     23     26     29     32     35     38     41     44     48     52
   20.00     56     60     65     70     75     81     86     92     99    105
   30.00    112    119    126    134    142    150    158    166    174    183
   40.00    191    199    207    215    222    230    237    244    250    257
   50.00    262    268    272    276    279    280    281    280    277    272
   60.00    265    255    243    229    213    195    176    157    139    122
   70.00    108     94     50      0

 E SPECTRUM OF PARENT 173Hf  
    AVERAGE= 272.737    SUM=   0.948E+03
  268.74      0      0      0      0  10000

 DJN SPEC
    AVERAGE=  -0.963    SUM=   0.322E+03
   -1.00   9630    369      0      0      0      0      0      0      0      0

 DJP SPEC
    AVERAGE=  -0.961    SUM=   0.514E+02
   -1.00   9609    390      0      0      0      0      0      0      0      0

 DJA SPEC
    AVERAGE=  -2.894    SUM=   0.288E+02
   -9.00      0      0      0      0      0      0   9351    334    212    101

   N   M   EXMAX  AV.EX. NW  MW  EXMAXW      Q      AL   DELTA     AVJ      DJ        TOTAL  BRANCH
  74  55   272.7   272.7  76  32   217.7    0.00   20.60   -0.80   47.91    0.00     0.948E+03 10000    
  79  51   265.6   259.0  80  31   211.6   -7.08   20.51    0.00   47.66    0.25     0.322E+03  3403   N
  79  51   262.8   252.1  80  31   208.8   -5.97   20.51   -1.60   46.90    1.01     0.514E+02   542   P
  79  51   262.3   250.5  80  62   208.3    2.54   20.21   -0.89   46.64    1.27     0.288E+02   304   A
                   272.7  74  33   218.7  -28.06   23.51   -0.80   47.41             0.545E+03  5751   F
                                                                                     0.000E+00     0   G

 SPECTRA N,P,A  AVE    6.67   14.68   24.79         SUMS  0.3220E+03  0.5134E+02  0.2878E+02
 SEQIN:PAIR,DELT,CST   4  11.00   1.160 AL=  20.51  20.41  20.41  20.11  23.40 DELTA=  0.00 -0.99 -1.02  0.00  0.00
 AF/AN=   1.100   BS,BK=   1.2807   1.4859 DPBAR=  26.08 A= 172. Z=  72. Y=   0.377
 SHELL CORRECTIONS        -1.9    -1.8    -2.1    -1.9     0.0

 GRIDS  NROW,NSTEP   1   2
 SUMN,SUMLOW    0.3225E+03    0.0000E+00
 SUMPOP FLOST,SUM,EXMAX,M,N  0.0000E+00  0.3225E+03  265.56  51  79
 SUMPOP FLOST,SUM,EXMAX,M,N  0.0000E+00  0.3225E+03  265.56  51  79
 CUTOFF   NSTEP,TOTAL,TRIM,TRIMJ,TRIME,TRIMLEV   2  0.3225E+03  0.0000E+00  0.0000E+00  0.0000E+00  0.0000E+00
          ICUT,AMX,ALEVEL,IAGAIN   0  0.1867E+01  0.8903E-06  21    CUT,PRCNT  0.100E-06  0.100E+01  M1,N1=  51  73
 CUTOFF OLD,NEW M1  51  56
 DIMENSIONS  56  73   265.6  52  78   256.4  52  78   255.7  52  78   255.3
 DENSTY: JSHAP= 49    JBAR= 84        66.5     7.0
 EVA M1,N1=    56    73
 NOP,NOA,NOF,NOG,KE2MX= 0 0 0 016  NOLEP,NOLJI,NOLJF,JFJI= 1 1 1 1

 EVA  M1*N1  4088    ZEROS  1288    CUTS   518    CUTPOP  0.4451E-06    SUM CUTS  0.9503E-05
 LOSS BELOW YRAST LINE  0.0000E+00
 EVA-,STEP  2
 SEQOUT NROW,NSTEP   1   2         PARENT 172Hf      ELAB   309.0    EXCIT   272.7

 SUMP,SUMLOW    0.2301E+02    0.0000E+00
 WROTE POPP ON UNIT  10               171Lu  
 SUMA,SUMLOW    0.1260E+02    0.0000E+00
 WROTE POPA ON UNIT  12               168Yb  
 TOTAL    0.3225E+03
 FLOST(SUMPOP),TRIM(CUTOFF),RLOST(POPUL),RP 
   0.0000E+00   0.9503E-05   0.0000E+00   0.1419E-05   0.7762E-06   0.6315E-03   0.0000E+00

 J SPECTRUM OF PARENT 172Hf  
    AVERAGE=  47.659    SUM=   0.322E+03
    0.00      3      9     15     21     27     33     40     45     51     57
   10.00    129     72     77     82     86     91     95     99    103    106
   20.00    109    111    114    116    117    118    119    119    119    119
   30.00    118    117    116    115    113    111    108    106    104    101
   40.00     99     97     96     94     93     93     92     92     93     94
   50.00     96     99    103    108    114    123    133    146    161    180
   60.00    202    227    256    286    320    355    390    424    456    485
   70.00    513    333      0

 J SPECTRUM OF FISS   172Hf  
    AVERAGE=  48.104    SUM=   0.155E+03
    0.00      1      4      7     11     14     17     21     24     28     32
   10.00     73     43     47     51     55     59     63     67     71     76
   20.00     80     85     89     94     98    103    107    111    115    119
   30.00    123    126    129    131    133    135    137    138    138    138
   40.00    139    139    140    140    141    141    142    144    146    149
   50.00    152    157    163    171    180    191    204    219    236    255
   60.00    275    294    311    325    334    336    331    319    303    283
   70.00    263    147      0

 E SPECTRUM OF PARENT 172Hf  
    AVERAGE= 258.981    SUM=   0.322E+03
  240.56      0     17     21     28     35     45     58     74     95    120
  250.56    152    192    240    298    368    450    547    656    773    896
  260.56   1008   1082   1098    986    665     84

 DJN SPEC
    AVERAGE=  -0.938    SUM=   0.132E+03
   -1.00   9379    620      0      0      0      0      0      0      0      0

 DJP SPEC
    AVERAGE=  -0.934    SUM=   0.230E+02
   -1.00   9343    656      0      0      0      0      0      0      0      0

 DJA SPEC
    AVERAGE=  -2.831    SUM=   0.126E+02
   -9.00      0      0      0      0      0      0   8984    483    384    147

   N   M   EXMAX  AV.EX. NW  MW  EXMAXW      Q      AL   DELTA     AVJ      DJ        TOTAL  BRANCH
  73  56   265.6   259.0  75  33   209.6    0.00   20.51    0.00   47.66    0.00     0.322E+03 10000    
  78  52   256.4   243.3  80  31   201.4   -9.04   20.41   -0.99   46.34    1.32     0.132E+03  4097   N
  78  52   255.7   238.5  80  31   200.7   -5.86   20.41   -1.02   45.44    2.22     0.230E+02   714   P
  78  52   255.3   237.0  80  62   200.3    2.76   20.11    0.00   45.70    1.96     0.126E+02   391   A
                   259.1  73  34   210.6  -27.55   23.40    0.00   48.10             0.155E+03  4799   F
                                                                                     0.000E+00     0   G

 SPECTRA N,P,A  AVE    6.51   14.53   24.60         SUMS  0.1319E+03  0.2300E+02  0.1260E+02
 SEQIN:PAIR,DELT,CST   4  11.00   1.160 AL=  20.41  20.31  20.31  20.01  23.29 DELTA= -0.99  0.00 -1.61 -1.09 -0.99
 AF/AN=   1.100   BS,BK=   1.2805   1.4847 DPBAR=  25.70 A= 171. Z=  72. Y=   0.376
 SHELL CORRECTIONS        -1.8    -1.7    -1.7    -1.6     0.0

 GRIDS  NROW,NSTEP   1   3
 SUMN,SUMLOW    0.1321E+03    0.0000E+00
 SUMPOP FLOST,SUM,EXMAX,M,N  0.0000E+00  0.1321E+03  256.41  52  78
 SUMPOP FLOST,SUM,EXMAX,M,N  0.0000E+00  0.1321E+03  256.41  52  78
 CUTOFF   NSTEP,TOTAL,TRIM,TRIMJ,TRIME,TRIMLEV   3  0.1321E+03  0.1008E-04  0.0000E+00  0.0000E+00  0.1008E-04
          ICUT,AMX,ALEVEL,IAGAIN 209  0.6899E+00  0.6579E-06  20    CUT,PRCNT  0.100E-06  0.100E+01  M1,N1=  52  72
 CUTOFF OLD,NEW M1  52  56
 DIMENSIONS  56  72   256.4  53  77   249.1  53  77   247.0  53  77   246.1
 DENSTY: JSHAP= 49    JBAR= 83        66.0     6.8
 EVA M1,N1=    56    72
 NOP,NOA,NOF,NOG,KE2MX= 0 0 0 016  NOLEP,NOLJI,NOLJF,JFJI= 1 1 1 1

 EVA  M1*N1  4032    ZEROS     2    CUTS   510    CUTPOP  0.3290E-06    SUM CUTS  0.7393E-05
 LOSS BELOW YRAST LINE  0.0000E+00
 EVA-,STEP  3
 SEQOUT NROW,NSTEP   1   3         PARENT 171Hf      ELAB   309.0    EXCIT   272.7

 SUMP,SUMLOW    0.1186E+02    0.0000E+00
 WROTE POPP ON UNIT  10               170Lu  
 SUMA,SUMLOW    0.6297E+01    0.0000E+00
 WROTE POPA ON UNIT  12               167Yb  
 TOTAL    0.1321E+03
 FLOST(SUMPOP),TRIM(CUTOFF),RLOST(POPUL),RP 
   0.0000E+00   0.1748E-04   0.0000E+00   0.1558E-01   0.8987E-02   0.1063E-01   0.0000E+00

 J SPECTRUM OF PARENT 171Hf  
    AVERAGE=  46.342    SUM=   0.132E+03
    0.00      4     13     22     31     40     48     57     65     73     80
   10.00    280    105    111    116    121    125    129    131    134    135
   20.00    136    136    135    134    132    129    126    122    118    113
   30.00    109    104     98     93     87     82     77     71     66     62
   40.00     58     55     52     49     47     46     44     43     43     43
   50.00     45     47     50     54     60     67     78     92    111    135
   60.00    166    205    251    307    373    446    522    599    673    746
   70.00    507      0

 J SPECTRUM OF FISS   171Hf  
    AVERAGE=  48.486    SUM=   0.522E+02
    0.00      2      6     11     15     20     24     29     34     39     43
   10.00    155     61     66     70     75     80     84     88     93     97
   20.00    101    104    108    111    113    116    117    119    119    120
   30.00    120    119    117    115    113    110    106    102     98     95
   40.00     92     89     86     84     82     80     79     79     79     80
   50.00     83     87     92    100    110    123    139    161    189    222
   60.00    260    304    349    397    442    476    498    506    502    491
   70.00    292      0

 E SPECTRUM OF PARENT 171Hf  
    AVERAGE= 243.264    SUM=   0.132E+03
  211.41      0      0      0      0      1      1      2      3      4      6
  221.41      8     12     16     21     28     37     48     62     78     98
  231.41    119    143    169    200    235    274    316    363    412    463
  241.41    514    563    607    643    668    676    664    628    566    480
  251.41    374    258    147     59     11      0

 DJN SPEC
    AVERAGE=  -0.906    SUM=   0.617E+02
   -1.00   9058    941      0      0      0      0      0      0      0      0

 DJP SPEC
    AVERAGE=  -0.901    SUM=   0.119E+02
   -1.00   9006    993      0      0      0      0      0      0      0      0

 DJA SPEC
    AVERAGE=  -2.754    SUM=   0.630E+01
   -9.00      0      0      0      0      0      0   8546    640    616    196

   N   M   EXMAX  AV.EX. NW  MW  EXMAXW      Q      AL   DELTA     AVJ      DJ        TOTAL  BRANCH
  72  56   256.4   243.3  74  33   200.4    0.00   20.41   -0.99   46.34    0.00     0.132E+03 10000    
  77  53   249.1   229.4  80  31   194.1   -7.25   20.31    0.00   44.07    2.28     0.617E+02  4673   N
  77  53   247.0   223.3  80  31   192.0   -5.41   20.31   -1.61   43.05    3.29     0.119E+02   898   P
  77  53   246.1   221.5  80  62   191.1    2.74   20.01   -1.09   43.81    2.54     0.630E+01   477   A
                   243.6  72  34   201.4  -27.05   23.29   -0.99   48.49             0.522E+02  3950   F
                                                                                     0.000E+00     0   G

 SPECTRA N,P,A  AVE    6.35   14.37   24.40         SUMS  0.6164E+02  0.1186E+02  0.6307E+01
 SEQIN:PAIR,DELT,CST   4  11.00   1.160 AL=  20.31  20.21  20.21  19.92  23.17 DELTA=  0.00 -1.19 -1.10  0.00  0.00
 AF/AN=   1.100   BS,BK=   1.2802   1.4834 DPBAR=  25.31 A= 170. Z=  72. Y=   0.375
 SHELL CORRECTIONS        -1.7    -1.5    -1.8    -1.4     0.0

 GRIDS  NROW,NSTEP   1   4
 SUMN,SUMLOW    0.6174E+02    0.0000E+00
 SUMPOP FLOST,SUM,EXMAX,M,N  0.0000E+00  0.6174E+02  249.06  53  77
 SUMPOP FLOST,SUM,EXMAX,M,N  0.0000E+00  0.6174E+02  249.06  53  77
 CUTOFF   NSTEP,TOTAL,TRIM,TRIMJ,TRIME,TRIMLEV   4  0.6174E+02  0.5511E-05  0.0000E+00  0.0000E+00  0.5511E-05
          ICUT,AMX,ALEVEL,IAGAIN  42  0.3163E+00  0.3016E-06  20    CUT,PRCNT  0.100E-06  0.100E+01  M1,N1=  53  71
 CUTOFF OLD,NEW M1  53  57
 DIMENSIONS  57  71   249.1  53  76   239.4  53  76   239.6  53  76   239.0
 DENSTY: JSHAP= 49    JBAR= 82        65.5     6.6
 EVA M1,N1=    57    71
 NOP,NOA,NOF,NOG,KE2MX= 0 0 0 016  NOLEP,NOLJI,NOLJF,JFJI= 1 1 1 1

 EVA  M1*N1  4047    ZEROS    41    CUTS   231    CUTPOP  0.1508E-06    SUM CUTS  0.1295E-04
 LOSS BELOW YRAST LINE  0.0000E+00
 EVA-,STEP  4
 SEQOUT NROW,NSTEP   1   4         PARENT 170Hf      ELAB   309.0    EXCIT   272.7

 SUMP,SUMLOW    0.6572E+01    0.0000E+00
 WROTE POPP ON UNIT  10               169Lu  
 SUMA,SUMLOW    0.3362E+01    0.0000E+00
 WROTE POPA ON UNIT  12               166Yb  
 TOTAL    0.6174E+02
 FLOST(SUMPOP),TRIM(CUTOFF),RLOST(POPUL),RP 
   0.0000E+00   0.1846E-04   0.6596E-05   0.1363E+00   0.7314E-01   0.5334E-01   0.0000E+00

 J SPECTRUM OF PARENT 170Hf  
    AVERAGE=  44.066    SUM=   0.617E+02
    0.00      6     17     29     41     53     64     76     86     96    105
   10.00    497    140    146    151    155    158    159    160    160    158
   20.00    156    153    148    143    137    131    124    116    109    101
   30.00     93     86     78     71     64     57     51     45     40     36
   40.00     32     29     27     25     23     21     20     20     19     20
   50.00     20     22     24     27     31     38     47     60     79    104
   60.00    140    187    248    329    427    539    661    787    915    649

 J SPECTRUM OF FISS   170Hf  
    AVERAGE=  48.944    SUM=   0.205E+02
    0.00      2      8     13     18     24     29     36     42     47     53
   10.00    256     77     81     86     90     95     99    102    105    108
   20.00    111    113    114    115    116    115    114    112    110    108
   30.00    104    100     95     91     85     80     74     69     63     59
   40.00     55     52     49     46     44     42     41     40     40     41
   50.00     43     46     50     57     66     78     96    120    152    194
   60.00    247    312    388    475    562    638    697    737    759    479

 E SPECTRUM OF PARENT 170Hf  
    AVERAGE= 229.410    SUM=   0.617E+02
  193.06      0      0      0      0      1      1      2      2      3      4
  203.06      6      8     10     14     17     22     28     35     44     54
  213.06     66     80     96    114    135    158    183    211    240    271
  223.06    304    337    371    405    437    467    493    514    529    536
  233.06    533    520    496    461    416    362    302    240    179    124
  243.06     77     42     18      6      1      0      0

 DJN SPEC
    AVERAGE=  -0.865    SUM=   0.311E+02
   -1.00   8652   1347      0      0      0      0      0      0      0      0

 DJP SPEC
    AVERAGE=  -0.859    SUM=   0.657E+01
   -1.00   8588   1411      0      0      0      0      0      0      0      0

 DJA SPEC
    AVERAGE=  -2.660    SUM=   0.336E+01
   -9.00      0      0      0      0      0      0   8021    807    921    249

   N   M   EXMAX  AV.EX. NW  MW  EXMAXW      Q      AL   DELTA     AVJ      DJ        TOTAL  BRANCH
  71  57   249.1   229.4  73  34   192.1    0.00   20.31    0.00   44.07    0.00     0.617E+02 10000    
  76  53   239.4   213.4  80  31   183.4   -9.61   20.21   -1.19   40.83    3.24     0.311E+02  5031   N
  76  53   239.6   209.8  80  31   183.6   -5.46   20.21   -1.10   39.83    4.24     0.657E+01  1065   P
  76  53   239.0   208.4  80  62   183.0    2.92   19.92    0.00   40.97    3.09     0.336E+01   545   A
                   230.0  71  35   193.1  -26.53   23.17    0.00   48.94             0.205E+02  3318   F
                                                                                     0.000E+00     0   G

 SPECTRA N,P,A  AVE    6.18   14.21   24.20         SUMS  0.3113E+02  0.6642E+01  0.3415E+01
 SEQIN:PAIR,DELT,CST   4  11.00   1.160 AL=  20.21  20.11  20.11  19.82  23.06 DELTA= -1.19  0.00 -1.67 -1.11 -1.19
 AF/AN=   1.100   BS,BK=   1.2798   1.4818 DPBAR=  24.90 A= 169. Z=  72. Y=   0.373
 SHELL CORRECTIONS        -1.5    -1.4    -1.3    -1.3     0.0

 GRIDS  NROW,NSTEP   1   5
 SUMN,SUMLOW    0.3106E+02    0.0000E+00
 SUMPOP FLOST,SUM,EXMAX,M,N  0.0000E+00  0.3106E+02  239.35  53  76
 SUMPOP FLOST,SUM,EXMAX,M,N  0.0000E+00  0.3106E+02  239.35  53  76
 CUTOFF   NSTEP,TOTAL,TRIM,TRIMJ,TRIME,TRIMLEV   5  0.3106E+02  0.1307E-06  0.0000E+00  0.1307E-06  0.0000E+00
          ICUT,AMX,ALEVEL,IAGAIN  42  0.1506E+00  0.7184E-07  21    CUT,PRCNT  0.100E-06  0.100E+01  M1,N1=  52  70
 CUTOFF OLD,NEW M1  52  58
 DIMENSIONS  58  70   238.4  54  75   230.8  54  75   229.4  54  75   228.5
 DENSTY: JSHAP= 48    JBAR= 82        65.0     6.8
 EVA M1,N1=    58    70
 NOP,NOA,NOF,NOG,KE2MX= 0 0 0 016  NOLEP,NOLJI,NOLJF,JFJI= 1 1 1 1

 EVA  M1*N1  4060    ZEROS     1    CUTS    98    CUTPOP  0.3592E-07    SUM CUTS  0.1489E-05
 LOSS BELOW YRAST LINE  0.0000E+00
 EVA-,STEP  5
 SEQOUT NROW,NSTEP   1   5         PARENT 169Hf      ELAB   309.0    EXCIT   272.7

 SUMP,SUMLOW    0.3796E+01    0.0000E+00
 WROTE POPP ON UNIT  10               168Lu  
 SUMA,SUMLOW    0.1844E+01    0.0000E+00
 WROTE POPA ON UNIT  12               165Yb  
 TOTAL    0.3106E+02
 FLOST(SUMPOP),TRIM(CUTOFF),RLOST(POPUL),RP 
   0.0000E+00   0.1620E-05   0.6097E-05   0.2370E+00   0.1406E+00   0.8695E-01   0.0000E+00

 J SPECTRUM OF PARENT 169Hf  
    AVERAGE=  40.830    SUM=   0.311E+02
    0.00      7     22     37     52     67     80     97    109    121    131
   10.00    790    178    183    187    189    190    189    186    183    178
   20.00    172    164    156    147    138    127    117    107     97     87
   30.00     78     69     60     52     45     38     33     28     24     20
   40.00     18     16     14     12     11     10      9      9      9      9
   50.00     10     10     12     14     17     23     30     42     60     86
   60.00    124    179    256    361    492    645    815    997    738      0

 J SPECTRUM OF FISS   169Hf  
    AVERAGE=  49.303    SUM=   0.873E+01
    0.00      3      9     15     21     27     33     41     47     53     59
   10.00    366     88     92     96    100    104    106    109    111    112
   20.00    113    113    112    111    109    106    103     99     95     90
   30.00     84     79     73     66     60     54     49     43     39     35
   40.00     32     29     27     24     23     21     20     20     20     21
   50.00     22     24     28     33     40     51     67     91    125    172
   60.00    237    323    433    567    707    843    963   1064    712      0

 E SPECTRUM OF PARENT 169Hf  
    AVERAGE= 213.390    SUM=   0.311E+02
  181.35      0      0      0      0      0      0     13     16     20     25
  191.35     30     37     45     54     65     77     90    106    123    142
  201.35    162    185    208    233    259    286    313    339    365    389
  211.35    411    430    446    457    463    463    457    445    426    401
  221.35    369    333    293    251    209    167    128     94     65     42
  231.35     24     13      6      2      0      0      0      0

 DJN SPEC
    AVERAGE=  -0.815    SUM=   0.162E+02
   -1.00   8152   1847      0      0      0      0      0      0      0      0

 DJP SPEC
    AVERAGE=  -0.808    SUM=   0.380E+01
   -1.00   8078   1921      0      0      0      0      0      0      0      0

 DJA SPEC
    AVERAGE=  -2.547    SUM=   0.184E+01
   -9.00      0      0      0      0      0      0   7398    983   1310    307

   N   M   EXMAX  AV.EX. NW  MW  EXMAXW      Q      AL   DELTA     AVJ      DJ        TOTAL  BRANCH
  70  58   238.4   213.4  72  34   180.4    0.00   20.21   -1.19   40.83    0.00     0.311E+02 10000    
  75  54   230.8   199.9  80  31   173.8   -7.43   20.11    0.00   36.81    4.02     0.162E+02  5222   N
  75  54   229.4   195.0  80  31   172.4   -4.94   20.11   -1.67   35.88    4.95     0.380E+01  1222   P
  75  54   228.5   193.4  80  62   171.5    3.15   19.82   -1.11   37.36    3.47     0.184E+01   594   A
                   214.4  70  35   181.4  -26.01   23.06   -1.19   49.30             0.873E+01  2812   F
                                                                                     0.000E+00     0   G

 SPECTRA N,P,A  AVE    6.01   14.04   23.99         SUMS  0.1642E+02  0.3935E+01  0.1931E+01
1    ROW  1      ELEMENT Hf      X-SECTION   0.000E+00
(14)N+(159)Tb -> (173)Hf                                                
 ELAB(MEV)  309.000     Q-VALUE  -11.257    EXCIT  272.737
 SIGFUS,SIGEVA,SIGFIS,SIGMXZ  0.9476E+03  0.0000E+00  0.7812E+03  0.0000E+00
 ZT= 65    AT 159    ZP  7    AP  14


             173Hf     172Hf     171Hf     170Hf     169Hf  
 SIG        0.000E+00 0.000E+00 0.000E+00 0.000E+00 0.000E+00
 B-G               0         0         0         0         0
  R-N           3403      4097      4673      5031      5222
 BR-P            542       714       898      1065      1222
 BR-A            304       391       477       545       594
 BR-F           5751      4799      3950      3318      2812
 SIGF       0.545E+03 0.155E+03 0.522E+02 0.205E+02 0.873E+01
 TOTAL      0.948E+03 0.322E+03 0.132E+03 0.617E+02 0.311E+02
 EXCP          272.7     259.0     243.3     229.4     213.4
 SPINP          47.9      47.7      46.3      44.1      40.8
 EXCF          272.7     259.1     243.6     230.0     214.4
 SPINF          47.4      48.1      48.5      48.9      49.3
 DJN           -0.96     -0.94     -0.91     -0.87     -0.82
 DJP           -0.96     -0.93     -0.90     -0.86     -0.81
 DJA           -2.89     -2.83     -2.75     -2.66     -2.55
 AV.E N         6.67      6.51      6.35      6.18      6.01
 AV.E P        14.68     14.53     14.37     14.21     14.04
 AV.E A        24.79     24.60     24.40     24.20     23.99
 SUM GAM         0.0       0.0       0.0       0.0       0.0
 SPIN GAM        0.0       0.0       0.0       0.0       0.0

 TRIM       0.149E-03 0.950E-05 0.175E-04 0.185E-04 0.162E-05
 FLOST      0.000E+00 0.000E+00 0.000E+00 0.000E+00 0.000E+00
 RP         0.000E+00 0.000E+00 0.000E+00 0.000E+00 0.000E+00
 RLOSTG     0.000E+00 0.000E+00 0.000E+00 0.660E-05 0.610E-05
 RLOSTN     0.000E+00 0.142E-05 0.156E-01 0.136E+00 0.237E+00
 RLOSTP     0.000E+00 0.776E-06 0.899E-02 0.731E-01 0.141E+00
 RLOSTA     0.000E+00 0.632E-03 0.106E-01 0.533E-01 0.870E-01
 TIME              0         0         0         0         0

 STORAGE
  1.  1.  1.  1.  1.
  0.  0.  2.  2.  2.
  172.   71.   0.0010    21     1    25    25    35    12    12    20
 DEL     1.0     0.1     4.0    13.0     0.0
 TRANSM  APAR,ZPAR,SIGLOW,UNIT,DEL 172.0  71.0  0.10E-02  21     0.1     4.0    12.0
 SEQIN:PAIR,DELT,CST   4  11.00   1.160 AL=  20.51  20.41  20.41  20.11  23.42 DELTA= -1.60 -1.02 -0.79 -1.48 -1.60
 AF/AN=   1.100   BS,BK=   1.2819   1.4919 DPBAR=  28.38 A= 172. Z=  71. Y=   0.384
 SHELL CORRECTIONS        -2.2    -2.1    -2.5    -2.1     0.0
1 NEW ROW

 GRIDS  NROW,NSTEP   2   1
 SUMN,SUMLOW    0.0000E+00    0.0000E+00
 GOT POPP FROM UNIT  10      SUMP  0.5137E+02   M,N,EXMAX  51  79   262.8     172Lu      CN= 173Hf  
 SUMPOP FLOST,SUM,EXMAX,M,N  0.0000E+00  0.5137E+02  262.77  51  79
 SUMPOP FLOST,SUM,EXMAX,M,N  0.0000E+00  0.5137E+02  262.77  51  79
 CUTOFF   NSTEP,TOTAL,TRIM,TRIMJ,TRIME,TRIMLEV   1  0.5137E+02  0.0000E+00  0.0000E+00  0.0000E+00  0.0000E+00
          ICUT,AMX,ALEVEL,IAGAIN  42  0.2587E+00  0.1233E-06  21    CUT,PRCNT  0.100E-06  0.100E+01  M1,N1=  51  73
 CUTOFF OLD,NEW M1  51  56
 DIMENSIONS  56  73   262.8  52  78   255.7  52  78   254.1  52  78   252.9
 DENSTY: JSHAP= 49    JBAR= 84        66.5     7.0
 EVA M1,N1=    56    73
 NOP,NOA,NOF,NOG,KE2MX= 0 0 0 016  NOLEP,NOLJI,NOLJF,JFJI= 1 1 1 1

 EVA  M1*N1  4088    ZEROS  1261    CUTS   520    CUTPOP  0.6167E-07    SUM CUTS  0.1140E-05
 LOSS BELOW YRAST LINE  0.0000E+00
 EVA-,STEP  1
 SEQOUT NROW,NSTEP   2   1         PARENT 172Lu      ELAB   309.0    EXCIT   272.7

 SUMP,SUMLOW    0.3548E+01    0.0000E+00
 WROTE POPP ON UNIT  11               171Yb  
 SUMA,SUMLOW    0.2104E+01    0.0000E+00
 WROTE POPA ON UNIT  13               168Tm  
 TOTAL    0.5137E+02
 FLOST(SUMPOP),TRIM(CUTOFF),RLOST(POPUL),RP 
   0.0000E+00   0.1140E-05   0.0000E+00   0.9559E-06   0.3498E-06   0.3805E-03   0.0000E+00

 J SPECTRUM OF PARENT 172Lu  
    AVERAGE=  46.904    SUM=   0.514E+02
    0.00      3      9     16     22     29     35     42     48     54     60
   10.00    137     76     81     86     91     96    100    104    108    111
   20.00    114    117    119    121    123    124    124    124    124    124
   30.00    123    122    120    119    117    114    112    109    106    104
   40.00    101     99     98     96     95     94     93     93     94     95
   50.00     96     99    103    108    114    122    132    144    159    177
   60.00    198    222    249    278    310    343    376    407    436    462
   70.00    487    316      0

 J SPECTRUM OF FISS   172Lu  
    AVERAGE=  48.816    SUM=   0.167E+02
    0.00      1      3      6      8     11     13     16     19     22     25
   10.00     58     34     37     41     44     48     51     55     59     63
   20.00     67     71     76     80     85     90     94     99    104    109
   30.00    113    118    122    126    130    134    137    140    143    145
   40.00    147    150    152    155    157    159    162    165    168    172
   50.00    177    183    190    198    208    219    232    246    262    278
   60.00    294    308    318    325    327    321    310    294    274    254
   70.00    234    132      0

 E SPECTRUM OF PARENT 172Lu  
    AVERAGE= 252.085    SUM=   0.514E+02
  237.77      0     53     67     86    110    139    175    220    273    337
  247.77    413    501    599    705    815    914    989   1009    942    767
  257.77    515    257     86     18      1      0

 DJN SPEC
    AVERAGE=  -0.941    SUM=   0.290E+02
   -1.00   9405    594      0      0      0      0      0      0      0      0

 DJP SPEC
    AVERAGE=  -0.937    SUM=   0.355E+01
   -1.00   9366    633      0      0      0      0      0      0      0      0

 DJA SPEC
    AVERAGE=  -2.836    SUM=   0.210E+01
   -9.00      0      0      0      0      0      0   9010    476    371    140

   N   M   EXMAX  AV.EX. NW  MW  EXMAXW      Q      AL   DELTA     AVJ      DJ        TOTAL  BRANCH
  73  56   262.8   252.1  75  33   206.8    0.00   20.51   -1.60   46.90    0.00     0.514E+02 10000    
  78  52   255.7   238.5  80  31   200.7   -6.98   20.41   -1.02   45.08    1.82     0.290E+02  5641   N
  78  52   254.1   233.0  80  31   199.1   -4.72   20.41   -0.79   44.03    2.87     0.355E+01   691   P
  78  52   252.9   229.9  80  62   197.9    2.15   20.11   -1.48   44.29    2.62     0.210E+01   409   A
                   252.3  73  34   207.8  -30.07   23.42   -1.60   48.82             0.167E+02  3259   F
                                                                                     0.000E+00     0   G

 SPECTRA N,P,A  AVE    6.46   14.35   24.27         SUMS  0.2893E+02  0.3546E+01  0.2104E+01
 SEQIN:PAIR,DELT,CST   4  11.00   1.160 AL=  20.41  20.31  20.31  20.01  23.31 DELTA= -1.02 -1.61  0.00 -0.98 -1.02
 AF/AN=   1.100   BS,BK=   1.2818   1.4913 DPBAR=  28.03 A= 171. Z=  71. Y=   0.383
 SHELL CORRECTIONS        -2.1    -1.7    -2.3    -2.0     0.0

 GRIDS  NROW,NSTEP   2   2
 SUMN,SUMLOW    0.2898E+02    0.0000E+00
 GOT POPP FROM UNIT  10      SUMP  0.2301E+02   M,N,EXMAX  52  78   255.7     171Lu      CN= 173Hf  
 SUMPOP FLOST,SUM,EXMAX,M,N -0.2132E-13  0.5199E+02  255.69  52  78  0.2301E+02  255.69  52  78  0.2898E+02  255.69  52  78  0  0
 SUMPOP FLOST,SUM,EXMAX,M,N  0.0000E+00  0.5199E+02  255.69  52  78
 CUTOFF   NSTEP,TOTAL,TRIM,TRIMJ,TRIME,TRIMLEV   2  0.5199E+02  0.3453E-05  0.0000E+00  0.3453E-05  0.0000E+00
          ICUT,AMX,ALEVEL,IAGAIN  42  0.2348E+00  0.1120E-06  21    CUT,PRCNT  0.100E-06  0.100E+01  M1,N1=  51  72
 CUTOFF OLD,NEW M1  51  56
 DIMENSIONS  56  72   254.7  53  77   246.0  53  77   246.3  53  77   245.0
 DENSTY: JSHAP= 49    JBAR= 84        66.5     7.0
 EVA M1,N1=    56    72
 NOP,NOA,NOF,NOG,KE2MX= 0 0 0 016  NOLEP,NOLJI,NOLJF,JFJI= 1 1 1 1

 EVA  M1*N1  4032    ZEROS    27    CUTS   476    CUTPOP  0.5598E-07    SUM CUTS  0.5255E-05
 LOSS BELOW YRAST LINE  0.0000E+00
 EVA-,STEP  2
 SEQOUT NROW,NSTEP   2   2         PARENT 171Lu      ELAB   309.0    EXCIT   272.7

 SUMP,SUMLOW    0.4176E+01    0.0000E+00
 WROTE POPP ON UNIT  11               170Yb  
 SUMA,SUMLOW    0.2405E+01    0.0000E+00
 WROTE POPA ON UNIT  13               167Tm  
 TOTAL    0.5199E+02
 FLOST(SUMPOP),TRIM(CUTOFF),RLOST(POPUL),RP 
  -0.2132E-13   0.8708E-05   0.1638E-08   0.1473E-01   0.5696E-02   0.9014E-02   0.0000E+00

 J SPECTRUM OF PARENT 171Lu  
    AVERAGE=  45.237    SUM=   0.520E+02
    0.00      4     13     22     31     40     48     57     65     73     81
   10.00    282    106    112    118    123    127    131    135    137    139
   20.00    140    141    141    140    139    137    134    131    127    123
   30.00    119    114    109    104     98     93     87     82     77     72
   40.00     68     64     61     58     56     54     52     51     51     51
   50.00     52     54     57     62     68     76     87    101    120    143
   60.00    173    208    250    300    358    418    481    542    600    656
   70.00    439      0

 J SPECTRUM OF FISS   171Lu  
    AVERAGE=  50.130    SUM=   0.141E+02
    0.00      1      4      7     10     14     17     20     24     27     31
   10.00    110     44     48     51     55     59     62     66     70     74
   20.00     77     81     85     88     92     95     98    101    104    106
   30.00    108    109    110    111    111    110    110    108    107    105
   40.00    104    103    102    101    100     99     99    100    101    103
   50.00    107    112    119    128    140    155    174    198    227    260
   60.00    297    337    377    416    450    472    483    483    473    459
   70.00    271      0

 E SPECTRUM OF PARENT 171Lu  
    AVERAGE= 238.504    SUM=   0.520E+02
  209.69      0      0      1      1      2      3      4      7      9     13
  219.69     18     24     33     43     56     73     92    116    143    175
  229.69    211    250    291    335    383    432    483    532    578    618
  239.69    648    665    664    643    598    532    445    345    242    149
  249.69     77     32      9      2      0      0

 DJN SPEC
    AVERAGE=  -0.911    SUM=   0.313E+02
   -1.00   9109    890      0      0      0      0      0      0      0      0

 DJP SPEC
    AVERAGE=  -0.905    SUM=   0.418E+01
   -1.00   9054    945      0      0      0      0      0      0      0      0

 DJA SPEC
    AVERAGE=  -2.764    SUM=   0.241E+01
   -9.00      0      0      0      0      0      0   8598    629    587    184

   N   M   EXMAX  AV.EX. NW  MW  EXMAXW      Q      AL   DELTA     AVJ      DJ        TOTAL  BRANCH
  72  56   254.7   238.5  74  33   198.7    0.00   20.41   -1.02   45.24    0.00     0.520E+02 10000    
  77  53   246.0   223.4  80  31   191.0   -8.59   20.31   -1.61   42.55    2.68     0.313E+02  6023   N
  77  53   246.3   219.9  80  31   191.3   -4.35   20.31    0.00   41.40    3.83     0.418E+01   803   P
  77  53   245.0   216.7  80  62   190.0    2.29   20.01   -0.98   42.11    3.13     0.241E+01   463   A
                   239.0  72  34   199.7  -29.63   23.31   -1.02   50.13             0.141E+02  2705   F
                                                                                     0.000E+00     0   G

 SPECTRA N,P,A  AVE    6.30   14.20   24.08         SUMS  0.3127E+02  0.4180E+01  0.2414E+01
 SEQIN:PAIR,DELT,CST   4  11.00   1.160 AL=  20.31  20.21  20.21  19.92  23.20 DELTA= -1.61 -1.10 -0.89 -1.88 -1.61
 AF/AN=   1.100   BS,BK=   1.2817   1.4907 DPBAR=  27.67 A= 170. Z=  71. Y=   0.382
 SHELL CORRECTIONS        -1.7    -1.8    -2.1    -1.7     0.0

 GRIDS  NROW,NSTEP   2   3
 SUMN,SUMLOW    0.3131E+02    0.0000E+00
 GOT POPP FROM UNIT  10      SUMP  0.1186E+02   M,N,EXMAX  53  77   247.0     170Lu      CN= 173Hf  
 SUMPOP FLOST,SUM,EXMAX,M,N -0.5684E-13  0.4317E+02  247.00  54  75  0.1186E+02  247.00  53  77  0.3131E+02  246.00  53  77  0 -1
 SUMPOP FLOST,SUM,EXMAX,M,N  0.0000E+00  0.4317E+02  247.00  54  75
 CUTOFF   NSTEP,TOTAL,TRIM,TRIMJ,TRIME,TRIMLEV   3  0.4317E+02  0.4379E-05  0.0000E+00  0.8404E-06  0.3539E-05
          ICUT,AMX,ALEVEL,IAGAIN  47  0.1856E+00  0.1770E-06  20    CUT,PRCNT  0.100E-06  0.100E+01  M1,N1=  52  71
 CUTOFF OLD,NEW M1  52  57
 DIMENSIONS  57  71   245.0  53  76   237.6  53  76   236.8  53  76   235.2
 DENSTY: JSHAP= 49    JBAR= 83        66.0     6.8
 EVA M1,N1=    57    71
 NOP,NOA,NOF,NOG,KE2MX= 0 0 0 016  NOLEP,NOLJI,NOLJF,JFJI= 1 1 1 1

 EVA  M1*N1  4047    ZEROS    44    CUTS   189    CUTPOP  0.8849E-07    SUM CUTS  0.8039E-05
 LOSS BELOW YRAST LINE  0.0000E+00
 EVA-,STEP  3
 SEQOUT NROW,NSTEP   2   3         PARENT 170Lu      ELAB   309.0    EXCIT   272.7

 SUMP,SUMLOW    0.3965E+01    0.0000E+00
 WROTE POPP ON UNIT  11               169Yb  
 SUMA,SUMLOW    0.2200E+01    0.0000E+00
 WROTE POPA ON UNIT  13               166Tm  
 TOTAL    0.4317E+02
 FLOST(SUMPOP),TRIM(CUTOFF),RLOST(POPUL),RP 
  -0.5684E-13   0.1242E-04   0.3622E-05   0.1546E+00   0.5642E-01   0.5423E-01   0.0000E+00

 J SPECTRUM OF PARENT 170Lu  
    AVERAGE=  42.690    SUM=   0.432E+02
    0.00      5     17     28     40     51     62     74     84     94    103
   10.00    489    139    145    151    156    159    162    164    164    164
   20.00    163    161    158    154    149    144    138    131    124    117
   30.00    110    102     95     87     80     73     66     60     54     49
   40.00     45     41     38     35     33     31     30     29     28     28
   50.00     29     31     33     37     42     50     60     74     94    120
   60.00    154    198    253    322    403    491    584    677    771    535

 J SPECTRUM OF FISS   170Lu  
    AVERAGE=  50.738    SUM=   0.951E+01
    0.00      1      5      9     12     16     20     24     28     32     36
   10.00    176     54     57     61     65     68     72     75     78     82
   20.00     85     88     90     93     95     96     98     98     99     99
   30.00     99     98     96     94     92     89     86     82     79     76
   40.00     74     71     69     66     65     63     62     62     63     65
   50.00     68     72     79     87     99    115    137    166    202    247
   60.00    300    361    429    502    568    621    658    679    687    425

 E SPECTRUM OF PARENT 170Lu  
    AVERAGE= 223.393    SUM=   0.432E+02
  189.00      0      0      0      0      0      1      2      3      5      7
  199.00      9     12     15     20     25     32     40     50     62     76
  209.00     93    111    133    157    183    212    244    277    311    346
  219.00    382    416    448    477    502    521    533    537    531    515
  229.00    488    451    405    351    293    233    175    123     80     47
  239.00     24     10      4      1      0      0      0

 DJN SPEC
    AVERAGE=  -0.875    SUM=   0.272E+02
   -1.00   8754   1245      0      0      0      0      0      0      0      0

 DJP SPEC
    AVERAGE=  -0.868    SUM=   0.396E+01
   -1.00   8683   1316      0      0      0      0      0      0      0      0

 DJA SPEC
    AVERAGE=  -2.681    SUM=   0.220E+01
   -9.00      0      0      0      0      0      0   8129    782    859    228

   N   M   EXMAX  AV.EX. NW  MW  EXMAXW      Q      AL   DELTA     AVJ      DJ        TOTAL  BRANCH
  71  57   245.0   223.4  73  34   188.0    0.00   20.31   -1.61   42.69    0.00     0.432E+02 10000    
  76  53   237.6   209.8  80  31   181.6   -7.29   20.21   -1.10   39.62    3.07     0.272E+02  6308   N
  76  53   236.8   205.4  80  31   180.8   -4.22   20.21   -0.89   38.43    4.26     0.396E+01   918   P
  76  53   235.2   202.2  80  62   179.2    2.16   19.92   -1.88   39.49    3.20     0.220E+01   510   A
                   224.2  71  35   189.0  -28.92   23.20   -1.61   50.74             0.951E+01  2203   F
                                                                                     0.000E+00     0   G

 SPECTRA N,P,A  AVE    6.14   14.04   23.88         SUMS  0.2733E+02  0.4019E+01  0.2254E+01
 SEQIN:PAIR,DELT,CST   4  11.00   1.160 AL=  20.21  20.11  20.11  19.82  23.09 DELTA= -1.10 -1.67  0.00 -1.11 -1.10
 AF/AN=   1.100   BS,BK=   1.2815   1.4899 DPBAR=  27.30 A= 169. Z=  71. Y=   0.381
 SHELL CORRECTIONS        -1.8    -1.3    -1.9    -1.5     0.0

 GRIDS  NROW,NSTEP   2   4
 SUMN,SUMLOW    0.2723E+02    0.0000E+00
 GOT POPP FROM UNIT  10      SUMP  0.6572E+01   M,N,EXMAX  53  76   239.6     169Lu      CN= 173Hf  
 SUMPOP FLOST,SUM,EXMAX,M,N  0.4263E-13  0.3380E+02  239.61  55  74  0.6572E+01  239.61  53  76  0.2723E+02  237.61  53  76  0 -2
 SUMPOP FLOST,SUM,EXMAX,M,N  0.0000E+00  0.3380E+02  239.61  55  74
 CUTOFF   NSTEP,TOTAL,TRIM,TRIMJ,TRIME,TRIMLEV   4  0.3380E+02  0.4681E-05  0.0000E+00  0.1979E-05  0.2703E-05
          ICUT,AMX,ALEVEL,IAGAIN  48  0.1369E+00  0.1306E-06  20    CUT,PRCNT  0.100E-06  0.100E+01  M1,N1=  51  70
 CUTOFF OLD,NEW M1  51  58
 DIMENSIONS  58  70   235.6  54  75   226.4  54  75   227.8  54  75   226.0
 DENSTY: JSHAP= 49    JBAR= 83        66.0     6.8
 EVA M1,N1=    58    70
 NOP,NOA,NOF,NOG,KE2MX= 0 0 0 016  NOLEP,NOLJI,NOLJF,JFJI= 1 1 1 1

 EVA  M1*N1  4060    ZEROS    44    CUTS    81    CUTPOP  0.6528E-07    SUM CUTS  0.2212E-05
 LOSS BELOW YRAST LINE  0.0000E+00
 EVA-,STEP  4
 SEQOUT NROW,NSTEP   2   4         PARENT 169Lu      ELAB   309.0    EXCIT   272.7

 SUMP,SUMLOW    0.3416E+01    0.0000E+00
 WROTE POPP ON UNIT  11               168Yb  
 SUMA,SUMLOW    0.1808E+01    0.0000E+00
 WROTE POPA ON UNIT  13               165Tm  
 TOTAL    0.3380E+02
 FLOST(SUMPOP),TRIM(CUTOFF),RLOST(POPUL),RP 
   0.4263E-13   0.6894E-05   0.1391E-06   0.2960E+00   0.1219E+00   0.1012E+00   0.0000E+00

 J SPECTRUM OF PARENT 169Lu  
    AVERAGE=  39.659    SUM=   0.338E+02
    0.00      7     21     35     49     62     75     91    103    114    125
   10.00    758    173    179    184    187    189    190    189    188    184
   20.00    180    175    169    162    154    145    136    127    117    108
   30.00     98     89     80     72     64     56     49     43     38     34
   40.00     30     27     24     22     20     18     17     17     16     16
   50.00     17     18     21     24     28     35     45     59     79    107
   60.00    146    198    267    355    460    576    700    829    596      0

 J SPECTRUM OF FISS   169Lu  
    AVERAGE=  52.208    SUM=   0.652E+01
    0.00      1      5      9     12     16     20     25     29     32     36
   10.00    229     56     59     62     65     68     71     74     76     78
   20.00     80     82     83     84     85     85     84     84     83     81
   30.00     79     77     74     71     67     63     59     56     52     50
   40.00     47     45     42     40     39     37     37     37     37     39
   50.00     41     45     51     59     71     87    110    142    185    242
   60.00    314    403    511    630    746    849    932    996    647      0

 E SPECTRUM OF PARENT 169Lu  
    AVERAGE= 209.840    SUM=   0.338E+02
  178.61      0      0      0      0      0      0      0     14     17     28
  188.61     34     42     50     61     73     86    102    119    138    160
  198.61    182    207    233    260    288    316    344    370    395    418
  208.61    438    453    464    469    469    462    448    428    401    369
  218.61    332    292    250    208    167    129     95     67     44     27
  228.61     15      8      3      1      0      0      0      0

 DJN SPEC
    AVERAGE=  -0.831    SUM=   0.215E+02
   -1.00   8311   1688      0      0      0      0      0      0      0      0

 DJP SPEC
    AVERAGE=  -0.823    SUM=   0.342E+01
   -1.00   8230   1769      0      0      0      0      0      0      0      0

 DJA SPEC
    AVERAGE=  -2.581    SUM=   0.181E+01
   -9.00      0      0      0      0      0      0   7567    948   1208    276

   N   M   EXMAX  AV.EX. NW  MW  EXMAXW      Q      AL   DELTA     AVJ      DJ        TOTAL  BRANCH
  70  58   235.6   209.8  72  34   177.6    0.00   20.21   -1.10   39.66    0.00     0.338E+02 10000    
  75  54   226.4   194.8  80  31   169.4   -9.09   20.11   -1.67   35.94    3.72     0.215E+02  6371   N
  75  54   227.8   192.9  80  31   170.8   -3.79   20.11    0.00   34.83    4.83     0.342E+01  1011   P
  75  54   226.0   189.6  80  62   169.0    2.42   19.82   -1.11   36.15    3.50     0.181E+01   535   A
                   211.0  70  35   178.6  -28.58   23.09   -1.10   52.21             0.652E+01  1930   F
                                                                                     0.000E+00     0   G

 SPECTRA N,P,A  AVE    5.97   13.88   23.69         SUMS  0.2179E+02  0.3537E+01  0.1909E+01
 SEQIN:PAIR,DELT,CST   4  11.00   1.160 AL=  20.11  20.01  20.01  19.72  22.98 DELTA= -1.67 -1.24 -1.09 -2.12 -1.67
 AF/AN=   1.100   BS,BK=   1.2814   1.4891 DPBAR=  26.91 A= 168. Z=  71. Y=   0.381
 SHELL CORRECTIONS        -1.3    -1.4    -1.6    -1.3     0.0

 GRIDS  NROW,NSTEP   2   5
 SUMN,SUMLOW    0.2154E+02    0.0000E+00
 GOT POPP FROM UNIT  10      SUMP  0.3796E+01   M,N,EXMAX  54  75   229.4     168Lu      CN= 173Hf  
 SUMPOP FLOST,SUM,EXMAX,M,N  0.9234E-01  0.2524E+02  229.42  56  73  0.3796E+01  229.42  54  75  0.2154E+02  226.42  54  75  0 -3
 SUMPOP FLOST,SUM,EXMAX,M,N  0.0000E+00  0.2524E+02  229.42  56  73
 CUTOFF   NSTEP,TOTAL,TRIM,TRIMJ,TRIME,TRIMLEV   5  0.2524E+02  0.1616E-05  0.0000E+00  0.1616E-05  0.0000E+00
          ICUT,AMX,ALEVEL,IAGAIN  48  0.1200E+00  0.5722E-07  21    CUT,PRCNT  0.100E-06  0.100E+01  M1,N1=  51  69
 CUTOFF OLD,NEW M1  51  59
 DIMENSIONS  59  69   224.4  55  74   216.7  55  74   216.7  55  74   214.8
 DENSTY: JSHAP= 48    JBAR= 82        65.0     6.8
 EVA M1,N1=    59    69
 NOP,NOA,NOF,NOG,KE2MX= 0 0 0 016  NOLEP,NOLJI,NOLJF,JFJI= 1 1 1 1

 EVA  M1*N1  4071    ZEROS     0    CUTS   125    CUTPOP  0.2861E-07    SUM CUTS  0.7483E-06
 LOSS BELOW YRAST LINE  0.0000E+00
 EVA-,STEP  5
 SEQOUT NROW,NSTEP   2   5         PARENT 168Lu      ELAB   309.0    EXCIT   272.7

 SUMP,SUMLOW    0.2877E+01    0.0000E+00
 WROTE POPP ON UNIT  11               167Yb  
 SUMA,SUMLOW    0.1445E+01    0.0000E+00
 WROTE POPA ON UNIT  13               164Tm  
 TOTAL    0.2524E+02
 FLOST(SUMPOP),TRIM(CUTOFF),RLOST(POPUL),RP 
   0.9234E-01   0.2364E-05   0.2392E-06   0.3747E+00   0.1804E+00   0.1379E+00   0.0000E+00

 J SPECTRUM OF PARENT 168Lu  
    AVERAGE=  35.945    SUM=   0.252E+02
    0.00      8     25     42     59     75     90    109    124    137    149
   10.00   1105    210    215    218    219    219    217    214    209    202
   20.00    195    186    177    166    155    143    132    120    109     98
   30.00     87     77     67     59     50     43     37     31     27     23
   40.00     20     18     16     14     12     11     11     10     10     10
   50.00     11     12     14     16     21     27     36     51     71    101
   60.00    145    206    288    394    520    663    818    610      0

 J SPECTRUM OF FISS   168Lu  
    AVERAGE=  51.635    SUM=   0.372E+01
    0.00      2      6     10     14     18     23     28     33     37     41
   10.00    318     65     68     71     74     76     78     80     82     83
   20.00     84     85     85     85     84     83     82     80     77     75
   30.00     71     68     64     59     55     51     47     43     40     37
   40.00     35     32     30     28     27     26     25     25     26     27
   50.00     30     33     39     47     58     75    100    136    185    252
   60.00    342    458    602    760    919   1068   1201    817      1

 E SPECTRUM OF PARENT 168Lu  
    AVERAGE= 194.885    SUM=   0.252E+02
  166.42      0      0      0      0      0      0      0      0     45     55
  176.42     78     92    106    123    140    159    180    201    224    247
  186.42    271    295    319    341    363    382    399    413    424    431
  196.42    433    431    423    411    395    373    348    319    288    255
  206.42    221    188    155    125     98     74     54     38     25     16
  216.42      9      5      2      1      0      0      0      0      0

 DJN SPEC
    AVERAGE=  -0.784    SUM=   0.165E+02
   -1.00   7835   2164      0      0      0      0      0      0      0      0

 DJP SPEC
    AVERAGE=  -0.775    SUM=   0.288E+01
   -1.00   7745   2254      0      0      0      0      0      0      0      0

 DJA SPEC
    AVERAGE=  -2.475    SUM=   0.145E+01
   -9.00      0      0      0      0      0      0   6987   1091   1599    320

   N   M   EXMAX  AV.EX. NW  MW  EXMAXW      Q      AL   DELTA     AVJ      DJ        TOTAL  BRANCH
  69  59   224.4   194.9  71  35   165.4    0.00   20.11   -1.67   35.95    0.00     0.252E+02 10000    
  74  55   216.7   181.6  80  31   158.7   -7.64   20.01   -1.24   32.60    3.35     0.165E+02  6538   N
  74  55   216.7   178.6  80  31   158.7   -3.77   20.01   -1.09   31.56    4.39     0.288E+01  1140   P
  74  55   214.8   175.5  80  62   156.8    2.41   19.72   -2.12   33.03    2.92     0.145E+01   573   A
                   196.4  69  36   166.4  -27.71   22.98   -1.67   51.63             0.372E+01  1475   F
                                                                                     0.000E+00     0   G

 SPECTRA N,P,A  AVE    5.80   13.70   23.48         SUMS  0.1684E+02  0.3057E+01  0.1583E+01
1    ROW  2      ELEMENT Lu      X-SECTION   0.000E+00
(14)N+(159)Tb -> (173)Hf                                                
 ELAB(MEV)  309.000     Q-VALUE  -11.257    EXCIT  272.737
 SIGFUS,SIGEVA,SIGFIS,SIGMXZ  0.9476E+03  0.0000E+00  0.8317E+03  0.0000E+00
 ZT= 65    AT 159    ZP  7    AP  14


             172Lu     171Lu     170Lu     169Lu     168Lu  
 SIG        0.000E+00 0.000E+00 0.000E+00 0.000E+00 0.000E+00
 B-G               0         0         0         0         0
  R-N           5641      6023      6308      6371      6538
 BR-P            691       803       918      1011      1140
 BR-A            409       463       510       535       573
 BR-F           3259      2705      2203      1930      1475
 SIGF       0.167E+02 0.141E+02 0.951E+01 0.652E+01 0.372E+01
 TOTAL      0.514E+02 0.520E+02 0.432E+02 0.338E+02 0.252E+02
 EXCP          252.1     238.5     223.4     209.8     194.9
 SPINP          46.9      45.2      42.7      39.7      35.9
 EXCF          252.3     239.0     224.2     211.0     196.4
 SPINF          48.8      50.1      50.7      52.2      51.6
 DJN           -0.94     -0.91     -0.88     -0.83     -0.78
 DJP           -0.94     -0.91     -0.87     -0.82     -0.77
 DJA           -2.84     -2.76     -2.68     -2.58     -2.47
 AV.E N         6.46      6.30      6.14      5.97      5.80
 AV.E P        14.35     14.20     14.04     13.88     13.70
 AV.E A        24.27     24.08     23.88     23.69     23.48
 SUM GAM         0.0       0.0       0.0       0.0       0.0
 SPIN GAM        0.0       0.0       0.0       0.0       0.0

 TRIM       0.114E-05 0.871E-05 0.124E-04 0.689E-05 0.236E-05
 FLOST      0.000E+00-0.213E-13-0.568E-13 0.426E-13 0.923E-01
 RP         0.000E+00 0.000E+00 0.000E+00 0.000E+00 0.000E+00
 RLOSTG     0.000E+00 0.164E-08 0.362E-05 0.139E-06 0.239E-06
 RLOSTN     0.956E-06 0.147E-01 0.155E+00 0.296E+00 0.375E+00
 RLOSTP     0.350E-06 0.570E-02 0.564E-01 0.122E+00 0.180E+00
 RLOSTA     0.380E-03 0.901E-02 0.542E-01 0.101E+00 0.138E+00
 TIME              0         0         0         0         0

 STORAGE
  1.  1.  3.  3.  3.
  0.  0.  2.  2.  2.
  171.   70.   0.0010    21     1    25    25    35    12    12    20
 DEL     1.0     0.1     4.0    12.0     0.0
 TRANSM  APAR,ZPAR,SIGLOW,UNIT,DEL 171.0  70.0  0.10E-02  21     0.1     4.0    12.0
 SEQIN:PAIR,DELT,CST   4  11.00   1.160 AL=  20.41  20.31  20.31  20.01  23.32 DELTA= -0.79  0.00 -1.12 -0.76 -0.79
 AF/AN=   1.100   BS,BK=   1.2824   1.4950 DPBAR=  30.24 A= 171. Z=  70. Y=   0.388
 SHELL CORRECTIONS        -2.5    -2.3    -2.4    -2.4     0.0
1 NEW ROW

 GRIDS  NROW,NSTEP   3   1
 SUMN,SUMLOW    0.0000E+00    0.0000E+00
 GOT POPP FROM UNIT  11      SUMP  0.3548E+01   M,N,EXMAX  52  78   254.1     171Yb      CN= 173Hf  
 SUMPOP FLOST,SUM,EXMAX,M,N  0.0000E+00  0.3548E+01  254.05  52  78
 SUMPOP FLOST,SUM,EXMAX,M,N  0.0000E+00  0.3548E+01  254.05  52  78
 CUTOFF   NSTEP,TOTAL,TRIM,TRIMJ,TRIME,TRIMLEV   1  0.3548E+01  0.3190E-06  0.0000E+00  0.3190E-06  0.0000E+00
          ICUT,AMX,ALEVEL,IAGAIN  48  0.1381E-01  0.6586E-08  21    CUT,PRCNT  0.100E-06  0.100E+01  M1,N1=  49  72
 CUTOFF OLD,NEW M1  49  56
 DIMENSIONS  56  72   251.1  53  77   244.3  53  77   240.2  53  77   240.6
 DENSTY: JSHAP= 49    JBAR= 84        66.5     7.0
 EVA M1,N1=    56    72
 NOP,NOA,NOF,NOG,KE2MX= 0 0 0 016  NOLEP,NOLJI,NOLJF,JFJI= 1 1 1 1

 EVA  M1*N1  4032    ZEROS    24    CUTS   494    CUTPOP  0.3293E-08    SUM CUTS  0.2155E-06
 LOSS BELOW YRAST LINE  0.0000E+00
 EVA-,STEP  1
 SEQOUT NROW,NSTEP   3   1         PARENT 171Yb      ELAB   309.0    EXCIT   272.7

 SUMP,SUMLOW    0.2404E+00    0.0000E+00
 WROTE POPP ON UNIT  10               170Tm  
 SUMA,SUMLOW    0.1497E+00    0.0000E+00
 WROTE POPA ON UNIT  13               167Er  
 TOTAL    0.3548E+01
 FLOST(SUMPOP),TRIM(CUTOFF),RLOST(POPUL),RP 
   0.0000E+00   0.5345E-06   0.3428E-10   0.1531E-02   0.4009E-03   0.6880E-03   0.0000E+00

 J SPECTRUM OF PARENT 171Yb  
    AVERAGE=  44.033    SUM=   0.355E+01
    0.00      4     13     22     31     40     49     58     67     75     82
   10.00    289    109    115    121    127    132    136    140    143    145
   20.00    147    148    148    148    147    145    143    140    137    133
   30.00    129    124    119    114    108    103     97     91     86     81
   40.00     76     73     69     66     63     61     59     58     57     57
   50.00     58     60     63     68     74     82     93    107    125    148
   60.00    175    208    246    290    339    390    440    488    532    575
   70.00    380      0

 J SPECTRUM OF FISS   171Yb  
    AVERAGE=  51.126    SUM=   0.542E+00
    0.00      1      3      5      8     10     12     15     18     20     23
   10.00     84     34     37     40     42     46     49     52     55     58
   20.00     62     65     69     72     76     80     83     86     90     93
   30.00     96     99    101    103    105    107    108    109    109    110
   40.00    111    112    113    114    115    116    118    120    123    127
   50.00    132    139    148    159    173    190    210    236    265    297
   60.00    331    365    396    425    447    456    456    447    431    414
   70.00    244      0

 E SPECTRUM OF PARENT 171Yb  
    AVERAGE= 232.958    SUM=   0.355E+01
  206.05      0      0      1      1      2      4      6     10     14     20
  216.05     27     37     50     67     87    113    143    177    215    257
  226.05    300    346    394    443    493    541    585    621    647    658
  236.05    653    627    580    513    430    338    245    161     95     48
  246.05     21      7      2      0      0      0

 DJN SPEC
    AVERAGE=  -0.917    SUM=   0.261E+01
   -1.00   9167    832      0      0      0      0      0      0      0      0

 DJP SPEC
    AVERAGE=  -0.911    SUM=   0.240E+00
   -1.00   9106    893      0      0      0      0      0      0      0      0

 DJA SPEC
    AVERAGE=  -2.777    SUM=   0.150E+00
   -9.00      0      0      0      0      0      0   8670    604    553    171

   N   M   EXMAX  AV.EX. NW  MW  EXMAXW      Q      AL   DELTA     AVJ      DJ        TOTAL  BRANCH
  72  56   251.1   233.0  74  33   195.1    0.00   20.41   -0.79   44.03    0.00     0.355E+01 10000    
  77  53   244.3   220.0  80  31   189.3   -6.61   20.31    0.00   41.88    2.15     0.261E+01  7364   N
  77  53   240.2   212.2  80  31   185.2   -6.80   20.31   -1.12   40.59    3.44     0.240E+00   678   P
  77  53   240.6   210.9  80  62   185.6    1.56   20.01   -0.76   41.23    2.81     0.150E+00   422   A
                   233.6  72  34   196.1  -32.21   23.32   -0.79   51.13             0.542E+00  1529   F
                                                                                     0.000E+00     0   G

 SPECTRA N,P,A  AVE    6.23   14.00   23.74         SUMS  0.2609E+01  0.2407E+00  0.1504E+00
 SEQIN:PAIR,DELT,CST   4  11.00   1.160 AL=  20.31  20.21  20.21  19.92  23.21 DELTA=  0.00 -0.89 -0.87  0.00  0.00
 AF/AN=   1.100   BS,BK=   1.2824   1.4947 DPBAR=  29.92 A= 170. Z=  70. Y=   0.387
 SHELL CORRECTIONS        -2.3    -2.1    -2.5    -2.2     0.0

 GRIDS  NROW,NSTEP   3   2
 SUMN,SUMLOW    0.2613E+01    0.0000E+00
 GOT POPP FROM UNIT  11      SUMP  0.4176E+01   M,N,EXMAX  53  77   246.3     170Yb      CN= 173Hf  
 SUMPOP FLOST,SUM,EXMAX,M,N  0.1155E-13  0.6789E+01  246.34  55  74  0.4176E+01  246.34  53  77  0.2613E+01  244.34  53  77  0 -2
 SUMPOP FLOST,SUM,EXMAX,M,N  0.0000E+00  0.6789E+01  246.34  55  74
 CUTOFF   NSTEP,TOTAL,TRIM,TRIMJ,TRIME,TRIMLEV   2  0.6789E+01  0.7482E-06  0.0000E+00  0.8846E-07  0.6597E-06
          ICUT,AMX,ALEVEL,IAGAIN  74  0.2483E-01  0.2368E-07  20    CUT,PRCNT  0.100E-06  0.100E+01  M1,N1=  52  71
 CUTOFF OLD,NEW M1  52  57
 DIMENSIONS  57  71   243.3  53  76   234.8  53  76   232.6  53  76   233.1
 DENSTY: JSHAP= 49    JBAR= 83        66.0     6.8
 EVA M1,N1=    57    71
 NOP,NOA,NOF,NOG,KE2MX= 0 0 0 016  NOLEP,NOLJI,NOLJF,JFJI= 1 1 1 1

 EVA  M1*N1  4047    ZEROS    69    CUTS   130    CUTPOP  0.1184E-07    SUM CUTS  0.7501E-06
 LOSS BELOW YRAST LINE  0.0000E+00
 EVA-,STEP  2
 SEQOUT NROW,NSTEP   3   2         PARENT 170Yb      ELAB   309.0    EXCIT   272.7

 SUMP,SUMLOW    0.5039E+00    0.0000E+00
 WROTE POPP ON UNIT  10               169Tm  
 SUMA,SUMLOW    0.3042E+00    0.0000E+00
 WROTE POPA ON UNIT  13               166Er  
 TOTAL    0.6789E+01
 FLOST(SUMPOP),TRIM(CUTOFF),RLOST(POPUL),RP 
   0.1155E-13   0.1498E-05   0.3503E-06   0.3619E-01   0.8873E-02   0.9020E-02   0.0000E+00

 J SPECTRUM OF PARENT 170Yb  
    AVERAGE=  41.588    SUM=   0.679E+01
    0.00      5     16     28     39     50     60     72     82     92    101
   10.00    484    139    145    151    156    160    164    166    168    168
   20.00    168    167    165    162    158    153    148    142    136    130
   30.00    123    116    108    101     93     86     79     72     66     61
   40.00     56     52     48     45     42     40     38     37     37     37
   50.00     38     39     42     46     52     60     71     86    106    132
   60.00    165    205    254    314    380    449    520    589    656    447

 J SPECTRUM OF FISS   170Yb  
    AVERAGE=  51.966    SUM=   0.827E+00
    0.00      1      3      6      9     11     14     17     20     23     26
   10.00    128     39     42     45     48     51     54     57     60     63
   20.00     66     69     71     74     77     79     81     83     85     87
   30.00     88     89     90     90     90     89     88     87     85     84
   40.00     84     83     82     82     81     82     82     83     86     89
   50.00     94    101    110    121    137    156    182    214    253    298
   60.00    349    404    461    517    562    593    611    615    611    373

 E SPECTRUM OF PARENT 170Yb  
    AVERAGE= 219.946    SUM=   0.679E+01
  187.34      0      0      0      0      0      1      1      5      7      9
  197.34     12     17     22     28     36     45     57     71     87    106
  207.34    127    152    179    209    242    276    312    349    385    420
  217.34    452    481    506    525    536    539    532    515    488    450
  227.34    404    351    294    236    180    130     88     55     31     16
  237.34      7      2      0      0      0      0      0

 DJN SPEC
    AVERAGE=  -0.886    SUM=   0.510E+01
   -1.00   8859   1140      0      0      0      0      0      0      0      0

 DJP SPEC
    AVERAGE=  -0.878    SUM=   0.504E+00
   -1.00   8784   1215      0      0      0      0      0      0      0      0

 DJA SPEC
    AVERAGE=  -2.706    SUM=   0.304E+00
   -9.00      0      0      0      0      0      0   8265    737    790    206

   N   M   EXMAX  AV.EX. NW  MW  EXMAXW      Q      AL   DELTA     AVJ      DJ        TOTAL  BRANCH
  71  57   243.3   219.9  73  34   186.3    0.00   20.31    0.00   41.59    0.00     0.679E+01 10000    
  76  53   234.8   205.4  80  31   178.8   -8.46   20.21   -0.89   39.35    2.24     0.510E+01  7512   N
  76  53   232.6   199.8  80  31   176.6   -6.78   20.21   -0.87   38.03    3.56     0.504E+00   742   P
  76  53   233.1   198.8  80  62   177.1    1.74   19.92    0.00   38.99    2.59     0.304E+00   448   A
                   221.0  71  35   187.3  -31.65   23.21    0.00   51.97             0.827E+00  1218   F
                                                                                     0.000E+00     0   G

 SPECTRA N,P,A  AVE    6.07   13.85   23.54         SUMS  0.5126E+01  0.5126E+00  0.3132E+00
 SEQIN:PAIR,DELT,CST   4  11.00   1.160 AL=  20.21  20.11  20.11  19.82  23.10 DELTA= -0.89  0.00 -1.48 -1.01 -0.89
 AF/AN=   1.100   BS,BK=   1.2823   1.4942 DPBAR=  29.58 A= 169. Z=  70. Y=   0.387
 SHELL CORRECTIONS        -2.1    -1.9    -2.1    -1.9     0.0

 GRIDS  NROW,NSTEP   3   3
 SUMN,SUMLOW    0.5100E+01    0.0000E+00
 GOT POPP FROM UNIT  11      SUMP  0.3965E+01   M,N,EXMAX  53  76   236.8     169Yb      CN= 173Hf  
 SUMPOP FLOST,SUM,EXMAX,M,N  0.1170E-01  0.9053E+01  236.78  54  75  0.3965E+01  236.78  53  76  0.5100E+01  234.78  53  76  0 -2
 GOT POPA FROM UNIT  12      SUMA  0.2879E+02   M,N,EXMAX  51  79   262.3     169Yb  
 SUMPOP FLOST,SUM,EXMAX,M,N  0.2385E+01  0.3545E+02  258.28  58  70  0.9053E+01  236.78  54  75  0.2879E+02  262.28  51  79-21  3
 CUTOFF   NSTEP,TOTAL,TRIM,TRIMJ,TRIME,TRIMLEV   3  0.3545E+02  0.0000E+00  0.0000E+00  0.0000E+00  0.0000E+00
          ICUT,AMX,ALEVEL,IAGAIN   0  0.1518E+00  0.5790E-06  18    CUT,PRCNT  0.100E-06  0.100E+01  M1,N1=  58  70
 DIMENSIONS  58  70   258.3  54  75   251.3  54  75   247.9  54  75   248.0
 DENSTY: JSHAP= 49    JBAR= 83        66.0     6.8
 EVA M1,N1=    58    70
 NOP,NOA,NOF,NOG,KE2MX= 0 0 0 016  NOLEP,NOLJI,NOLJF,JFJI= 1 1 1 1

 EVA  M1*N1  4060    ZEROS     0    CUTS     0    CUTPOP  0.1773E-06    SUM CUTS  0.0000E+00
 LOSS BELOW YRAST LINE  0.0000E+00
 EVA-,STEP  3
 SEQOUT NROW,NSTEP   3   3         PARENT 169Yb      ELAB   309.0    EXCIT   272.7

 SUMP,SUMLOW    0.2368E+01    0.0000E+00
 WROTE POPP ON UNIT  10               168Tm  
 SUMA,SUMLOW    0.1372E+01    0.0000E+00
 WROTE POPA ON UNIT  13               165Er  
 TOTAL    0.3545E+02
 FLOST(SUMPOP),TRIM(CUTOFF),RLOST(POPUL),RP 
   0.2396E+01   0.0000E+00   0.1062E-02   0.2885E+01   0.4271E+00   0.2741E+00   0.0000E+00

 J SPECTRUM OF PARENT 169Yb  
    AVERAGE=  45.337    SUM=   0.355E+02
    0.00      3     10     17     24     31     63     45     52     58    111
   10.00    184     85     90    159    102    106    110    113    116    118
   20.00    120    122    123    123    123    123    122    120    119    117
   30.00    115    112    110    107    104    101     97     94     92     89
   40.00     88     86     85     84     83     83     83     84     86     88
   50.00     92     96    102    110    120    132    147    166    189    215
   60.00    246    281    321    365    410    456    500    542    522    274

 J SPECTRUM OF FISS   169Yb  
    AVERAGE=  50.442    SUM=   0.909E+01
    0.00      0      2      4      6      8     18     12     14     16     35
   10.00     33     25     28     58     34     36     39     42     45     48
   20.00     52     55     59     62     66     70     74     78     82     86
   30.00     90     94     98    102    105    109    112    116    119    123
   40.00    127    131    135    139    144    149    154    160    167    175
   50.00    184    195    208    223    240    260    282    306    331    355
   60.00    378    396    411    418    416    405    388    367    316    152

 E SPECTRUM OF PARENT 169Yb  
    AVERAGE= 241.955    SUM=   0.355E+02
  201.28     94    101    107    112    117    120    121    121    119    116
  211.28    111    104     96     87     76     66     55     44     34     26
  221.28     18     12      8      5      2      1      4      4      6      8
  231.28     11     14     19     25     32     41     53     68     86    108
  241.28    136    170    212    261    319    387    463    546    631    712
  251.28    776    802    766    643    444    233     90     26

 DJN SPEC
    AVERAGE=  -0.935    SUM=   0.190E+02
   -1.00   9349    650      0      0      0      0      0      0      0      0

 DJP SPEC
    AVERAGE=  -0.936    SUM=   0.237E+01
   -1.00   9360    639      0      0      0      0      0      0      0      0

 DJA SPEC
    AVERAGE=  -2.831    SUM=   0.137E+01
   -9.00      0      0      0      0      0      0   8970    523    347    158

   N   M   EXMAX  AV.EX. NW  MW  EXMAXW      Q      AL   DELTA     AVJ      DJ        TOTAL  BRANCH
  70  58   258.3   242.0  72  34   200.3    0.00   20.21   -0.89   45.34    0.00     0.355E+02 10000    
  75  54   251.3   232.3  80  31   194.3   -6.87   20.11    0.00   43.63    1.71     0.190E+02  5369   N
  75  54   247.9   227.1  80  31   190.9   -6.35   20.11   -1.48   43.05    2.28     0.237E+01   668   P
  75  54   248.0   225.9  80  62   191.0    1.72   19.82   -1.01   43.34    2.00     0.137E+01   387   A
                   246.5  70  35   201.3  -31.12   23.10   -0.89   50.44             0.909E+01  2565   F
                                                                                     0.000E+00     0   G

 SPECTRA N,P,A  AVE    6.35   14.14   23.90         SUMS  0.2188E+02  0.2794E+01  0.1646E+01
 SEQIN:PAIR,DELT,CST   4  11.00   1.160 AL=  20.11  20.01  20.01  19.72  22.99 DELTA=  0.00 -1.09 -0.98  0.00  0.00
 AF/AN=   1.100   BS,BK=   1.2822   1.4938 DPBAR=  29.23 A= 168. Z=  70. Y=   0.386
 SHELL CORRECTIONS        -1.9    -1.6    -2.0    -1.6     0.0

 GRIDS  NROW,NSTEP   3   4
 SUMN,SUMLOW    0.1903E+02    0.0000E+00
 GOT POPP FROM UNIT  11      SUMP  0.3416E+01   M,N,EXMAX  54  75   227.8     168Yb      CN= 173Hf  
 SUMPOP FLOST,SUM,EXMAX,M,N  0.1065E+01  0.2139E+02  247.31  59  69  0.3416E+01  227.82  54  75  0.1903E+02  251.31  54  75-19  3
 GOT POPA FROM UNIT  12      SUMA  0.1260E+02   M,N,EXMAX  52  78   255.3     168Yb  
 SUMPOP FLOST,SUM,EXMAX,M,N  0.1571E+00  0.3383E+02  248.31  59  69  0.2139E+02  247.31  59  69  0.1260E+02  255.31  52  78 -1  6
 CUTOFF   NSTEP,TOTAL,TRIM,TRIMJ,TRIME,TRIMLEV   4  0.3383E+02  0.0000E+00  0.0000E+00  0.0000E+00  0.0000E+00
          ICUT,AMX,ALEVEL,IAGAIN   0  0.1350E+00  0.8237E-05  14    CUT,PRCNT  0.100E-06  0.100E+01  M1,N1=  59  69
 DIMENSIONS  59  69   248.3  55  74   239.1  55  74   238.0  55  74   238.2
 DENSTY: JSHAP= 48    JBAR= 82        65.0     6.8
 EVA M1,N1=    59    69
 NOP,NOA,NOF,NOG,KE2MX= 0 0 0 016  NOLEP,NOLJI,NOLJF,JFJI= 1 1 1 1

 EVA  M1*N1  4071    ZEROS     0    CUTS     0    CUTPOP  0.1691E-06    SUM CUTS  0.0000E+00
 LOSS BELOW YRAST LINE  0.0000E+00
 EVA-,STEP  4
 SEQOUT NROW,NSTEP   3   4         PARENT 168Yb      ELAB   309.0    EXCIT   272.7

 SUMP,SUMLOW    0.2846E+01    0.0000E+00
 WROTE POPP ON UNIT  10               167Tm  
 SUMA,SUMLOW    0.1620E+01    0.0000E+00
 WROTE POPA ON UNIT  13               164Er  
 TOTAL    0.3383E+02
 FLOST(SUMPOP),TRIM(CUTOFF),RLOST(POPUL),RP 
   0.1222E+01   0.0000E+00   0.4244E-03   0.1550E+01   0.2929E+00   0.1883E+00   0.0000E+00

 J SPECTRUM OF PARENT 168Yb  
    AVERAGE=  43.886    SUM=   0.338E+02
    0.00      4     13     21     30     38     84     56     64     72    177
   10.00    246    106    161    159    124    128    131    134    136    137
   20.00    138    138    137    135    133    130    127    123    119    115
   30.00    110    105    100     95     89     84     79     75     71     67
   40.00     64     61     59     56     55     54     53     53     54     55
   50.00     58     62     68     76     86     99    117    140    169    205
   60.00    248    301    362    430    502    575    647    670    398

 J SPECTRUM OF FISS   168Yb  
    AVERAGE=  50.420    SUM=   0.664E+01
    0.00      1      3      5      8     10     25     15     18     21     59
   10.00     56     34     57     58     44     47     51     54     57     60
   20.00     64     67     70     74     77     80     83     86     88     91
   30.00     93     95     96     98     99     99    100    100    101    101
   40.00    102    103    104    105    106    108    110    114    118    124
   50.00    132    142    155    171    191    215    246    281    320    363
   60.00    406    449    487    517    533    537    531    491    265

 E SPECTRUM OF PARENT 168Yb  
    AVERAGE= 230.811    SUM=   0.338E+02
  190.31     40     42     43     44     44     44     43    124    118    111
  200.31    103     94     84     74     64     54     44     36     29     23
  210.31     18     15     13     13     14     17     21     27     34     43
  220.31     54     67     82     99    120    142    168    198    230    266
  230.31    305    346    388    431    471    508    538    559    567    559
  240.31    533    488    424    346    260    176    104     52     14

 DJN SPEC
    AVERAGE=  -0.912    SUM=   0.207E+02
   -1.00   9121    878      0      0      0      0      0      0      0      0

 DJP SPEC
    AVERAGE=  -0.912    SUM=   0.285E+01
   -1.00   9115    884      0      0      0      0      0      0      0      0

 DJA SPEC
    AVERAGE=  -2.773    SUM=   0.162E+01
   -9.00      0      0      0      0      0      0   8635    655    511    198

   N   M   EXMAX  AV.EX. NW  MW  EXMAXW      Q      AL   DELTA     AVJ      DJ        TOTAL  BRANCH
  69  59   248.3   230.8  71  35   189.3    0.00   20.11    0.00   43.89    0.00     0.338E+02 10000    
  74  55   239.1   217.2  80  31   181.1   -9.06   20.01   -1.09   41.99    1.89     0.207E+02  6117   N
  74  55   238.0   213.8  80  31   180.0   -6.33   20.01   -0.98   41.28    2.60     0.285E+01   841   P
  74  55   238.2   212.7  80  62   180.2    1.94   19.72    0.00   41.91    1.98     0.162E+01   479   A
                   234.0  69  36   190.3  -30.57   22.99    0.00   50.42             0.664E+01  1962   F
                                                                                     0.000E+00     0   G

 SPECTRA N,P,A  AVE    6.22   14.02   23.75         SUMS  0.2220E+02  0.3138E+01  0.1808E+01
 SEQIN:PAIR,DELT,CST   4  11.00   1.160 AL=  20.01  19.92  19.92  19.62  22.88 DELTA= -1.09  0.00 -1.88 -1.07 -1.09
 AF/AN=   1.100   BS,BK=   1.2821   1.4933 DPBAR=  28.86 A= 167. Z=  70. Y=   0.385
 SHELL CORRECTIONS        -1.6    -1.4    -1.7    -1.4     0.0

 GRIDS  NROW,NSTEP   3   5
 SUMN,SUMLOW    0.2069E+02    0.0000E+00
 GOT POPP FROM UNIT  11      SUMP  0.2877E+01   M,N,EXMAX  55  74   216.7     167Yb      CN= 173Hf  
 SUMPOP FLOST,SUM,EXMAX,M,N  0.9783E+00  0.2259E+02  234.15  60  68  0.2877E+01  216.65  55  74  0.2069E+02  239.15  55  74-17  4
 GOT POPA FROM UNIT  12      SUMA  0.6297E+01   M,N,EXMAX  53  77   246.2     167Yb  
 SUMPOP FLOST,SUM,EXMAX,M,N  0.6545E-01  0.2882E+02  234.15  60  68  0.2259E+02  234.15  60  68  0.6297E+01  246.15  53  77  0 11
 CUTOFF   NSTEP,TOTAL,TRIM,TRIMJ,TRIME,TRIMLEV   5  0.2882E+02  0.0000E+00  0.0000E+00  0.0000E+00  0.0000E+00
          ICUT,AMX,ALEVEL,IAGAIN   0  0.1092E+00  0.6668E-05  14    CUT,PRCNT  0.100E-06  0.100E+01  M1,N1=  60  68
 DIMENSIONS  60  68   234.2  56  73   227.0  56  73   224.2  56  73   224.3
 DENSTY: JSHAP= 48    JBAR= 82        65.0     6.8
 EVA M1,N1=    60    68
 NOP,NOA,NOF,NOG,KE2MX= 0 0 0 016  NOLEP,NOLJI,NOLJF,JFJI= 1 1 1 1

 EVA  M1*N1  4080    ZEROS     0    CUTS     0    CUTPOP  0.1441E-06    SUM CUTS  0.0000E+00
 LOSS BELOW YRAST LINE  0.0000E+00
 EVA-,STEP  5
 SEQOUT NROW,NSTEP   3   5         PARENT 167Yb      ELAB   309.0    EXCIT   272.7

 SUMP,SUMLOW    0.2759E+01    0.0000E+00
 WROTE POPP ON UNIT  10               166Tm  
 SUMA,SUMLOW    0.1521E+01    0.0000E+00
 WROTE POPA ON UNIT  13               163Er  
 TOTAL    0.2882E+02
 FLOST(SUMPOP),TRIM(CUTOFF),RLOST(POPUL),RP 
   0.1044E+01   0.0000E+00   0.3631E-03   0.1101E+01   0.2397E+00   0.1536E+00   0.0000E+00

 J SPECTRUM OF PARENT 167Yb  
    AVERAGE=  41.734    SUM=   0.288E+02
    0.00      5     16     26     37     47    103     69     78     88    254
   10.00    378    176    175    175    149    152    154    155    155    154
   20.00    153    150    147    142    138    132    126    120    113    107
   30.00    100     93     86     80     73     67     61     56     52     48
   40.00     45     42     39     37     36     34     34     34     34     36
   50.00     38     42     47     54     65     79     99    125    160    204
   60.00    261    332    416    511    611    714    770    477

 J SPECTRUM OF FISS   167Yb  
    AVERAGE=  52.160    SUM=   0.486E+01
    0.00      1      3      5      8     10     25     16     19     21     71
   10.00     76     50     51     53     45     48     50     53     56     58
   20.00     61     63     65     67     69     71     72     73     74     75
   30.00     75     75     75     74     74     72     71     70     70     69
   40.00     69     68     67     67     68     69     70     72     76     82
   50.00     89     99    112    130    153    183    222    271    329    397
   60.00    474    556    637    706    758    792    773    439

 E SPECTRUM OF PARENT 167Yb  
    AVERAGE= 214.888    SUM=   0.288E+02
  175.15     39     41     42     42     42     42     42     41     39    112
  185.15    113    110    101     90     80     70     60     52     45     39
  195.15     35     32     31     32     34     39     45     53     63     75
  205.15     90    106    124    144    166    190    216    243    271    300
  215.15    329    357    384    409    430    446    456    459    454    440
  225.15    417    385    346    301    251    201    152    108     71     43

 DJN SPEC
    AVERAGE=  -0.879    SUM=   0.182E+02
   -1.00   8794   1205      0      0      0      0      0      0      0      0

 DJP SPEC
    AVERAGE=  -0.878    SUM=   0.276E+01
   -1.00   8776   1223      0      0      0      0      0      0      0      0

 DJA SPEC
    AVERAGE=  -2.697    SUM=   0.152E+01
   -9.00      0      0      0      0      0      0   8200    807    747    243

   N   M   EXMAX  AV.EX. NW  MW  EXMAXW      Q      AL   DELTA     AVJ      DJ        TOTAL  BRANCH
  68  60   234.2   214.9  70  35   174.2    0.00   20.01   -1.09   41.73    0.00     0.288E+02 10000    
  73  56   227.0   203.1  79  31   168.0   -7.07   19.92    0.00   39.29    2.44     0.182E+02  6309   N
  73  56   224.2   197.8  79  31   165.2   -5.99   19.92   -1.88   38.51    3.22     0.276E+01   957   P
  73  56   224.3   196.7  80  62   165.3    2.15   19.62   -1.07   39.51    2.23     0.152E+01   528   A
                   218.1  68  36   175.2  -29.99   22.88   -1.09   52.16             0.486E+01  1688   F
                                                                                     0.000E+00     0   G

 SPECTRA N,P,A  AVE    6.05   13.84   23.54         SUMS  0.1925E+02  0.2997E+01  0.1674E+01
1    ROW  3      ELEMENT Yb      X-SECTION   0.000E+00
(14)N+(159)Tb -> (173)Hf                                                
 ELAB(MEV)  309.000     Q-VALUE  -11.257    EXCIT  272.737
 SIGFUS,SIGEVA,SIGFIS,SIGMXZ  0.9476E+03  0.0000E+00  0.8537E+03  0.0000E+00
 ZT= 65    AT 159    ZP  7    AP  14


             171Yb     170Yb     169Yb     168Yb     167Yb  
 SIG        0.000E+00 0.000E+00 0.000E+00 0.000E+00 0.000E+00
 B-G               0         0         0         0         0
  R-N           7364      7512      5369      6117      6309
 BR-P            678       742       668       841       957
 BR-A            422       448       387       479       528
 BR-F           1529      1218      2565      1962      1688
 SIGF       0.542E+00 0.827E+00 0.909E+01 0.664E+01 0.486E+01
 TOTAL      0.355E+01 0.679E+01 0.355E+02 0.338E+02 0.288E+02
 EXCP          233.0     219.9     242.0     230.8     214.9
 SPINP          44.0      41.6      45.3      43.9      41.7
 EXCF          233.6     221.0     246.5     234.0     218.1
 SPINF          51.1      52.0      50.4      50.4      52.2
 DJN           -0.92     -0.89     -0.93     -0.91     -0.88
 DJP           -0.91     -0.88     -0.94     -0.91     -0.88
 DJA           -2.78     -2.71     -2.83     -2.77     -2.70
 AV.E N         6.23      6.07      6.35      6.22      6.05
 AV.E P        14.00     13.85     14.14     14.02     13.84
 AV.E A        23.74     23.54     23.90     23.75     23.54
 SUM GAM         0.0       0.0       0.0       0.0       0.0
 SPIN GAM        0.0       0.0       0.0       0.0       0.0

 TRIM       0.535E-06 0.150E-05 0.000E+00 0.000E+00 0.000E+00
 FLOST      0.000E+00 0.115E-13 0.240E+01 0.122E+01 0.104E+01
 RP         0.000E+00 0.000E+00 0.000E+00 0.000E+00 0.000E+00
 RLOSTG     0.343E-10 0.350E-06 0.106E-02 0.424E-03 0.363E-03
 RLOSTN     0.153E-02 0.362E-01 0.288E+01 0.155E+01 0.110E+01
 RLOSTP     0.401E-03 0.887E-02 0.427E+00 0.293E+00 0.240E+00
 RLOSTA     0.688E-03 0.902E-02 0.274E+00 0.188E+00 0.154E+00
 TIME              0         0         0         0         0

 STORAGE
  1.  1.  3.  3.  3.
  0.  0.  2.  2.  2.
  170.   69.   0.0010    21     1    25    25    35    12    12    20
 DEL     1.0     0.1     4.0    12.0     0.0
 TRANSM  APAR,ZPAR,SIGLOW,UNIT,DEL 170.0  69.0  0.10E-02  21     0.1     4.0    12.0
 SEQIN:PAIR,DELT,CST   4  11.00   1.160 AL=  20.31  20.21  20.21  19.92  23.28 DELTA= -1.12 -0.87 -0.72 -1.27 -1.12
 AF/AN=   1.100   BS,BK=   1.2848   1.5191 DPBAR=  32.08 A= 170. Z=  69. Y=   0.428
 SHELL CORRECTIONS        -2.4    -2.5    -2.7    -2.3    -0.0
1 NEW ROW

 GRIDS  NROW,NSTEP   4   1
 SUMN,SUMLOW    0.0000E+00    0.0000E+00
 GOT POPP FROM UNIT  10      SUMP  0.2404E+00   M,N,EXMAX  53  77   240.2     170Tm      CN= 173Hf  
 SUMPOP FLOST,SUM,EXMAX,M,N  0.0000E+00  0.2404E+00  240.25  53  77
 SUMPOP FLOST,SUM,EXMAX,M,N  0.0000E+00  0.2404E+00  240.25  53  77
 CUTOFF   NSTEP,TOTAL,TRIM,TRIMJ,TRIME,TRIMLEV   1  0.2404E+00  0.2966E-07  0.0000E+00  0.1574E-07  0.1392E-07
          ICUT,AMX,ALEVEL,IAGAIN  37  0.7508E-03  0.7160E-09  20    CUT,PRCNT  0.100E-06  0.100E+01  M1,N1=  49  71
 CUTOFF OLD,NEW M1  49  57
 DIMENSIONS  57  71   236.2  53  76   229.6  53  76   226.1  53  76   225.1
 DENSTY: JSHAP= 49    JBAR= 94        71.5     9.0
 EVA M1,N1=    57    71
 NOP,NOA,NOF,NOG,KE2MX= 0 0 0 016  NOLEP,NOLJI,NOLJF,JFJI= 1 1 1 1

 EVA  M1*N1  4047    ZEROS    36    CUTS   178    CUTPOP  0.3580E-09    SUM CUTS  0.1802E-07
 LOSS BELOW YRAST LINE  0.0000E+00
 EVA-,STEP  1
 SEQOUT NROW,NSTEP   4   1         PARENT 170Tm      ELAB   309.0    EXCIT   272.7

 SUMP,SUMLOW    0.1264E-01    0.0000E+00
 WROTE POPP ON UNIT  11               169Er  
 SUMA,SUMLOW    0.8279E-02    0.0000E+00
 WROTE POPA ON UNIT  12               166Ho  
 TOTAL    0.2404E+00
 FLOST(SUMPOP),TRIM(CUTOFF),RLOST(POPUL),RP 
   0.0000E+00   0.4768E-07   0.2635E-09   0.1291E-02   0.2144E-03   0.2347E-03   0.0000E+00

 J SPECTRUM OF PARENT 170Tm  
    AVERAGE=  40.589    SUM=   0.240E+00
    0.00      5     16     27     38     49     60     71     81     91    100
   10.00    481    139    145    152    157    162    166    168    171    172
   20.00    172    172    170    168    165    161    157    152    146    140
   30.00    134    127    120    112    105     97     90     83     77     71
   40.00     66     62     58     54     51     48     46     45     44     44
   50.00     45     47     50     54     61     69     81     96    116    141
   60.00    172    209    253    304    357    411    463    512    559    373

 J SPECTRUM OF FISS   170Tm  
    AVERAGE=  58.067    SUM=   0.267E-01
    0.00      0      1      2      4      5      6      8      9     10     11
   10.00     58     18     19     21     22     23     25     26     28     29
   20.00     31     32     34     35     37     38     39     41     42     43
   30.00     44     45     46     47     47     47     47     47     47     48
   40.00     48     49     49     49     50     51     53     55     57     61
   50.00     66     73     82     93    108    128    154    189    232    286
   60.00    351    427    516    614    709    798    876    941    994    642

 E SPECTRUM OF PARENT 170Tm  
    AVERAGE= 212.229    SUM=   0.240E+00
  180.25      0      0      0      0      0      0      0      0      7      9
  190.25     13     18     23     30     39     50     63     79     97    119
  200.25    143    171    201    234    269    306    343    380    416    450
  210.25    480    505    525    537    541    535    520    493    457    413
  220.25    362    306    249    195    145    102     67     41     23     12
  230.25      5      2      0      0      0      0      0

 DJN SPEC
    AVERAGE=  -0.886    SUM=   0.191E+00
   -1.00   8862   1137      0      0      0      0      0      0      0      0

 DJP SPEC
    AVERAGE=  -0.878    SUM=   0.126E-01
   -1.00   8777   1222      0      0      0      0      0      0      0      0

 DJA SPEC
    AVERAGE=  -2.703    SUM=   0.828E-02
   -9.00      0      0      0      0      0      0   8238    755    798    207

   N   M   EXMAX  AV.EX. NW  MW  EXMAXW      Q      AL   DELTA     AVJ      DJ        TOTAL  BRANCH
  71  57   236.2   212.2  73  34   179.2    0.00   20.31   -1.12   40.59    0.00     0.240E+00 10000    
  76  53   229.6   199.6  80  31   173.6   -6.59   20.21   -0.87   37.60    2.99     0.191E+00  7947   N
  76  53   226.1   192.9  80  31   170.1   -6.16   20.21   -0.72   36.09    4.50     0.126E-01   526   P
  76  53   225.1   190.6  80  62   169.1    0.85   19.92   -1.27   36.95    3.64     0.828E-02   344   A
                   213.6  71  35   180.2  -33.95   23.28   -1.12   58.07             0.267E-01  1111   F
                                                                                     0.000E+00     0   G

 SPECTRA N,P,A  AVE    6.01   13.64   23.19         SUMS  0.1919E+00  0.1285E-01  0.8513E-02
 SEQIN:PAIR,DELT,CST   4  11.00   1.160 AL=  20.21  20.11  20.11  19.82  23.11 DELTA= -0.87 -1.48  0.00 -0.82 -0.87
 AF/AN=   1.100   BS,BK=   1.2827   1.4969 DPBAR=  31.75 A= 169. Z=  69. Y=   0.390
 SHELL CORRECTIONS        -2.5    -2.1    -2.6    -2.3    -0.0

 GRIDS  NROW,NSTEP   4   2
 SUMN,SUMLOW    0.1911E+00    0.0000E+00
 GOT POPP FROM UNIT  10      SUMP  0.5039E+00   M,N,EXMAX  53  76   232.6     169Tm      CN= 173Hf  
 SUMPOP FLOST,SUM,EXMAX,M,N  0.1110E-14  0.6950E+00  232.56  56  73  0.5039E+00  232.56  53  76  0.1911E+00  229.56  53  76  0 -3
 SUMPOP FLOST,SUM,EXMAX,M,N  0.0000E+00  0.6950E+00  232.56  56  73
 CUTOFF   NSTEP,TOTAL,TRIM,TRIMJ,TRIME,TRIMLEV   2  0.6950E+00  0.1002E-06  0.0000E+00  0.3640E-07  0.6381E-07
          ICUT,AMX,ALEVEL,IAGAIN  61  0.2389E-02  0.2278E-08  20    CUT,PRCNT  0.100E-06  0.100E+01  M1,N1=  51  70
 CUTOFF OLD,NEW M1  51  58
 DIMENSIONS  58  70   227.6  54  75   219.4  54  75   218.0  54  75   216.8
 DENSTY: JSHAP= 49    JBAR= 93        71.0     8.8
 EVA M1,N1=    58    70
 NOP,NOA,NOF,NOG,KE2MX= 0 0 0 016  NOLEP,NOLJI,NOLJF,JFJI= 1 1 1 1

 EVA  M1*N1  4060    ZEROS    56    CUTS   114    CUTPOP  0.1139E-08    SUM CUTS  0.5957E-07
 LOSS BELOW YRAST LINE  0.0000E+00
 EVA-,STEP  2
 SEQOUT NROW,NSTEP   4   2         PARENT 169Tm      ELAB   309.0    EXCIT   272.7

 SUMP,SUMLOW    0.3963E-01    0.0000E+00
 WROTE POPP ON UNIT  11               168Er  
 SUMA,SUMLOW    0.2512E-01    0.0000E+00
 WROTE POPA ON UNIT  12               165Ho  
 TOTAL    0.6950E+00
 FLOST(SUMPOP),TRIM(CUTOFF),RLOST(POPUL),RP 
   0.1110E-14   0.1598E-06   0.2380E-08   0.8032E-02   0.1460E-02   0.1434E-02   0.0000E+00

 J SPECTRUM OF PARENT 169Tm  
    AVERAGE=  37.908    SUM=   0.695E+00
    0.00      6     19     32     45     57     70     84     95    106    117
   10.00    718    167    174    179    184    188    190    191    192    191
   20.00    189    186    182    178    172    165    158    151    143    135
   30.00    126    118    109    100     92     83     76     68     62     57
   40.00     52     48     44     41     38     36     34     33     32     33
   50.00     34     36     39     43     50     59     71     88    110    138
   60.00    173    217    270    330    394    459    523    586    400      0

 J SPECTRUM OF FISS   169Tm  
    AVERAGE=  58.809    SUM=   0.569E-01
    0.00      0      1      2      3      4      6      7      8      9     11
   10.00     70     17     18     19     21     22     23     24     25     26
   20.00     27     28     29     30     31     32     33     34     34     35
   30.00     35     36     36     36     35     35     35     34     34     34
   40.00     34     34     34     34     35     35     36     38     41     44
   50.00     49     55     64     75     91    112    142    182    233    300
   60.00    383    485    609    742    878   1011   1132   1243    831      0

 E SPECTRUM OF PARENT 169Tm  
    AVERAGE= 199.747    SUM=   0.695E+00
  170.56      0      0      0      0      0      0      0      6      8     10
  180.56     48     59     72     86    103    122    143    166    191    218
  190.56    246    276    306    336    366    394    419    441    460    473
  200.56    481    482    477    465    447    421    390    354    315    273
  210.56    230    189    150    115     84     59     40     25     15      8
  220.56      4      2      0      0      0      0      0      0

 DJN SPEC
    AVERAGE=  -0.854    SUM=   0.562E+00
   -1.00   8539   1460      0      0      0      0      0      0      0      0

 DJP SPEC
    AVERAGE=  -0.844    SUM=   0.396E-01
   -1.00   8438   1561      0      0      0      0      0      0      0      0

 DJA SPEC
    AVERAGE=  -2.630    SUM=   0.251E-01
   -9.00      0      0      0      0      0      0   7832    871   1059    236

   N   M   EXMAX  AV.EX. NW  MW  EXMAXW      Q      AL   DELTA     AVJ      DJ        TOTAL  BRANCH
  70  58   227.6   199.7  72  34   169.6    0.00   20.21   -0.87   37.91    0.00     0.695E+00 10000    
  75  54   219.4   186.0  80  31   162.4   -8.03   20.11   -1.48   35.30    2.61     0.562E+00  8093   N
  75  54   218.0   181.6  80  31   161.0   -5.57   20.11    0.00   33.80    4.11     0.396E-01   570   P
  75  54   216.8   179.2  80  62   159.8    1.20   19.82   -0.82   34.90    3.01     0.251E-01   361   A
                   201.4  70  35   170.6  -33.70   23.11   -0.87   58.81             0.569E-01   818   F
                                                                                     0.000E+00     0   G

 SPECTRA N,P,A  AVE    5.85   13.48   23.00         SUMS  0.5691E+00  0.4107E-01  0.2655E-01
 SEQIN:PAIR,DELT,CST   4  11.00   1.160 AL=  20.11  20.01  20.01  19.72  23.00 DELTA= -1.48 -0.98 -0.76 -1.49 -1.48
 AF/AN=   1.100   BS,BK=   1.2827   1.4966 DPBAR=  31.43 A= 168. Z=  69. Y=   0.390
 SHELL CORRECTIONS        -2.1    -2.0    -2.4    -1.9     0.0

 GRIDS  NROW,NSTEP   4   3
 SUMN,SUMLOW    0.5625E+00    0.0000E+00
 GOT POPP FROM UNIT  10      SUMP  0.2368E+01   M,N,EXMAX  54  75   247.9     168Tm      CN= 173Hf  
 SUMPOP FLOST,SUM,EXMAX,M,N  0.1883E+00  0.2742E+01  239.93  59  69  0.2368E+01  247.93  54  75  0.5625E+00  219.43  54  75  7-21
 GOT POPA FROM UNIT  13      SUMA  0.2104E+01   M,N,EXMAX  52  78   252.9     168Tm  
 SUMPOP FLOST,SUM,EXMAX,M,N  0.3207E-01  0.4814E+01  240.92  59  69  0.2742E+01  239.93  59  69  0.2104E+01  252.92  52  78 -1 11
 CUTOFF   NSTEP,TOTAL,TRIM,TRIMJ,TRIME,TRIMLEV   3  0.4814E+01  0.0000E+00  0.0000E+00  0.0000E+00  0.0000E+00
          ICUT,AMX,ALEVEL,IAGAIN   0  0.1736E-01  0.5299E-06  15    CUT,PRCNT  0.100E-06  0.100E+01  M1,N1=  59  69
 DIMENSIONS  59  69   240.9  55  74   234.0  55  74   231.6  55  74   230.2
 DENSTY: JSHAP= 49    JBAR= 91        70.0     8.4
 EVA M1,N1=    59    69
 NOP,NOA,NOF,NOG,KE2MX= 0 0 0 016  NOLEP,NOLJI,NOLJF,JFJI= 1 1 1 1

 EVA  M1*N1  4071    ZEROS     0    CUTS     0    CUTPOP  0.2407E-07    SUM CUTS  0.0000E+00
 LOSS BELOW YRAST LINE  0.0000E+00
 EVA-,STEP  3
 SEQOUT NROW,NSTEP   4   3         PARENT 168Tm      ELAB   309.0    EXCIT   272.7

 SUMP,SUMLOW    0.3113E+00    0.0000E+00
 WROTE POPP ON UNIT  11               167Er  
 SUMA,SUMLOW    0.1925E+00    0.0000E+00
 WROTE POPA ON UNIT  12               164Ho  
 TOTAL    0.4814E+01
 FLOST(SUMPOP),TRIM(CUTOFF),RLOST(POPUL),RP 
   0.2204E+00   0.0000E+00   0.6799E-04   0.1973E+00   0.2200E-01   0.1545E-01   0.0000E+00

 J SPECTRUM OF PARENT 168Tm  
    AVERAGE=  43.061    SUM=   0.481E+01
    0.00      4     12     21     29     37     84     55     63     70    183
   10.00    215    104    159    165    124    129    133    136    139    141
   20.00    142    143    143    142    141    139    136    133    129    125
   30.00    121    116    111    106    101     95     90     85     81     77
   40.00     73     70     67     65     63     62     61     61     61     63
   50.00     66     70     76     84     95    109    127    150    178    212
   60.00    252    299    350    405    461    515    565    586    357

 J SPECTRUM OF FISS   168Tm  
    AVERAGE=  56.122    SUM=   0.829E+00
    0.00      0      1      2      3      4     11      7      8      9     28
   10.00     23     16     26     28     21     22     24     26     27     29
   20.00     31     33     35     36     38     40     42     44     46     48
   30.00     49     51     52     54     55     56     58     59     60     62
   40.00     63     65     67     69     71     74     78     82     87     94
   50.00    103    114    128    145    168    196    231    274    325    385
   60.00    451    525    600    671    733    782    818    817    484

 E SPECTRUM OF PARENT 168Tm  
    AVERAGE= 224.585    SUM=   0.481E+01
  182.92     48     50     51     52     52     51     50     48     46     43
  192.92     40     85     76     67     58     49     40     32     26     20
  202.92     16     13     11     11     12     14     18     23     29     37
  212.92     48     60     76     94    116    142    171    203    239    277
  222.92    317    360    403    447    488    524    554    574    580    571
  232.92    544    499    437    362    281    201    131     76     26

 DJN SPEC
    AVERAGE=  -0.913    SUM=   0.325E+01
   -1.00   9129    870      0      0      0      0      0      0      0      0

 DJP SPEC
    AVERAGE=  -0.910    SUM=   0.311E+00
   -1.00   9098    901      0      0      0      0      0      0      0      0

 DJA SPEC
    AVERAGE=  -2.764    SUM=   0.192E+00
   -9.00      0      0      0      0      0      0   8578    691    526    203

   N   M   EXMAX  AV.EX. NW  MW  EXMAXW      Q      AL   DELTA     AVJ      DJ        TOTAL  BRANCH
  69  59   240.9   224.6  71  35   181.9    0.00   20.11   -1.48   43.06    0.00     0.481E+01 10000    
  74  55   234.0   213.1  80  31   176.0   -6.84   20.01   -0.98   39.85    3.21     0.325E+01  6743   N
  74  55   231.6   208.1  80  31   173.6   -5.31   20.01   -0.76   38.85    4.21     0.311E+00   647   P
  74  55   230.2   205.3  80  62   172.2    1.24   19.72   -1.49   39.41    3.65     0.192E+00   400   A
                   227.5  69  36   182.9  -33.04   23.00   -1.48   56.12             0.829E+00  1723   F
                                                                                     0.000E+00     0   G

 SPECTRA N,P,A  AVE    6.18   13.85   23.43         SUMS  0.3436E+01  0.3331E+00  0.2079E+00
 SEQIN:PAIR,DELT,CST   4  11.00   1.160 AL=  20.01  19.92  19.92  19.62  22.89 DELTA= -0.98 -1.88  0.00 -0.96 -0.98
 AF/AN=   1.100   BS,BK=   1.2826   1.4963 DPBAR=  31.10 A= 167. Z=  69. Y=   0.389
 SHELL CORRECTIONS        -2.0    -1.7    -2.2    -1.8     0.0

 GRIDS  NROW,NSTEP   4   4
 SUMN,SUMLOW    0.3246E+01    0.0000E+00
 GOT POPP FROM UNIT  10      SUMP  0.2846E+01   M,N,EXMAX  55  74   238.0     167Tm      CN= 173Hf  
 SUMPOP FLOST,SUM,EXMAX,M,N -0.8882E-15  0.6092E+01  237.98  59  69  0.2846E+01  237.98  55  74  0.3246E+01  233.98  55  74  0 -4
 GOT POPA FROM UNIT  13      SUMA  0.2405E+01   M,N,EXMAX  53  77   245.0     167Tm  
 SUMPOP FLOST,SUM,EXMAX,M,N  0.2167E-05  0.8497E+01  237.98  59  69  0.6092E+01  237.98  59  69  0.2405E+01  244.98  53  77  0  6
 CUTOFF   NSTEP,TOTAL,TRIM,TRIMJ,TRIME,TRIMLEV   4  0.8497E+01  0.3049E-06  0.0000E+00  0.0000E+00  0.3049E-06
          ICUT,AMX,ALEVEL,IAGAIN  18  0.2978E-01  0.2840E-07  20    CUT,PRCNT  0.100E-06  0.100E+01  M1,N1=  59  69
 DIMENSIONS  59  69   238.0  55  74   229.2  55  74   229.1  55  74   227.4
 DENSTY: JSHAP= 48    JBAR= 89        68.5     8.2
 EVA M1,N1=    59    69
 NOP,NOA,NOF,NOG,KE2MX= 0 0 0 016  NOLEP,NOLJI,NOLJF,JFJI= 1 1 1 1

 EVA  M1*N1  4071    ZEROS    14    CUTS     5    CUTPOP  0.1420E-07    SUM CUTS  0.1073E-07
 LOSS BELOW YRAST LINE  0.0000E+00
 EVA-,STEP  4
 SEQOUT NROW,NSTEP   4   4         PARENT 167Tm      ELAB   309.0    EXCIT   272.7

 SUMP,SUMLOW    0.6438E+00    0.0000E+00
 WROTE POPP ON UNIT  11               166Er  
 SUMA,SUMLOW    0.3885E+00    0.0000E+00
 WROTE POPA ON UNIT  12               163Ho  
 TOTAL    0.8497E+01
 FLOST(SUMPOP),TRIM(CUTOFF),RLOST(POPUL),RP 
   0.2167E-05   0.3156E-06   0.7670E-04   0.2242E+00   0.2920E-01   0.2107E-01   0.0000E+00

 J SPECTRUM OF PARENT 167Tm  
    AVERAGE=  40.968    SUM=   0.850E+01
    0.00      5     14     24     34     44    105     65     74     83    277
   10.00    269    171    175    180    146    150    154    156    158    158
   20.00    158    157    155    153    149    145    140    135    129    123
   30.00    117    110    103     97     90     83     77     72     67     63
   40.00     59     55     52     50     48     46     45     45     46     48
   50.00     51     55     61     69     80     95    115    140    173    213
   60.00    263    321    387    458    530    601    659    435      0

 J SPECTRUM OF FISS   167Tm  
    AVERAGE=  55.823    SUM=   0.112E+01
    0.00      0      1      3      4      5     14      8     10     11     41
   10.00     36     27     29     30     25     27     28     30     32     33
   20.00     35     37     38     40     41     43     44     46     47     48
   30.00     49     50     50     51     51     51     51     52     52     53
   40.00     53     54     55     56     57     59     62     65     70     76
   50.00     85     95    109    128    152    184    225    276    338    412
   60.00    499    597    698    793    878    948    992    625      0

 E SPECTRUM OF PARENT 167Tm  
    AVERAGE= 214.067    SUM=   0.850E+01
  179.98     24     24     24     24     51     47     43     38     32     28
  189.98     24     22     24     25     27     31     37     45     54     65
  199.98     79     94    113    133    156    182    209    239    271    303
  209.98    337    370    402    432    458    481    497    507    508    501
  219.98    484    457    420    376    326    272    218    166    119     80
  229.98     49     27     13      5      1      0      0      0      0

 DJN SPEC
    AVERAGE=  -0.890    SUM=   0.607E+01
   -1.00   8900   1099      0      0      0      0      0      0      0      0

 DJP SPEC
    AVERAGE=  -0.884    SUM=   0.644E+00
   -1.00   8840   1159      0      0      0      0      0      0      0      0

 DJA SPEC
    AVERAGE=  -2.704    SUM=   0.388E+00
   -9.00      0      0      0      0      0      0   8231    817    710    240

   N   M   EXMAX  AV.EX. NW  MW  EXMAXW      Q      AL   DELTA     AVJ      DJ        TOTAL  BRANCH
  69  59   238.0   214.1  71  35   179.0    0.00   20.01   -0.98   40.97    0.00     0.850E+01 10000    
  74  55   229.2   200.0  80  31   171.2   -8.73   19.92   -1.88   38.06    2.91     0.607E+01  7145   N
  74  55   229.1   196.8  80  31   171.1   -4.91   19.92    0.00   36.92    4.05     0.644E+00   758   P
  74  55   227.4   193.7  80  62   169.4    1.41   19.62   -0.96   37.73    3.24     0.388E+00   457   A
                   215.9  69  36   180.0  -32.63   22.89   -0.98   55.82             0.112E+01  1317   F
                                                                                     0.000E+00     0   G

 SPECTRA N,P,A  AVE    6.06   13.72   23.28         SUMS  0.6281E+01  0.6727E+00  0.4095E+00
 SEQIN:PAIR,DELT,CST   4  11.00   1.160 AL=  19.92  19.82  19.82  19.52  22.79 DELTA= -1.88 -1.11 -1.01 -1.69 -1.88
 AF/AN=   1.100   BS,BK=   1.2826   1.4960 DPBAR=  30.75 A= 166. Z=  69. Y=   0.389
 SHELL CORRECTIONS        -1.7    -1.5    -1.9    -1.4     0.0

 GRIDS  NROW,NSTEP   4   5
 SUMN,SUMLOW    0.6071E+01    0.0000E+00
 GOT POPP FROM UNIT  10      SUMP  0.2759E+01   M,N,EXMAX  56  73   224.2     166Tm      CN= 173Hf  
 SUMPOP FLOST,SUM,EXMAX,M,N  0.2463E-01  0.8805E+01  229.15  60  68  0.2759E+01  224.16  56  73  0.6071E+01  229.15  55  74 -5  0
 GOT POPA FROM UNIT  13      SUMA  0.2200E+01   M,N,EXMAX  53  76   235.2     166Tm  
 SUMPOP FLOST,SUM,EXMAX,M,N  0.4448E-07  0.1101E+02  229.16  60  68  0.8805E+01  229.15  60  68  0.2200E+01  235.16  53  76  0  5
 CUTOFF   NSTEP,TOTAL,TRIM,TRIMJ,TRIME,TRIMLEV   5  0.1101E+02  0.2746E-06  0.0000E+00  0.2746E-06  0.0000E+00
          ICUT,AMX,ALEVEL,IAGAIN  18  0.3656E-01  0.1743E-07  21    CUT,PRCNT  0.100E-06  0.100E+01  M1,N1=  59  68
 CUTOFF OLD,NEW M1  59  60
 DIMENSIONS  60  68   228.2  56  73   221.0  56  73   219.5  56  73   217.9
 DENSTY: JSHAP= 48    JBAR= 86        67.0     7.6
 EVA M1,N1=    60    68
 NOP,NOA,NOF,NOG,KE2MX= 0 0 0 016  NOLEP,NOLJI,NOLJF,JFJI= 1 1 1 1

 EVA  M1*N1  4080    ZEROS     0    CUTS    36    CUTPOP  0.8716E-08    SUM CUTS  0.1301E-06
 LOSS BELOW YRAST LINE  0.0000E+00
 EVA-,STEP  5
 SEQOUT NROW,NSTEP   4   5         PARENT 166Tm      ELAB   309.0    EXCIT   272.7

 SUMP,SUMLOW    0.9348E+00    0.0000E+00
 WROTE POPP ON UNIT  11               165Er  
 SUMA,SUMLOW    0.5455E+00    0.0000E+00
 WROTE POPA ON UNIT  12               162Ho  
 TOTAL    0.1101E+02
 FLOST(SUMPOP),TRIM(CUTOFF),RLOST(POPUL),RP 
   0.2463E-01   0.4047E-06   0.5562E-04   0.2385E+00   0.4643E-01   0.3624E-01   0.0000E+00

 J SPECTRUM OF PARENT 166Tm  
    AVERAGE=  38.472    SUM=   0.110E+02
    0.00      5     17     29     40     52    126     76     87     97    385
   10.00    423    191    195    199    170    173    175    176    176    174
   20.00    172    169    164    159    153    147    140    133    125    117
   30.00    109    101     93     85     78     71     65     59     54     50
   40.00     46     43     40     38     36     35     34     34     35     37
   50.00     40     44     50     59     71     87    109    138    175    223
   60.00    283    354    435    522    612    697    479      0

 J SPECTRUM OF FISS   166Tm  
    AVERAGE=  55.538    SUM=   0.110E+01
    0.00      0      2      3      4      6     15      9     11     12     53
   10.00     57     29     30     32     28     29     31     32     34     35
   20.00     37     38     39     40     41     42     43     44     45     45
   30.00     45     45     45     45     45     44     44     44     44     44
   40.00     44     44     45     46     47     49     51     55     60     66
   50.00     75     86    102    123    151    189    239    301    379    475
   60.00    587    712    838    955   1058   1138    739      0

 E SPECTRUM OF PARENT 166Tm  
    AVERAGE= 199.776    SUM=   0.110E+02
  169.16      0     21     20     18     16     15     37     35     35     36
  179.16     38     42     48     67     78     90    105    122    141    161
  189.16    184    208    233    259    286    314    340    366    390    412
  199.16    430    444    454    458    456    448    434    413    386    355
  209.16    319    279    239    198    160    124     92     65     44     27
  219.16     16      8      4      1      0      0      0      0      0      0

 DJN SPEC
    AVERAGE=  -0.855    SUM=   0.811E+01
   -1.00   8546   1453      0      0      0      0      0      0      0      0

 DJP SPEC
    AVERAGE=  -0.847    SUM=   0.935E+00
   -1.00   8466   1533      0      0      0      0      0      0      0      0

 DJA SPEC
    AVERAGE=  -2.629    SUM=   0.546E+00
   -9.00      0      0      0      0      0      0   7829    902    991    276

   N   M   EXMAX  AV.EX. NW  MW  EXMAXW      Q      AL   DELTA     AVJ      DJ        TOTAL  BRANCH
  68  60   228.2   199.8  70  35   168.2    0.00   19.92   -1.88   38.47    0.00     0.110E+02 10000    
  73  56   221.0   187.3  79  31   162.0   -7.03   19.82   -1.11   35.90    2.57     0.811E+01  7366   N
  73  56   219.5   182.8  79  31   160.5   -4.66   19.82   -1.01   34.74    3.73     0.935E+00   849   P
  73  56   217.9   180.0  80  62   158.9    1.73   19.52   -1.69   35.80    2.67     0.546E+00   496   A
                   201.6  68  36   169.2  -31.92   22.79   -1.88   55.54             0.110E+01   997   F
                                                                                     0.000E+00     0   G

 SPECTRA N,P,A  AVE    5.89   13.55   23.08         SUMS  0.8324E+01  0.9808E+00  0.5817E+00
1    ROW  4      ELEMENT Tm      X-SECTION   0.000E+00
(14)N+(159)Tb -> (173)Hf                                                
 ELAB(MEV)  309.000     Q-VALUE  -11.257    EXCIT  272.737
 SIGFUS,SIGEVA,SIGFIS,SIGMXZ  0.9476E+03  0.0000E+00  0.8568E+03  0.0000E+00
 ZT= 65    AT 159    ZP  7    AP  14


             170Tm     169Tm     168Tm     167Tm     166Tm  
 SIG        0.000E+00 0.000E+00 0.000E+00 0.000E+00 0.000E+00
 B-G               0         0         0         0         0
  R-N           7947      8093      6743      7145      7366
 BR-P            526       570       647       758       849
 BR-A            344       361       400       457       496
 BR-F           1111       818      1723      1317       997
 SIGF       0.267E-01 0.569E-01 0.829E+00 0.112E+01 0.110E+01
 TOTAL      0.240E+00 0.695E+00 0.481E+01 0.850E+01 0.110E+02
 EXCP          212.2     199.7     224.6     214.1     199.8
 SPINP          40.6      37.9      43.1      41.0      38.5
 EXCF          213.6     201.4     227.5     215.9     201.6
 SPINF          58.1      58.8      56.1      55.8      55.5
 DJN           -0.89     -0.85     -0.91     -0.89     -0.85
 DJP           -0.88     -0.84     -0.91     -0.88     -0.85
 DJA           -2.70     -2.63     -2.76     -2.70     -2.63
 AV.E N         6.01      5.85      6.18      6.06      5.89
 AV.E P        13.64     13.48     13.85     13.72     13.55
 AV.E A        23.19     23.00     23.43     23.28     23.08
 SUM GAM         0.0       0.0       0.0       0.0       0.0
 SPIN GAM        0.0       0.0       0.0       0.0       0.0

 TRIM       0.477E-07 0.160E-06 0.000E+00 0.316E-06 0.405E-06
 FLOST      0.000E+00 0.111E-14 0.220E+00 0.217E-05 0.246E-01
 RP         0.000E+00 0.000E+00 0.000E+00 0.000E+00 0.000E+00
 RLOSTG     0.264E-09 0.238E-08 0.680E-04 0.767E-04 0.556E-04
 RLOSTN     0.129E-02 0.803E-02 0.197E+00 0.224E+00 0.238E+00
 RLOSTP     0.214E-03 0.146E-02 0.220E-01 0.292E-01 0.464E-01
 RLOSTA     0.235E-03 0.143E-02 0.155E-01 0.211E-01 0.362E-01
 TIME              0         0         0         0         0

 STORAGE
  1.  1.  3.  3.  3.
  0.  0.  2.  2.  2.
  169.   68.   0.0010    21     1    25    25    35    12    12    20
 DEL     1.0     0.1     4.0    12.0     0.0
 TRANSM  APAR,ZPAR,SIGLOW,UNIT,DEL 169.0  68.0  0.10E-02  21     0.1     4.0    12.0
 SEQIN:PAIR,DELT,CST   4  11.00   1.160 AL=  20.21  20.11  20.11  19.82  23.17 DELTA= -0.72  0.00 -1.21 -0.75 -0.72
 AF/AN=   1.100   BS,BK=   1.2848   1.5195 DPBAR=  33.84 A= 169. Z=  68. Y=   0.429
 SHELL CORRECTIONS        -2.7    -2.6    -2.5    -2.5     0.0
1 NEW ROW

 GRIDS  NROW,NSTEP   5   1
 SUMN,SUMLOW    0.0000E+00    0.0000E+00
 GOT POPP FROM UNIT  11      SUMP  0.1264E-01   M,N,EXMAX  53  76   226.1     169Er      CN= 173Hf  
 SUMPOP FLOST,SUM,EXMAX,M,N  0.0000E+00  0.1264E-01  226.09  53  76
 SUMPOP FLOST,SUM,EXMAX,M,N  0.0000E+00  0.1264E-01  226.09  53  76
 CUTOFF   NSTEP,TOTAL,TRIM,TRIMJ,TRIME,TRIMLEV   1  0.1264E-01  0.2419E-09  0.0000E+00  0.2419E-09  0.0000E+00
          ICUT,AMX,ALEVEL,IAGAIN  18  0.4519E-04  0.2155E-10  21    CUT,PRCNT  0.100E-06  0.100E+01  M1,N1=  49  70
 CUTOFF OLD,NEW M1  49  58
 DIMENSIONS  58  70   222.1  54  75   216.0  54  75   209.9  54  75   210.4
 DENSTY: JSHAP= 49    JBAR= 96        72.5     9.4
 EVA M1,N1=    58    70
 NOP,NOA,NOF,NOG,KE2MX= 0 0 0 016  NOLEP,NOLJI,NOLJF,JFJI= 1 1 1 1

 EVA  M1*N1  4060    ZEROS     2    CUTS   200    CUTPOP  0.1077E-10    SUM CUTS  0.3229E-09
 LOSS BELOW YRAST LINE  0.0000E+00
 EVA-,STEP  1
 SEQOUT NROW,NSTEP   5   1         PARENT 169Er      ELAB   309.0    EXCIT   272.7

 SUMP,SUMLOW    0.5055E-03    0.0000E+00
 WROTE POPP ON UNIT  10               168Ho  
 SUMA,SUMLOW    0.3463E-03    0.0000E+00
 WROTE POPA ON UNIT  12               165Dy  
 TOTAL    0.1264E-01
 FLOST(SUMPOP),TRIM(CUTOFF),RLOST(POPUL),RP 
   0.0000E+00   0.5648E-09   0.5198E-10   0.1904E-03   0.2175E-04   0.2224E-04   0.0000E+00

 J SPECTRUM OF PARENT 169Er  
    AVERAGE=  36.094    SUM=   0.126E-01
    0.00      6     19     33     46     59     71     85     97    109    119
   10.00    739    173    180    186    191    195    198    200    201    201
   20.00    200    198    194    190    185    179    173    166    158    150
   30.00    141    133    124    115    106     97     89     81     75     69
   40.00     64     59     54     51     48     45     43     41     41     41
   50.00     42     44     48     52     59     68     80     96    116    141
   60.00    170    206    247    290    334    377    417    456    306      0

 J SPECTRUM OF FISS   169Er  
    AVERAGE=  59.189    SUM=   0.488E-03
    0.00      0      1      2      3      3      4      5      6      7      8
   10.00     56     14     15     16     17     18     19     20     21     22
   20.00     23     24     25     25     26     27     28     29     30     31
   30.00     31     32     32     32     33     33     33     33     33     34
   40.00     34     35     35     36     37     38     39     42     45     49
   50.00     55     63     73     86    103    128    160    202    256    323
   60.00    406    507    625    747    872    993   1105   1211    813      0

 E SPECTRUM OF PARENT 169Er  
    AVERAGE= 192.926    SUM=   0.126E-01
  165.09      0      0      0      0      0      0      0      0      0     50
  175.09     62     76     91    109    129    152    177    203    232    262
  185.09    293    324    354    384    411    436    457    472    483    487
  195.09    485    476    460    437    408    374    335    294    251    209
  205.09    169    132    100     73     51     33     21     12      7      3
  215.09      1      0      0      0      0      0      0      0

 DJN SPEC
    AVERAGE=  -0.857    SUM=   0.111E-01
   -1.00   8565   1434      0      0      0      0      0      0      0      0

 DJP SPEC
    AVERAGE=  -0.845    SUM=   0.506E-03
   -1.00   8448   1551      0      0      0      0      0      0      0      0

 DJA SPEC
    AVERAGE=  -2.632    SUM=   0.346E-03
   -9.00      0      0      0      0      0      0   7839    875   1051    233

   N   M   EXMAX  AV.EX. NW  MW  EXMAXW      Q      AL   DELTA     AVJ      DJ        TOTAL  BRANCH
  70  58   222.1   192.9  72  34   164.1    0.00   20.21   -0.72   36.09    0.00     0.126E-01 10000    
  75  54   216.0   181.4  80  31   159.0   -6.00   20.11    0.00   34.43    1.67     0.111E-01  8754   N
  75  54   209.9   172.7  80  31   152.9   -8.15   20.11   -1.21   32.68    3.42     0.506E-03   400   P
  75  54   210.4   172.0  80  62   153.4    0.27   19.82   -0.75   33.71    2.38     0.346E-03   274   A
                   194.9  70  35   165.1  -36.05   23.17   -0.72   59.19             0.488E-03   386   F
                                                                                     0.000E+00     0   G

 SPECTRA N,P,A  AVE    5.75   13.25   22.63         SUMS  0.1123E-01  0.5271E-03  0.3686E-03
 SEQIN:PAIR,DELT,CST   4  11.00   1.160 AL=  20.11  20.01  20.01  19.72  23.07 DELTA=  0.00 -0.76 -0.78  0.00  0.00
 AF/AN=   1.100   BS,BK=   1.2848   1.5195 DPBAR=  33.56 A= 168. Z=  68. Y=   0.429
 SHELL CORRECTIONS        -2.6    -2.4    -2.6    -2.5     0.0

 GRIDS  NROW,NSTEP   5   2
 SUMN,SUMLOW    0.1107E-01    0.0000E+00
 GOT POPP FROM UNIT  11      SUMP  0.3963E-01   M,N,EXMAX  54  75   218.0     168Er      CN= 173Hf  
 SUMPOP FLOST,SUM,EXMAX,M,N -0.5551E-16  0.5069E-01  217.99  56  73  0.3963E-01  217.99  54  75  0.1107E-01  215.99  54  75  0 -2
 SUMPOP FLOST,SUM,EXMAX,M,N  0.0000E+00  0.5069E-01  217.99  56  73
 CUTOFF   NSTEP,TOTAL,TRIM,TRIMJ,TRIME,TRIMLEV   2  0.5069E-01  0.3101E-08  0.0000E+00  0.3101E-08  0.0000E+00
          ICUT,AMX,ALEVEL,IAGAIN  18  0.2320E-03  0.1106E-09  21    CUT,PRCNT  0.100E-06  0.100E+01  M1,N1=  51  69
 CUTOFF OLD,NEW M1  51  59
 DIMENSIONS  59  69   213.0  55  74   205.1  55  74   201.0  55  74   201.5
 DENSTY: JSHAP= 49    JBAR= 95        72.0     9.2
 EVA M1,N1=    59    69
 NOP,NOA,NOF,NOG,KE2MX= 0 0 0 016  NOLEP,NOLJI,NOLJF,JFJI= 1 1 1 1

 EVA  M1*N1  4071    ZEROS     2    CUTS   127    CUTPOP  0.5531E-10    SUM CUTS  0.1474E-08
 LOSS BELOW YRAST LINE  0.0000E+00
 EVA-,STEP  2
 SEQOUT NROW,NSTEP   5   2         PARENT 168Er      ELAB   309.0    EXCIT   272.7

 SUMP,SUMLOW    0.2151E-02    0.0000E+00
 WROTE POPP ON UNIT  10               167Ho  
 SUMA,SUMLOW    0.1437E-02    0.0000E+00
 WROTE POPA ON UNIT  12               164Dy  
 TOTAL    0.5069E-01
 FLOST(SUMPOP),TRIM(CUTOFF),RLOST(POPUL),RP 
  -0.5551E-16   0.4576E-08   0.3220E-09   0.9302E-03   0.1180E-03   0.1164E-03   0.0000E+00

 J SPECTRUM OF PARENT 168Er  
    AVERAGE=  33.938    SUM=   0.507E-01
    0.00      7     22     36     51     65     79     95    108    120    132
   10.00   1003    197    203    208    212    214    216    216    214    212
   20.00    209    204    199    192    184    176    168    159    150    140
   30.00    130    120    110    100     91     82     74     67     61     56
   40.00     51     47     43     40     37     35     34     33     33     33
   50.00     35     37     41     47     54     65     78     96    119    148
   60.00    183    225    272    321    371    420    468    318      0

 J SPECTRUM OF FISS   168Er  
    AVERAGE=  59.384    SUM=   0.155E-02
    0.00      0      1      2      2      3      4      5      6      7      8
   10.00     64     13     14     15     15     16     17     18     19     19
   20.00     20     21     21     22     23     23     24     24     25     25
   30.00     25     25     25     25     25     25     25     25     25     25
   40.00     25     26     26     26     27     28     30     32     35     40
   50.00     45     53     63     78     98    126    164    214    280    364
   60.00    472    605    757    918   1084   1248   1409    970      1

 E SPECTRUM OF PARENT 168Er  
    AVERAGE= 181.582    SUM=   0.507E-01
  154.99      0      0      0      0      0      0      0      0     12     16
  164.99    101    121    143    164    187    212    237    264    291    318
  174.99    344    369    392    413    430    444    453    457    456    450
  184.99    438    421    399    373    343    310    275    240    205    171
  194.99    139    110     85     64     46     32     21     14      8      5
  204.99      2      1      0      0      0      0      0      0      0

 DJN SPEC
    AVERAGE=  -0.823    SUM=   0.444E-01
   -1.00   8232   1767      0      0      0      0      0      0      0      0

 DJP SPEC
    AVERAGE=  -0.810    SUM=   0.215E-02
   -1.00   8096   1903      0      0      0      0      0      0      0      0

 DJA SPEC
    AVERAGE=  -2.559    SUM=   0.144E-02
   -9.00      0      0      0      0      0      0   7434    974   1332    257

   N   M   EXMAX  AV.EX. NW  MW  EXMAXW      Q      AL   DELTA     AVJ      DJ        TOTAL  BRANCH
  69  59   213.0   181.6  71  35   154.0    0.00   20.11    0.00   33.94    0.00     0.507E-01 10000    
  74  55   205.1   168.5  80  31   147.1   -7.77   20.01   -0.76   32.45    1.49     0.444E-01  8757   N
  74  55   201.0   161.9  80  31   143.0   -8.00   20.01   -0.78   30.70    3.24     0.215E-02   424   P
  74  55   201.5   161.4  80  62   143.5    0.55   19.72    0.00   31.88    2.05     0.144E-02   284   A
                   183.9  69  36   155.0  -35.68   23.07    0.00   59.38             0.155E-02   305   F
                                                                                     0.000E+00     0   G

 SPECTRA N,P,A  AVE    5.59   13.08   22.43         SUMS  0.4520E-01  0.2268E-02  0.1554E-02
 SEQIN:PAIR,DELT,CST   4  11.00   1.160 AL=  20.01  19.92  19.92  19.62  22.96 DELTA= -0.76  0.00 -1.27 -0.79 -0.76
 AF/AN=   1.100   BS,BK=   1.2848   1.5194 DPBAR=  33.26 A= 167. Z=  68. Y=   0.429
 SHELL CORRECTIONS        -2.4    -2.2    -2.3    -2.2     0.0

 GRIDS  NROW,NSTEP   5   3
 SUMN,SUMLOW    0.4439E-01    0.0000E+00
 GOT POPP FROM UNIT  11      SUMP  0.3113E+00   M,N,EXMAX  55  74   231.6     167Er      CN= 173Hf  
 SUMPOP FLOST,SUM,EXMAX,M,N  0.1411E-01  0.3416E+00  223.61  60  68  0.3113E+00  231.61  55  74  0.4439E-01  205.12  55  74  7-18
 GOT POPA FROM UNIT  13      SUMA  0.1808E+01   M,N,EXMAX  54  75   226.0     165Tm  
 SUMPOP FLOST,SUM,EXMAX,M,N  0.2876E-11  0.2149E+01  224.03  60  68  0.3416E+00  223.61  60  68  0.1808E+01  226.03  54  75  0  1
 CUTOFF   NSTEP,TOTAL,TRIM,TRIMJ,TRIME,TRIMLEV   3  0.2149E+01  0.1017E-06  0.0000E+00  0.0000E+00  0.1017E-06
          ICUT,AMX,ALEVEL,IAGAIN   2  0.7721E-02  0.5891E-07  17    CUT,PRCNT  0.100E-06  0.100E+01  M1,N1=  60  68
 DIMENSIONS  60  68   224.0  56  73   217.5  56  73   212.5  56  73   212.7
 DENSTY: JSHAP= 49    JBAR= 94        71.5     9.0
 EVA M1,N1=    60    68
 NOP,NOA,NOF,NOG,KE2MX= 0 0 0 016  NOLEP,NOLJI,NOLJF,JFJI= 1 1 1 1

 EVA  M1*N1  4080    ZEROS     0    CUTS     0    CUTPOP  0.1075E-07    SUM CUTS  0.0000E+00
 LOSS BELOW YRAST LINE  0.0000E+00
 EVA-,STEP  3
 SEQOUT NROW,NSTEP   5   3         PARENT 167Er      ELAB   309.0    EXCIT   272.7

 SUMP,SUMLOW    0.1043E+00    0.0000E+00
 WROTE POPP ON UNIT  10               166Ho  
 SUMA,SUMLOW    0.6654E-01    0.0000E+00
 WROTE POPA ON UNIT  12               163Dy  
 TOTAL    0.2149E+01
 FLOST(SUMPOP),TRIM(CUTOFF),RLOST(POPUL),RP 
   0.1411E-01   0.1017E-06   0.5341E-05   0.9725E-01   0.1228E-01   0.1046E-01   0.0000E+00

 J SPECTRUM OF PARENT 167Er  
    AVERAGE=  36.499    SUM=   0.215E+01
    0.00      7     22     36     51     65    160     96    108    120    839
   10.00    219    192    197    358    193    194    193    190    187    182
   20.00    176    169    160    151    142    133    123    113    103     93
   30.00     84     75     67     59     52     46     41     37     33     30
   40.00     27     25     23     21     20     19     19     19     20     21
   50.00     23     27     32     39     50     65     88    120    164    225
   60.00    306    406    524    655    794    612     79     48

 J SPECTRUM OF FISS   167Er  
    AVERAGE=  59.128    SUM=   0.123E+00
    0.00      0      1      2      2      3      9      5      6      7     51
   10.00     15     14     15     25     15     15     16     17     17     18
   20.00     18     18     19     19     19     19     19     19     19     19
   30.00     19     18     18     18     17     17     17     17     16     17
   40.00     17     17     17     17     18     19     20     22     25     29
   50.00     33     40     50     65     87    119    165    232    328    462
   60.00    643    872   1140   1435   1748   1366    226    139

 E SPECTRUM OF PARENT 167Er  
    AVERAGE= 191.127    SUM=   0.215E+01
  165.03      8      8      8      8      9      9      8    108    123    138
  175.03    155    173    199    218    238    258    277    296    314    330
  185.03    346    359    369    377    381    381    378    371    360    346
  195.03    328    307    285    260    236    211    188    166    146    129
  205.03    115    104     95     89     84     81     78     75     71     67
  215.03     61     55     48     40     32     25     18     12      8      4

 DJN SPEC
    AVERAGE=  -0.819    SUM=   0.174E+01
   -1.00   8191   1808      0      0      0      0      0      0      0      0

 DJP SPEC
    AVERAGE=  -0.808    SUM=   0.104E+00
   -1.00   8082   1917      0      0      0      0      0      0      0      0

 DJA SPEC
    AVERAGE=  -2.542    SUM=   0.665E-01
   -9.00      0      0      0      0      0      0   7344   1071   1244    338

   N   M   EXMAX  AV.EX. NW  MW  EXMAXW      Q      AL   DELTA     AVJ      DJ        TOTAL  BRANCH
  68  60   224.0   191.1  70  35   164.0    0.00   20.01   -0.76   36.50    0.00     0.215E+01 10000    
  73  56   217.5   179.8  79  31   158.5   -6.44   19.92    0.00   34.59    1.91     0.174E+01  8076   N
  73  56   212.5   173.0  79  31   153.5   -7.51   19.92   -1.27   33.05    3.45     0.104E+00   485   P
  73  56   212.7   172.3  80  62   153.7    0.67   19.62   -0.79   34.63    1.87     0.665E-01   310   A
                   194.6  68  36   165.0  -35.17   22.96   -0.76   59.13             0.123E+00   571   F
                                                                                     0.000E+00     0   G

 SPECTRA N,P,A  AVE    5.74   13.25   22.62         SUMS  0.1828E+01  0.1166E+00  0.7700E-01
 SEQIN:PAIR,DELT,CST   4  11.00   1.160 AL=  19.92  19.82  19.82  19.52  22.85 DELTA=  0.00 -1.01 -0.82  0.00  0.00
 AF/AN=   1.100   BS,BK=   1.2848   1.5194 DPBAR=  32.95 A= 166. Z=  68. Y=   0.429
 SHELL CORRECTIONS        -2.2    -1.9    -2.3    -1.9     0.0

 GRIDS  NROW,NSTEP   5   4
 SUMN,SUMLOW    0.1736E+01    0.0000E+00
 GOT POPP FROM UNIT  11      SUMP  0.6438E+00   M,N,EXMAX  55  74   229.1     166Er      CN= 173Hf  
 SUMPOP FLOST,SUM,EXMAX,M,N  0.2586E-01  0.2354E+01  222.07  60  68  0.6438E+00  229.07  55  74  0.1736E+01  217.49  56  73  6 -5
 GOT POPA FROM UNIT  13      SUMA  0.1445E+01   M,N,EXMAX  55  74   214.8     164Tm  
 SUMPOP FLOST,SUM,EXMAX,M,N  0.1915E-05  0.3799E+01  220.07  60  68  0.2354E+01  222.07  60  68  0.1445E+01  214.83  55  74  1 -5
 CUTOFF   NSTEP,TOTAL,TRIM,TRIMJ,TRIME,TRIMLEV   4  0.3799E+01  0.5536E-07  0.0000E+00  0.0000E+00  0.5536E-07
          ICUT,AMX,ALEVEL,IAGAIN  12  0.1500E-01  0.1430E-07  20    CUT,PRCNT  0.100E-06  0.100E+01  M1,N1=  60  68
 DIMENSIONS  60  68   220.1  56  73   211.5  56  73   208.8  56  73   208.9
 DENSTY: JSHAP= 48    JBAR= 93        70.5     9.0
 EVA M1,N1=    60    68
 NOP,NOA,NOF,NOG,KE2MX= 0 0 0 016  NOLEP,NOLJI,NOLJF,JFJI= 1 1 1 1

 EVA  M1*N1  4080    ZEROS     3    CUTS    15    CUTPOP  0.7152E-08    SUM CUTS  0.1884E-07
 LOSS BELOW YRAST LINE  0.0000E+00
 EVA-,STEP  4
 SEQOUT NROW,NSTEP   5   4         PARENT 166Er      ELAB   309.0    EXCIT   272.7

 SUMP,SUMLOW    0.1574E+00    0.0000E+00
 WROTE POPP ON UNIT  10               165Ho  
 SUMA,SUMLOW    0.9548E-01    0.0000E+00
 WROTE POPA ON UNIT  12               162Dy  
 TOTAL    0.3799E+01
 FLOST(SUMPOP),TRIM(CUTOFF),RLOST(POPUL),RP 
   0.2586E-01   0.7420E-07   0.1986E-03   0.6977E+00   0.6817E-01   0.5045E-01   0.0000E+00

 J SPECTRUM OF PARENT 166Er  
    AVERAGE=  34.413    SUM=   0.380E+01
    0.00      7     23     39     54     69    172    103    116    129    951
   10.00    354    212    289    289    204    203    201    197    192    185
   20.00    177    169    159    150    139    129    119    108     98     88
   30.00     79     70     62     55     49     43     39     34     31     28
   40.00     25     23     22     20     19     19     19     19     20     22
   50.00     24     29     35     44     57     76    103    141    195    267
   60.00    359    470    597    736    592    130     86      0

 J SPECTRUM OF FISS   166Er  
    AVERAGE=  58.503    SUM=   0.161E+00
    0.00      0      1      2      2      3      9      5      6      7     51
   10.00     25     15     19     19     15     15     16     17     17     17
   20.00     18     18     18     18     19     19     19     19     18     18
   30.00     18     18     17     17     17     17     16     16     16     17
   40.00     17     17     17     18     19     20     21     24     27     31
   50.00     37     46     59     77    105    146    205    290    413    583
   60.00    806   1082   1397   1745   1456    417    278      0

 E SPECTRUM OF PARENT 166Er  
    AVERAGE= 180.266    SUM=   0.380E+01
  161.07     73    162    184    202    219    237    255    271    287    301
  171.07    313    324    339    346    350    351    350    346    340    330
  181.07    319    305    290    274    257    239    222    206    191    178
  191.07    165    155    146    138    132    126    121    116    110    104
  201.07     97     89     80     71     61     51     42     33     25     18
  211.07     13      8      5      3      1      0      0      0      0      0

 DJN SPEC
    AVERAGE=  -0.799    SUM=   0.257E+01
   -1.00   7986   2013      0      0      0      0      0      0      0      0

 DJP SPEC
    AVERAGE=  -0.791    SUM=   0.157E+00
   -1.00   7912   2087      0      0      0      0      0      0      0      0

 DJA SPEC
    AVERAGE=  -2.517    SUM=   0.955E-01
   -9.00      0      0      0      0      0      0   7221   1061   1378    338

   N   M   EXMAX  AV.EX. NW  MW  EXMAXW      Q      AL   DELTA     AVJ      DJ        TOTAL  BRANCH
  68  60   220.1   180.3  70  35   160.1    0.00   19.92    0.00   34.41    0.00     0.380E+01 10000    
  73  56   211.5   169.9  79  31   152.5   -8.48   19.82   -1.01   33.39    1.02     0.257E+01  6760   N
  73  56   208.8   166.2  79  31   149.8   -7.32   19.82   -0.82   32.07    2.34     0.157E+00   414   P
  73  56   208.9   165.8  80  62   149.9    0.83   19.52    0.00   33.67    0.74     0.955E-01   251   A
                   184.3  68  36   161.1  -34.66   22.85    0.00   58.50             0.161E+00   425   F
                                                                                     0.000E+00     0   G

 SPECTRA N,P,A  AVE    5.58   13.09   22.44         SUMS  0.3257E+01  0.2255E+00  0.1459E+00
 SEQIN:PAIR,DELT,CST   4  11.00   1.160 AL=  19.82  19.72  19.72  19.42  22.74 DELTA= -1.01  0.00 -1.49 -0.97 -1.01
 AF/AN=   1.100   BS,BK=   1.2848   1.5193 DPBAR=  32.62 A= 165. Z=  68. Y=   0.429
 SHELL CORRECTIONS        -1.9    -1.6    -1.9    -1.7     0.0

 GRIDS  NROW,NSTEP   5   5
 SUMN,SUMLOW    0.2568E+01    0.0000E+00
 GOT POPP FROM UNIT  11      SUMP  0.9348E+00   M,N,EXMAX  56  73   219.5     165Er      CN= 173Hf  
 SUMPOP FLOST,SUM,EXMAX,M,N  0.8506E-10  0.3503E+01  216.50  61  67  0.9348E+00  219.50  56  73  0.2568E+01  211.49  56  73  2 -5
 GOT POPA FROM UNIT  13      SUMA  0.1497E+00   M,N,EXMAX  53  77   240.6     167Er  
 SUMPOP FLOST,SUM,EXMAX,M,N  0.3012E-01  0.3623E+01  216.61  61  67  0.3503E+01  216.50  61  67  0.1497E+00  240.61  53  77  0 23
 CUTOFF   NSTEP,TOTAL,TRIM,TRIMJ,TRIME,TRIMLEV   5  0.3623E+01  0.1994E-06  0.0000E+00  0.0000E+00  0.1994E-06
          ICUT,AMX,ALEVEL,IAGAIN   3  0.1282E-01  0.9785E-07  17    CUT,PRCNT  0.100E-06  0.100E+01  M1,N1=  61  67
 DIMENSIONS  61  67   216.6  56  72   209.9  56  72   205.8  56  72   205.7
 DENSTY: JSHAP= 48    JBAR= 93        70.5     9.0
 EVA M1,N1=    61    67
 NOP,NOA,NOF,NOG,KE2MX= 0 0 0 016  NOLEP,NOLJI,NOLJF,JFJI= 1 1 1 1

 EVA  M1*N1  4087    ZEROS     0    CUTS     0    CUTPOP  0.1811E-07    SUM CUTS  0.0000E+00
 LOSS BELOW YRAST LINE  0.0000E+00
 EVA-,STEP  5
 SEQOUT NROW,NSTEP   5   5         PARENT 165Er      ELAB   309.0    EXCIT   272.7

 SUMP,SUMLOW    0.1457E+00    0.0000E+00
 WROTE POPP ON UNIT  10               164Ho  
 SUMA,SUMLOW    0.8543E-01    0.0000E+00
 WROTE POPA ON UNIT  12               161Dy  
 TOTAL    0.3623E+01
 FLOST(SUMPOP),TRIM(CUTOFF),RLOST(POPUL),RP 
   0.3012E-01   0.1994E-06   0.3444E-03   0.9832E+00   0.9778E-01   0.6759E-01   0.0000E+00

 J SPECTRUM OF PARENT 165Er  
    AVERAGE=  33.949    SUM=   0.362E+01
    0.00      7     22     37     52     66    164     98    111    123    784
   10.00    597    267    264    205    201    200    198    194    189    183
   20.00    176    169    160    151    142    132    122    113    103     94
   30.00     85     77     69     62     55     50     45     41     37     34
   40.00     31     29     27     26     25     24     24     25     27     29
   50.00     33     38     46     58     75     98    131    176    237    314
   60.00    407    514    631    562    278    199     21

 J SPECTRUM OF FISS   165Er  
    AVERAGE=  58.028    SUM=   0.161E+00
    0.00      0      1      1      2      3      8      5      5      6     37
   10.00     36     16     16     14     14     14     15     16     16     17
   20.00     17     17     18     18     18     19     19     19     19     19
   30.00     19     19     19     19     19     19     19     19     19     19
   40.00     20     20     21     21     23     24     26     30     34     40
   50.00     48     59     76    100    136    187    259    361    503    689
   60.00    925   1204   1514   1434    868    637     93

 E SPECTRUM OF PARENT 165Er  
    AVERAGE= 174.363    SUM=   0.362E+01
  156.61    274    284    292    299    304    307    307    328    327    324
  166.61    320    315    309    302    295    287    279    271    264    258
  176.61    252    246    241    236    232    227    221    215    207    199
  186.61    189    178    165    151    137    122    106     91     77     64
  196.61     52     42     33     27     22     19     17     16     16     16
  206.61     17     18     19     20     20     21     21     20     19     18
  216.61     16

 DJN SPEC
    AVERAGE=  -0.803    SUM=   0.208E+01
   -1.00   8034   1965      0      0      0      0      0      0      0      0

 DJP SPEC
    AVERAGE=  -0.799    SUM=   0.146E+00
   -1.00   7992   2007      0      0      0      0      0      0      0      0

 DJA SPEC
    AVERAGE=  -2.542    SUM=   0.854E-01
   -9.00      0      0      0      0      0      0   7373    976   1341    307

   N   M   EXMAX  AV.EX. NW  MW  EXMAXW      Q      AL   DELTA     AVJ      DJ        TOTAL  BRANCH
  67  61   216.6   174.4  69  36   155.6    0.00   19.82   -1.01   33.95    0.00     0.362E+01 10000    
  72  56   209.9   168.1  78  32   149.9   -6.65   19.72    0.00   33.00    0.95     0.208E+01  5746   N
  72  56   205.8   163.4  78  32   145.8   -6.83   19.72   -1.49   31.76    2.19     0.146E+00   402   P
  72  56   205.7   162.8  80  62   145.7    1.11   19.42   -0.97   33.11    0.84     0.854E-01   236   A
                   179.3  67  37   156.6  -34.04   22.74   -1.01   58.03             0.161E+00   444   F
                                                                                     0.000E+00     0   G

 SPECTRA N,P,A  AVE    5.52   13.03   22.37         SUMS  0.3056E+01  0.2434E+00  0.1530E+00
1    ROW  5      ELEMENT Er      X-SECTION   0.000E+00
(14)N+(159)Tb -> (173)Hf                                                
 ELAB(MEV)  309.000     Q-VALUE  -11.257    EXCIT  272.737
 SIGFUS,SIGEVA,SIGFIS,SIGMXZ  0.9476E+03  0.0000E+00  0.8573E+03  0.0000E+00
 ZT= 65    AT 159    ZP  7    AP  14


             169Er     168Er     167Er     166Er     165Er  
 SIG        0.000E+00 0.000E+00 0.000E+00 0.000E+00 0.000E+00
 B-G               0         0         0         0         0
  R-N           8754      8757      8076      6760      5746
 BR-P            400       424       485       414       402
 BR-A            274       284       310       251       236
 BR-F            386       305       571       425       444
 SIGF       0.488E-03 0.155E-02 0.123E+00 0.161E+00 0.161E+00
 TOTAL      0.126E-01 0.507E-01 0.215E+01 0.380E+01 0.362E+01
 EXCP          192.9     181.6     191.1     180.3     174.4
 SPINP          36.1      33.9      36.5      34.4      33.9
 EXCF          194.9     183.9     194.6     184.3     179.3
 SPINF          59.2      59.4      59.1      58.5      58.0
 DJN           -0.86     -0.82     -0.82     -0.80     -0.80
 DJP           -0.84     -0.81     -0.81     -0.79     -0.80
 DJA           -2.63     -2.56     -2.54     -2.52     -2.54
 AV.E N         5.75      5.59      5.74      5.58      5.52
 AV.E P        13.25     13.08     13.25     13.09     13.03
 AV.E A        22.63     22.43     22.62     22.44     22.37
 SUM GAM         0.0       0.0       0.0       0.0       0.0
 SPIN GAM        0.0       0.0       0.0       0.0       0.0

 TRIM       0.565E-09 0.458E-08 0.102E-06 0.742E-07 0.199E-06
 FLOST      0.000E+00-0.555E-16 0.141E-01 0.259E-01 0.301E-01
 RP         0.000E+00 0.000E+00 0.000E+00 0.000E+00 0.000E+00
 RLOSTG     0.520E-10 0.322E-09 0.534E-05 0.199E-03 0.344E-03
 RLOSTN     0.190E-03 0.930E-03 0.972E-01 0.698E+00 0.983E+00
 RLOSTP     0.218E-04 0.118E-03 0.123E-01 0.682E-01 0.978E-01
 RLOSTA     0.222E-04 0.116E-03 0.105E-01 0.505E-01 0.676E-01
 TIME              0         0         0         0         0

 STORAGE
  1.  1.  3.  3.  3.
  0.  0.  2.  2.  2.
1     ENERGY   309.000     0.000

 HIVAP  ENGOUT

(14)N+(159)Tb -> (173)Hf                                                
    ELAB=   309.0      EXCIT=   272.7      CN= 173Hf  
    FUSION X-SECT=  0.9476E+03      LCRIT=  72.0
    EVAP SO FAR  0.0000E+00      FISSION  0.8573E+03

 MASS DISTRIBUTION
        3           2           1           0           9                 8           7           6           5           4
 173  0.0000E+00  0.0000E+00  0.0000E+00  0.0000E+00  0.0000E+00        0.0000E+00  0.0000E+00  0.0000E+00  0.0000E+00  0.0000E+00

 Z-DISTIBUTION
    Er         Tm         Yb         Lu         Hf  
  0.000E+00  0.000E+00  0.000E+00  0.000E+00  0.000E+00

  CROSS SECTIONS (MB)
  169Hf      170Hf      171Hf      172Hf      173Hf  
  0.000E+00  0.000E+00  0.000E+00  0.000E+00  0.000E+00
  168Lu      169Lu      170Lu      171Lu      172Lu  
  0.000E+00  0.000E+00  0.000E+00  0.000E+00  0.000E+00
  167Yb      168Yb      169Yb      170Yb      171Yb  
  0.000E+00  0.000E+00  0.000E+00  0.000E+00  0.000E+00
  166Tm      167Tm      168Tm      169Tm      170Tm  
  0.000E+00  0.000E+00  0.000E+00  0.000E+00  0.000E+00
  165Er      166Er      167Er      168Er      169Er  
  0.000E+00  0.000E+00  0.000E+00  0.000E+00  0.000E+00

 HALFLIFE FIRST STEP IN UNITS OF 10**(-22) SEC AS FUNTION OF J
   0.230E+01   0.176E+01   0.175E+01   0.175E+01   0.175E+01   0.174E+01   0.174E+01   0.173E+01   0.172E+01   0.171E+01
   0.170E+01   0.174E+01   0.171E+01   0.168E+01   0.165E+01   0.163E+01   0.160E+01   0.157E+01   0.153E+01   0.150E+01
   0.147E+01   0.143E+01   0.140E+01   0.136E+01   0.132E+01   0.129E+01   0.125E+01   0.121E+01   0.116E+01   0.112E+01
   0.108E+01   0.104E+01   0.100E+01   0.961E+00   0.920E+00   0.880E+00   0.840E+00   0.801E+00   0.764E+00   0.727E+00
   0.692E+00   0.662E+00   0.636E+00   0.613E+00   0.592E+00   0.573E+00   0.557E+00   0.543E+00   0.533E+00   0.526E+00
   0.523E+00   0.525E+00   0.532E+00   0.544E+00   0.561E+00   0.586E+00   0.619E+00   0.661E+00   0.715E+00   0.781E+00
   0.860E+00   0.951E+00   0.106E+01   0.117E+01   0.129E+01   0.143E+01   0.157E+01   0.171E+01   0.184E+01   0.195E+01
   0.206E+01   0.216E+01   0.225E+01   0.232E+01   0.000E+00   0.000E+00   0.000E+00   0.000E+00   0.000E+00   0.000E+00

 HIVAP  CASOUT

(14)N+(159)Tb -> (173)Hf                                                


     E_lab  A*MeV   E*/MeV     SI_fus      SI_VR     SI_Spalt  L_krit     b_Spalt

   309.000   22.07   272.7  0.9476E+03  0.0000E+00  0.8573E+03    72.0       90.46
   309.000   22.07   272.7  0.9476E+03  0.0000E+00  0.8573E+03    72.0       90.46
   309.000   22.07   272.7  0.9476E+03  0.0000E+00  0.8573E+03    72.0       90.46
   309.000   22.07   272.7  0.9476E+03  0.0000E+00  0.8573E+03    72.0       90.46
   309.000   22.07   272.7  0.9476E+03  0.0000E+00  0.8573E+03    72.0       90.46
   309.000   22.07   272.7  0.9476E+03  0.0000E+00  0.8573E+03    72.0       90.46
   309.000   22.07   272.7  0.9476E+03  0.0000E+00  0.8573E+03    72.0       90.46

     Querschnitte / mbarn

  E*/MeV   169Hf     170Hf     171Hf     172Hf     173Hf  
   272.7 0.000E+00 0.000E+00 0.000E+00 0.000E+00 0.000E+00
   272.7 0.000E+00 0.000E+00 0.000E+00 0.000E+00 0.000E+00
   272.7 0.000E+00 0.000E+00 0.000E+00 0.000E+00 0.000E+00
   272.7 0.000E+00 0.000E+00 0.000E+00 0.000E+00 0.000E+00
   272.7 0.000E+00 0.000E+00 0.000E+00 0.000E+00 0.000E+00
   272.7 0.000E+00 0.000E+00 0.000E+00 0.000E+00 0.000E+00
   272.7 0.000E+00 0.000E+00 0.000E+00 0.000E+00 0.000E+00

  E*/MeV   168Lu     169Lu     170Lu     171Lu     172Lu  
   272.7 0.000E+00 0.000E+00 0.000E+00 0.000E+00 0.000E+00
   272.7 0.000E+00 0.000E+00 0.000E+00 0.000E+00 0.000E+00
   272.7 0.000E+00 0.000E+00 0.000E+00 0.000E+00 0.000E+00
   272.7 0.000E+00 0.000E+00 0.000E+00 0.000E+00 0.000E+00
   272.7 0.000E+00 0.000E+00 0.000E+00 0.000E+00 0.000E+00
   272.7 0.000E+00 0.000E+00 0.000E+00 0.000E+00 0.000E+00
   272.7 0.000E+00 0.000E+00 0.000E+00 0.000E+00 0.000E+00

  E*/MeV   167Yb     168Yb     169Yb     170Yb     171Yb  
   272.7 0.000E+00 0.000E+00 0.000E+00 0.000E+00 0.000E+00
   272.7 0.000E+00 0.000E+00 0.000E+00 0.000E+00 0.000E+00
   272.7 0.000E+00 0.000E+00 0.000E+00 0.000E+00 0.000E+00
   272.7 0.000E+00 0.000E+00 0.000E+00 0.000E+00 0.000E+00
   272.7 0.000E+00 0.000E+00 0.000E+00 0.000E+00 0.000E+00
   272.7 0.000E+00 0.000E+00 0.000E+00 0.000E+00 0.000E+00
   272.7 0.000E+00 0.000E+00 0.000E+00 0.000E+00 0.000E+00

  E*/MeV   166Tm     167Tm     168Tm     169Tm     170Tm  
   272.7 0.000E+00 0.000E+00 0.000E+00 0.000E+00 0.000E+00
   272.7 0.000E+00 0.000E+00 0.000E+00 0.000E+00 0.000E+00
   272.7 0.000E+00 0.000E+00 0.000E+00 0.000E+00 0.000E+00
   272.7 0.000E+00 0.000E+00 0.000E+00 0.000E+00 0.000E+00
   272.7 0.000E+00 0.000E+00 0.000E+00 0.000E+00 0.000E+00
   272.7 0.000E+00 0.000E+00 0.000E+00 0.000E+00 0.000E+00
   272.7 0.000E+00 0.000E+00 0.000E+00 0.000E+00 0.000E+00

  E*/MeV   165Er     166Er     167Er     168Er     169Er  
   272.7 0.000E+00 0.000E+00 0.000E+00 0.000E+00 0.000E+00
   272.7 0.000E+00 0.000E+00 0.000E+00 0.000E+00 0.000E+00
   272.7 0.000E+00 0.000E+00 0.000E+00 0.000E+00 0.000E+00
   272.7 0.000E+00 0.000E+00 0.000E+00 0.000E+00 0.000E+00
   272.7 0.000E+00 0.000E+00 0.000E+00 0.000E+00 0.000E+00
   272.7 0.000E+00 0.000E+00 0.000E+00 0.000E+00 0.000E+00
   272.7 0.000E+00 0.000E+00 0.000E+00 0.000E+00 0.000E+00

 Z-Verteilung  
 E*/MeV     Er         Tm         Yb         Lu         Hf  

 Z und A Mittelwerte    
   E*/MeV     MW.Z  St.Abw.Z      MW.A  St.Abw.A
   272.7      0.00      0.00      0.00      0.00
   272.7      0.00      0.00      0.00      0.00
   272.7      0.00      0.00      0.00      0.00
   272.7      0.00      0.00      0.00      0.00
   272.7      0.00      0.00      0.00      0.00
   272.7      0.00      0.00      0.00      0.00
   272.7      0.00      0.00      0.00      0.00



 Ende HIVAP 
